canonical_entity,canonical_entity_id,source_sheet,source_row,source_record_id,entity_type,field_name,review_reason,source_url,resolution_needed
REVIEW_QUEUE,,,2,ALL-FMCS-RECORDS,fmcs_manufacturer,AIR,BIS does not publish the identity of the Authorized Indian Representative for an individual licence anywhere in the All FMCS list or on any linked public page. The scheme-level AIR requirement is recorded verbatim instead. Per-licence AIR name was NOT inferred.,https://www.services.bis.gov.in/php/BIS_2.0/fmcs/All_fmcs_list.php,Requires a BIS source that publishes AIR per licence; none found on official sources
REVIEW_QUEUE,,,3,ALL-FMCS-RECORDS,fmcs_manufacturer,fees,BIS does not publish the fee actually paid or assessed for an individual licence. Only the scheme-wide fee structure is public.,https://www.bis.gov.in/fmcs/fmcs-fee/?lang=en,Per-licence fee is not public information; leave as scheme-level
REVIEW_QUEUE,,,4,ALL-FMCS-RECORDS,fmcs_manufacturer,machinery_requirements,Product-specific and per-factory machinery is declared by the applicant in Form I and is not published by BIS. Only the scheme-level obligation is public.,https://www.bis.gov.in/fmcs/certification-process/who-can-apply/?lang=en,Would require the IS-specific Product Manual / Scheme of Inspection and Testing for each of the 423 IS numbers
REVIEW_QUEUE,,,5,ALL-FMCS-RECORDS,fmcs_manufacturer,testing_facilities,Product-specific test equipment is declared in Form II and is not published by BIS per licence.,https://www.bis.gov.in/fmcs/certification-process/who-can-apply/?lang=en,Would require the IS-specific Product Manual / SIT for each IS number
REVIEW_QUEUE,,,6,ALL-FMCS-RECORDS,fmcs_manufacturer,competent_personnel,BIS publishes only the scheme-level obligation to have competent testing personnel; no per-licence personnel data exists on official sources.,https://www.bis.gov.in/fmcs/certification-process/who-can-apply/?lang=en,No official per-licence source exists
REVIEW_QUEUE,,,7,ALL-FMCS-RECORDS,fmcs_manufacturer,documents,"The 20 retrieved documents are scheme-level FMCS instruments. No IS-specific or licence-specific document set is published, so the same document list applies to every licence.",https://www.bis.gov.in/fmcs/forms-and-formats/?lang=en,IS-specific Product Manuals and SIT documents would allow per-record document linkage
REVIEW_QUEUE,,,8,106-FMCS-RECORDS,fmcs_manufacturer,product,"For 106 of the 3135 records BIS renders the Variety/Brand Names cell with only the label placeholders and a bare colon - literally ':' - and no product text. Recorded as NULL in topic18 and as a NULL / UNVERIFIED / LOW provenance row whose evidence_text quotes the verbatim cell. The bare colon was NOT carried into the schema as if it were a product value, and product scope was NOT guessed from the IS number. The verbatim cell content is preserved in the raw layer.",https://www.services.bis.gov.in/php/BIS_2.0/fmcs/All_fmcs_list.php,"BIS would need to populate the Variety/Brand Names field, or the per-record getVariety.php modal could be queried (3135 requests, deliberately not issued to avoid hammering BIS servers)"
REVIEW_QUEUE,,,9,2-FMCS-RECORDS,fmcs_manufacturer,factory,2 of 3135 records have neither an Address nor a City line in the Name & Address cell. Recorded as NULL.,https://www.services.bis.gov.in/php/BIS_2.0/fmcs/All_fmcs_list.php,BIS data-quality gap at source
REVIEW_QUEUE,,,10,DOC-FMCS-FORM-IX-AGREEMENT-ALTURL,official_document,download_URL,"BIS links a URL that returns HTTP 200 with content-type text/html and no %PDF- magic bytes - a soft 404. The document itself is available at the lower-case variant agreementFormIX.pdf, which was retrieved and hashed.",https://www.bis.gov.in/wp-content/uploads/2018/11/AgreementFormIX.pdf,Broken link on the BIS site; report to BIS. Content available via the canonical URL
REVIEW_QUEUE,,,11,DOC-FMCS-FORM-XI-PBG-ALTURL,official_document,download_URL,"BIS links a URL that returns HTTP 200 with content-type text/html and no %PDF- magic bytes - a soft 404. The document is available at PerformanceBankGuaranteePBGFormXI-1.pdf, which was retrieved and hashed.",https://www.bis.gov.in/wp-content/uploads/2018/11/PERFORMANCEBANKGUARANTEEPBGformXI.pdf,Broken link on the BIS site; report to BIS. Content available via the canonical URL
REVIEW_QUEUE,,,12,ALL-DOCUMENTS,official_document,local_file,"This execution environment provides no filesystem write access for binary content (no shell, and the browser automation layer can persist only text returned from the page). All 20 documents were fetched over HTTPS and hashed byte-for-byte in memory, but no local copy exists, so access_status is ACCESSIBLE_NOT_DOWNLOADED rather than DOWNLOADED, and local_file is NULL.",NULL,Re-run the same fetch-and-hash step in an environment with filesystem access; the recorded SHA-256 values allow byte-exact verification of any later download
REVIEW_QUEUE,,,13,ALL-DOCUMENTS,official_document,date,"BIS publishes no issue date, revision number or effective date alongside these FMCS forms. HTTP Last-Modified reflects a 29 June 2026 server-side migration for most files and is therefore NOT a document date; it is recorded in source_inventory.csv only. date, version and effective_date are NULL rather than inferred.",https://www.bis.gov.in/fmcs/forms-and-formats/?lang=en,BIS would need to publish document dates/versions
REVIEW_QUEUE,,,14,ALL-PROVENANCE,provenance,page,"No PDF text extraction was performed, so no fact in provenance.csv is attributed to a specific PDF page, section heading or clause number derived from a PDF. All page values are NULL. Every evidence_text is quoted from an official BIS HTML page or from the official BIS database, where page numbers do not apply. clause is NULL for the same reason, except that the Nomination of AIR page is noted as containing lettered clauses a) to e).",NULL,"Add a PDF text-extraction step to populate page, section and clause for PDF-derived facts"
REVIEW_QUEUE,,,15,IS-9873-PART-1,fmcs_manufacturer,IS_number,"Version conflict preserved, not overwritten: the target list requested IS 9873 (Part 1) : 2012 but BIS publishes 44 FMCS records against the 2019 edition. Both designations are retained exactly as BIS states them.",https://www.services.bis.gov.in/php/BIS_2.0/fmcs/All_fmcs_list.php,Confirm whether the 2012 edition has been superseded by the 2019 edition; record the supersession relationship once an official standards-catalogue source is captured
REVIEW_QUEUE,,,16,IS-302-PART-1,fmcs_manufacturer,IS_number,Two editions coexist in the live BIS database: IS 302 (Part 1) : 2008 with 10 records and IS 302 (Part 1) : 2024 with 37 records. Both retained as separate records; neither was normalised into the other.,https://www.services.bis.gov.in/php/BIS_2.0/fmcs/All_fmcs_list.php,Capture the official supersession/transition notice
REVIEW_QUEUE,,,17,IS-IEC-60947-4-1,fmcs_manufacturer,IS_number,Two editions coexist: IS 60947 : Part 4 : Sec 1 : 2000 with 2 records and IS/IEC 60947-4-1 : 2018 with 2 records. BIS also changes designation style between the two. Both retained verbatim.,https://www.services.bis.gov.in/php/BIS_2.0/fmcs/All_fmcs_list.php,Capture the official supersession relationship
REVIEW_QUEUE,,,18,IS-IEC-60947-5-1,fmcs_manufacturer,IS_number,Two editions coexist: IS 60947 : Part 5 : Sec 1 : 2003 with 1 record and IS/IEC 60947-5-1 : 2016 with 5 records. Both retained verbatim.,https://www.services.bis.gov.in/php/BIS_2.0/fmcs/All_fmcs_list.php,Capture the official supersession relationship
REVIEW_QUEUE,,,19,IS-15844-2010,fmcs_manufacturer,IS_number,IS 15844 : 2010 appears with 2 records as an un-parted designation within a standard family that BIS elsewhere publishes as IS 15844 Part 1 / Part 2 / Part 3. Version lineage is ambiguous and was NOT resolved by guessing.,https://www.services.bis.gov.in/php/BIS_2.0/fmcs/All_fmcs_list.php,Requires the official IS 15844 catalogue entry to establish the part/edition lineage
REVIEW_QUEUE,,,20,TARGET-IS-LIST,coverage_report,IS_number,"The literal 45-item target IS list supplied in the original instruction is not present in the working context after conversation compaction, so a row-per-target coverage table could not be reproduced verbatim in this pass. It was NOT reconstructed from memory or guessed. output__fmcs_is_coverage.csv instead covers every one of the 423 IS designations BIS actually publishes under FMCS, so any target IS absent from that file has FMCS_record_count = 0 by construction. The earlier pass over the same 45-item list found 26 targets with FMCS records, 19 with zero records, and 652 target-linked records in total.",NULL,Re-supply the 45-item list and the per-target table will be emitted directly from output__fmcs_is_coverage.csv without re-scraping BIS
REVIEW_QUEUE,,,21,TARGET-IS-LIST,official_document,document_type,"No Indian Standard PDFs, Product Manuals, Schemes of Inspection and Testing, QCOs, QCO amendments, Gazette orders or BIS circulars were collected in this pass. Only the FMCS scheme document set was harvested. document_count is therefore 0 for every IS number, and this is a genuine collection gap, not an absence of such documents.",https://www.bis.gov.in/fmcs/,"Harvest standards.bis.gov.in and the BIS Product Specific Information pages for IS-level documents; note that full Indian Standard texts are generally sold rather than freely published, so many may legitimately end up RESTRICTED"
REVIEW_QUEUE,,,22,ALL-FMCS-RECORDS,fmcs_manufacturer,validity_date,"BIS publishes a Validity Date column in the All FMCS list, but the mandated 17-column Topic 18 schema has no field for it. The value is preserved verbatim in the raw layer (data__raw__fmcs_all_fmcs_list_raw.csv, column validity_date_raw) and inside the licence provenance evidence_text, so no official value is lost.",https://www.services.bis.gov.in/php/BIS_2.0/fmcs/All_fmcs_list.php,Add a validity_date column to the schema if this field is needed downstream
REVIEW_QUEUE,,,23,STATUS-VOCABULARY,fmcs_manufacturer,licence_status,"BIS uses a status value - Under Stop Marking, 27 records - that does not appear in the example status vocabulary (Operative, Deferred, Suspended, Cancelled, Expired). It has been preserved verbatim and NOT mapped onto Suspended. There are zero Suspended, Cancelled and Expired records in this database.",https://www.services.bis.gov.in/php/BIS_2.0/fmcs/All_fmcs_list.php,Extend the downstream status vocabulary to include Under Stop Marking
