canonical_entity,canonical_entity_id,source_sheet,source_row,source_document_ids,title,document_type,canonical_is_number,product_name,related_scheme_text,related_qco_text,version,notification_date,effective_date,source_url,download_url,local_path,sha256,page_count,access_type,license_access_restriction
DOCUMENT,DOC-00015,,2,DOC-FMCS-FORM-V-APPLICATION,Application for grant of licence (Form V),Application Form,NULL,NULL,"FMCS - Scheme-I (BIS (Conformity Assessment) Regulations, 2018)",NULL,NULL,NULL,NULL,https://www.bis.gov.in/fmcs/forms-and-formats/?lang=en,https://www.bis.gov.in/wp-content/uploads/2019/04/Application-Form-V.pdf,NULL,3d15850b2863091ffe20a18183ca33332ded340c30fe3b6b57c3cf5a499c69a7,2,ACCESSIBLE_NOT_DOWNLOADED,publicly accessible; retrieved over HTTPS without login; no explicit licence or copyright notice published alongside the document
DOCUMENT,DOC-00006,,3,DOC-FMCS-FORM-VI-AIR-NOMINATION,Nomination of Authorized Indian Representative (AIR) - Form VI,FMCS Form,NULL,NULL,"FMCS - Scheme-I (BIS (Conformity Assessment) Regulations, 2018)",NULL,NULL,NULL,NULL,https://www.bis.gov.in/fmcs/certification-process/nomination-of-air/?lang=en,https://www.bis.gov.in/wp-content/uploads/2019/04/AIR1-Form-VI.pdf,NULL,9a54cdabe41f30ce52859eaa7b65f41bb6c62031bc60abd8153bc0356523a221,1,ACCESSIBLE_NOT_DOWNLOADED,publicly accessible; retrieved over HTTPS without login; no explicit licence or copyright notice published alongside the document
DOCUMENT,DOC-00015,,4,DOC-FMCS-NOMINATION-FORM,Form for Nomination,FMCS Form,NULL,NULL,"FMCS - Scheme-I (BIS (Conformity Assessment) Regulations, 2018)",NULL,NULL,NULL,NULL,https://www.bis.gov.in/fmcs/forms-and-formats/?lang=en,https://www.bis.gov.in/wp-content/uploads/2018/11/FormforNomination.pdf,NULL,4cd322f2e886902d822522de29fb3e39184f0d8c8f6e5e3c225c19fb67065563,1,ACCESSIBLE_NOT_DOWNLOADED,publicly accessible; retrieved over HTTPS without login; no explicit licence or copyright notice published alongside the document
DOCUMENT,DOC-00015,,5,DOC-FMCS-FORM-IX-AGREEMENT,Agreement (Form IX),Official licence-related document,NULL,NULL,"FMCS - Scheme-I (BIS (Conformity Assessment) Regulations, 2018)",NULL,NULL,NULL,NULL,https://www.bis.gov.in/fmcs/forms-and-formats/?lang=en,https://www.bis.gov.in/wp-content/uploads/2018/11/agreementFormIX.pdf,NULL,1651189cd163e28516db421eee856d7b84004ee1628a4f6c007c8f47dbc592b2,6,ACCESSIBLE_NOT_DOWNLOADED,publicly accessible; retrieved over HTTPS without login; no explicit licence or copyright notice published alongside the document
DOCUMENT,DOC-00015,,6,DOC-FMCS-FORM-X-INDEMNITY-BOND,Indemnity Bond (Form X),Official licence-related document,NULL,NULL,"FMCS - Scheme-I (BIS (Conformity Assessment) Regulations, 2018)",NULL,NULL,NULL,NULL,https://www.bis.gov.in/fmcs/forms-and-formats/?lang=en,https://www.bis.gov.in/wp-content/uploads/2018/11/IndemnityBondformX-1.pdf,NULL,f4f1557c84c35a10cf2e698bd752dbd49e9cba4efdb81ac45c7f88b6f2913412,1,ACCESSIBLE_NOT_DOWNLOADED,publicly accessible; retrieved over HTTPS without login; no explicit licence or copyright notice published alongside the document
DOCUMENT,DOC-00015,,7,DOC-FMCS-FORM-XI-PBG,Performance Bank Guarantee (PBG) - Form XI,Official licence-related document,NULL,NULL,"FMCS - Scheme-I (BIS (Conformity Assessment) Regulations, 2018)",NULL,NULL,NULL,NULL,https://www.bis.gov.in/fmcs/forms-and-formats/?lang=en,https://www.bis.gov.in/wp-content/uploads/2018/11/PerformanceBankGuaranteePBGFormXI-1.pdf,NULL,02970432149692f63050af12627b71b3161dac648fd536220d8dbfddfe81f9d6,2,ACCESSIBLE_NOT_DOWNLOADED,publicly accessible; retrieved over HTTPS without login; no explicit licence or copyright notice published alongside the document
DOCUMENT,DOC-00018,,8,DOC-FMCS-FORM-XII-RENEWAL,Renewal Application (Form XII),FMCS Form,NULL,NULL,"FMCS - Scheme-I (BIS (Conformity Assessment) Regulations, 2018)",NULL,NULL,NULL,NULL,https://www.bis.gov.in/fmcs/renewal-of-licence/?lang=en,https://www.bis.gov.in/wp-content/uploads/2019/03/Renewal-application-Form-XII.pdf,NULL,7ddb94bdcce7515ef880142aad0cbe49278475042136a13291e12e17783865d0,2,ACCESSIBLE_NOT_DOWNLOADED,publicly accessible; retrieved over HTTPS without login; no explicit licence or copyright notice published alongside the document
DOCUMENT,DOC-00015,,9,DOC-FMCS-FORM-I-MANUFACTURING-MACHINERY,Manufacturing Machinery (Form I),FMCS Form,NULL,NULL,"FMCS - Scheme-I (BIS (Conformity Assessment) Regulations, 2018)",NULL,NULL,NULL,NULL,https://www.bis.gov.in/fmcs/forms-and-formats/?lang=en,https://www.bis.gov.in/wp-content/uploads/2018/11/ManufactureMachineryFormI.pdf,NULL,9ba2e3b36448f2e90cef901a5e31ec53fc092870397b217332500b319389a805,2,ACCESSIBLE_NOT_DOWNLOADED,publicly accessible; retrieved over HTTPS without login; no explicit licence or copyright notice published alongside the document
DOCUMENT,DOC-00015,,10,DOC-FMCS-FORM-II-TEST-EQUIPMENT,Test Equipments (Form II),FMCS Form,NULL,NULL,"FMCS - Scheme-I (BIS (Conformity Assessment) Regulations, 2018)",NULL,NULL,NULL,NULL,https://www.bis.gov.in/fmcs/forms-and-formats/?lang=en,https://www.bis.gov.in/wp-content/uploads/2018/11/TestEquipmentsFormII.pdf,NULL,d2b6c830baef3ad8a2685e0fb3046b8c69cf89762c09ad42edd8c578ff6addda,3,ACCESSIBLE_NOT_DOWNLOADED,publicly accessible; retrieved over HTTPS without login; no explicit licence or copyright notice published alongside the document
DOCUMENT,DOC-00015,,11,DOC-FMCS-FORM-IV-TEST-REPORT-FORMAT,Format for Test Report (Form IV),FMCS Form,NULL,NULL,"FMCS - Scheme-I (BIS (Conformity Assessment) Regulations, 2018)",NULL,NULL,NULL,NULL,https://www.bis.gov.in/fmcs/forms-and-formats/?lang=en,https://www.bis.gov.in/wp-content/uploads/2018/11/FormatForTestReportFormIV.pdf,NULL,1decda622048d7d9849b4a754f3423a3b6ea379b69ba3151b2268d23dfc8bc40,1,ACCESSIBLE_NOT_DOWNLOADED,publicly accessible; retrieved over HTTPS without login; no explicit licence or copyright notice published alongside the document
DOCUMENT,DOC-00015,,12,DOC-FMCS-FORM-XIV-CHANGE-OF-SCOPE,Change of Scope (Form XIV),FMCS Form,NULL,NULL,"FMCS - Scheme-I (BIS (Conformity Assessment) Regulations, 2018)",NULL,NULL,NULL,NULL,https://www.bis.gov.in/fmcs/forms-and-formats/?lang=en,https://www.bis.gov.in/wp-content/uploads/2018/11/ChangeOfScopeFormXIV.pdf,NULL,092229db224ea2e9ce205cd82570559a911891b60439d416b8fefacbb6433829,1,ACCESSIBLE_NOT_DOWNLOADED,publicly accessible; retrieved over HTTPS without login; no explicit licence or copyright notice published alongside the document
DOCUMENT,DOC-00004,,13,DOC-FMCS-CONDITIONS-OF-LICENCE,Conditions of Licence,Certification Guideline,NULL,NULL,"FMCS - Scheme-I (BIS (Conformity Assessment) Regulations, 2018)",NULL,NULL,NULL,NULL,https://www.bis.gov.in/fmcs/certification-process/grant-of-licence/?lang=en,https://www.bis.gov.in/wp-content/uploads/2018/11/ConditionofLicence.pdf,NULL,6c1c378454232566cac08bc2edebb7ea54a87d9f7c79952e90b46e79372d8dce,1,ACCESSIBLE_NOT_DOWNLOADED,publicly accessible; retrieved over HTTPS without login; no explicit licence or copyright notice published alongside the document
DOCUMENT,DOC-00005,,14,DOC-FMCS-CHECKLIST-FM,FMCS Checklist,FMCS Guideline,NULL,NULL,"FMCS - Scheme-I (BIS (Conformity Assessment) Regulations, 2018)",NULL,NULL,NULL,NULL,https://www.bis.gov.in/fmcs/certification-process/how-to-apply/?lang=en,https://www.bis.gov.in/wp-content/uploads/2018/08/FM_CHECKLIST.pdf,NULL,c24d715422211e0043134a43c2c12568061f2cbd0858660f39e9d3d004289d9f,4,ACCESSIBLE_NOT_DOWNLOADED,publicly accessible; retrieved over HTTPS without login; no explicit licence or copyright notice published alongside the document
DOCUMENT,DOC-00005,,15,DOC-FMCS-CHECKLIST-APPLICATION,Checklist for Application,FMCS Guideline,NULL,NULL,"FMCS - Scheme-I (BIS (Conformity Assessment) Regulations, 2018)",NULL,NULL,NULL,NULL,https://www.bis.gov.in/fmcs/certification-process/how-to-apply/?lang=en,https://www.bis.gov.in/wp-content/uploads/2018/08/Checklist_for_Application.pdf,NULL,b0b16b0a4142fe538a2b142a6752c202b97f1ac4def0ca211024138f442ee104,4,ACCESSIBLE_NOT_DOWNLOADED,publicly accessible; retrieved over HTTPS without login; no explicit licence or copyright notice published alongside the document
DOCUMENT,DOC-00003,,16,DOC-FMCS-ISI-MARK-DIMENSIONS,Dimensions of ISI Mark,Certification Guideline,NULL,NULL,"FMCS - Scheme-I (BIS (Conformity Assessment) Regulations, 2018)",NULL,NULL,NULL,NULL,https://www.bis.gov.in/fmcs/certification-process/bis-standard-mark/?lang=en,https://www.bis.gov.in/wp-content/uploads/2018/08/Diamensions_of_ISI.pdf,NULL,b1ed9c84b17f41df1fb4ed9ae1040a10b740a1ab3b894fa5d2add3e2beaf8af5,1,ACCESSIBLE_NOT_DOWNLOADED,publicly accessible; retrieved over HTTPS without login; no explicit licence or copyright notice published alongside the document
DOCUMENT,DOC-00016,,17,DOC-FMCS-INCLUSION-NEW-VARIETIES-FORMATS,Prescribed formats for inclusion of new varieties,FMCS Guideline,NULL,NULL,"FMCS - Scheme-I (BIS (Conformity Assessment) Regulations, 2018)",NULL,NULL,NULL,NULL,https://www.bis.gov.in/fmcs/inclusion-of-new-varieties/?lang=en,https://www.bis.gov.in/wp-content/uploads/2019/03/Prescribed-formats-for-inclusion-of-new-varieties.pdf,NULL,8a1b663f0c0d52fe0db3ea4ed7b6df184bf4feca76f26009a0abdff207cc14e3,6,ACCESSIBLE_NOT_DOWNLOADED,publicly accessible; retrieved over HTTPS without login; no explicit licence or copyright notice published alongside the document
DOCUMENT,DOC-00015,,18,DOC-FMCS-SELF-COMPLIANCE-REPORT,Self Compliance Report,FMCS Guideline,NULL,NULL,"FMCS - Scheme-I (BIS (Conformity Assessment) Regulations, 2018)",NULL,NULL,NULL,NULL,https://www.bis.gov.in/fmcs/forms-and-formats/?lang=en,https://www.bis.gov.in/wp-content/uploads/2025/07/Self-Compliance-Report.pdf,NULL,664d4bb0cc02d8b6b7577ce51d54d748bed496578ea53ee2a031e8c03139bb3a,6,ACCESSIBLE_NOT_DOWNLOADED,publicly accessible; retrieved over HTTPS without login; no explicit licence or copyright notice published alongside the document
DOCUMENT,DOC-00012,,19,DOC-FMCS-FEE-STRUCTURE-LIST,List of Fee (FMCS Fee Structure),Official licence-related document,NULL,NULL,"FMCS - Scheme-I (BIS (Conformity Assessment) Regulations, 2018)",NULL,NULL,NULL,NULL,https://www.bis.gov.in/fmcs/fmcs-fee/?lang=en,https://www.bis.gov.in/wp-content/uploads/2021/06/LIST-OF-FEE-3.pdf,NULL,d44dbe9a38c5c148bca75f1f6935aa7c95fe5b5a3a65582f2fe16bc2b551c19e,2,ACCESSIBLE_NOT_DOWNLOADED,publicly accessible; retrieved over HTTPS without login; no explicit licence or copyright notice published alongside the document
DOCUMENT,DOC-00012,,20,DOC-FMCS-FEE-BIS,Fee - BIS,Official licence-related document,NULL,NULL,"FMCS - Scheme-I (BIS (Conformity Assessment) Regulations, 2018)",NULL,NULL,NULL,NULL,https://www.bis.gov.in/fmcs/fmcs-fee/?lang=en,https://www.bis.gov.in/wp-content/uploads/2020/06/FEE-BIS.pdf,NULL,5f98b1cafc8e114c018e376751300aa2ce0424580c21715a060fa89f49f19478,3,ACCESSIBLE_NOT_DOWNLOADED,publicly accessible; retrieved over HTTPS without login; no explicit licence or copyright notice published alongside the document
DOCUMENT,DOC-00005,,21,DOC-FMCS-APPLICATION-SUBMISSION-USER-MANUAL,FMCS Application Submission User Manual,FMCS Guideline,NULL,NULL,"FMCS - Scheme-I (BIS (Conformity Assessment) Regulations, 2018)",NULL,NULL,NULL,NULL,https://www.bis.gov.in/fmcs/certification-process/how-to-apply/?lang=en,https://www.bis.gov.in/wp-content/uploads/2026/05/FMCS-Application-SubmissionUM-1-1.pdf,NULL,d1a5eb2360f8365fb2c76186e0c3f42b3a10da2211347bc7f8247976828911fb,20,ACCESSIBLE_NOT_DOWNLOADED,publicly accessible; retrieved over HTTPS without login; no explicit licence or copyright notice published alongside the document
DOCUMENT,DOC-00015,,22,DOC-FMCS-FORM-IX-AGREEMENT-ALTURL,"Agreement (Form IX) - alternate BIS URL, document not served",Official licence-related document,NULL,NULL,"FMCS - Scheme-I (BIS (Conformity Assessment) Regulations, 2018)",NULL,NULL,NULL,NULL,https://www.bis.gov.in/fmcs/forms-and-formats/?lang=en,https://www.bis.gov.in/wp-content/uploads/2018/11/AgreementFormIX.pdf,NULL,NULL,NULL,NOT_FOUND,not specified
DOCUMENT,DOC-00015,,23,DOC-FMCS-FORM-XI-PBG-ALTURL,"Performance Bank Guarantee (PBG) - Form XI - alternate BIS URL, document not served",Official licence-related document,NULL,NULL,"FMCS - Scheme-I (BIS (Conformity Assessment) Regulations, 2018)",NULL,NULL,NULL,NULL,https://www.bis.gov.in/fmcs/forms-and-formats/?lang=en,https://www.bis.gov.in/wp-content/uploads/2018/11/PERFORMANCEBANKGUARANTEEPBGformXI.pdf,NULL,NULL,NULL,NOT_FOUND,not specified
