quarantine_id,origin_table,relationship_id,relationship_type,resolved_side_entity_type,resolved_side_entity_id,resolved_side_label,unresolved_side_role,unresolved_side_reference,evidence_column,evidence_value,source_file_id,source_file,source_sheet,source_row,quarantine_reason,retained_in,confidence
UNRES-0001,IS_AMENDMENTS,REL-IS_AME-0000001,AMENDS,NOTIFICATION,NOTIF-00466,S.O. 774(E),is_id,STANDARD:Furniture QCO amendment,related_amendment_text,Furniture QCO amendment,F009,BIS_Notifications_Master.xlsx,BIS_Notifications_Master,3,NO_RESOLVABLE_STANDARD_IN_REFERENCE,92_VALIDATION/ORPHAN_RECORDS.csv;93_OPERATIONAL/UNRESOLVED_RELATIONSHIP_REFERENCES.csv,0.60
UNRES-0002,IS_AMENDMENTS,REL-IS_AME-0000002,AMENDS,NOTIFICATION,NOTIF-00469,S.O. 777(E),is_id,STANDARD:Furniture QCO amendment,related_amendment_text,Furniture QCO amendment,F009,BIS_Notifications_Master.xlsx,BIS_Notifications_Master,4,NO_RESOLVABLE_STANDARD_IN_REFERENCE,92_VALIDATION/ORPHAN_RECORDS.csv;93_OPERATIONAL/UNRESOLVED_RELATIONSHIP_REFERENCES.csv,0.60
UNRES-0003,IS_AMENDMENTS,REL-IS_AME-0000003,AMENDS,NOTIFICATION,NOTIF-00437,S.O. 1125(E),is_id,STANDARD:Furniture QCO amendment,related_amendment_text,Furniture QCO amendment,F009,BIS_Notifications_Master.xlsx,BIS_Notifications_Master,5,NO_RESOLVABLE_STANDARD_IN_REFERENCE,92_VALIDATION/ORPHAN_RECORDS.csv;93_OPERATIONAL/UNRESOLVED_RELATIONSHIP_REFERENCES.csv,0.60
UNRES-0004,IS_AMENDMENTS,REL-IS_AME-0000004,AMENDS,NOTIFICATION,NOTIF-00451,S.O. 3417(E),is_id,STANDARD:Transition,related_amendment_text,Transition,F009,BIS_Notifications_Master.xlsx,BIS_Notifications_Master,6,NO_RESOLVABLE_STANDARD_IN_REFERENCE,92_VALIDATION/ORPHAN_RECORDS.csv;93_OPERATIONAL/UNRESOLVED_RELATIONSHIP_REFERENCES.csv,0.60
UNRES-0005,IS_AMENDMENTS,REL-IS_AME-0000005,AMENDS,NOTIFICATION,NOTIF-00444,S.O. 2019(E),is_id,STANDARD:QCO amendment,related_amendment_text,QCO amendment,F009,BIS_Notifications_Master.xlsx,BIS_Notifications_Master,8,NO_RESOLVABLE_STANDARD_IN_REFERENCE,92_VALIDATION/ORPHAN_RECORDS.csv;93_OPERATIONAL/UNRESOLVED_RELATIONSHIP_REFERENCES.csv,0.60
UNRES-0006,IS_AMENDMENTS,REL-IS_AME-0000006,AMENDS,NOTIFICATION,NOTIF-00458,S.O. 4277(E),is_id,STANDARD:2024 amendment,related_amendment_text,2024 amendment,F009,BIS_Notifications_Master.xlsx,BIS_Notifications_Master,11,NO_RESOLVABLE_STANDARD_IN_REFERENCE,92_VALIDATION/ORPHAN_RECORDS.csv;93_OPERATIONAL/UNRESOLVED_RELATIONSHIP_REFERENCES.csv,0.60
UNRES-0007,IS_AMENDMENTS,REL-IS_AME-0000007,AMENDS,NOTIFICATION,NOTIF-00451,S.O. 3417(E),is_id,STANDARD:Transition,related_amendment_text,Transition,F009,BIS_Notifications_Master.xlsx,BIS_Notifications_Master,12,NO_RESOLVABLE_STANDARD_IN_REFERENCE,92_VALIDATION/ORPHAN_RECORDS.csv;93_OPERATIONAL/UNRESOLVED_RELATIONSHIP_REFERENCES.csv,0.60
UNRES-0008,IS_AMENDMENTS,REL-IS_AME-0000008,AMENDS,NOTIFICATION,NOTIF-00457,S.O. 4144(E),is_id,STANDARD:Supersession,related_amendment_text,Supersession,F009,BIS_Notifications_Master.xlsx,BIS_Notifications_Master,14,NO_RESOLVABLE_STANDARD_IN_REFERENCE,92_VALIDATION/ORPHAN_RECORDS.csv;93_OPERATIONAL/UNRESOLVED_RELATIONSHIP_REFERENCES.csv,0.60
UNRES-0009,IS_AMENDMENTS,REL-IS_AME-0000009,AMENDS,NOTIFICATION,NOTIF-00462,S.O. 620(E),is_id,STANDARD:Amendment,related_amendment_text,Amendment,F009,BIS_Notifications_Master.xlsx,BIS_Notifications_Master,16,NO_RESOLVABLE_STANDARD_IN_REFERENCE,92_VALIDATION/ORPHAN_RECORDS.csv;93_OPERATIONAL/UNRESOLVED_RELATIONSHIP_REFERENCES.csv,0.60
UNRES-0010,IS_AMENDMENTS,REL-IS_AME-0000010,AMENDS,NOTIFICATION,NOTIF-00440,S.O. 1431(E),is_id,STANDARD:Amendment,related_amendment_text,Amendment,F009,BIS_Notifications_Master.xlsx,BIS_Notifications_Master,17,NO_RESOLVABLE_STANDARD_IN_REFERENCE,92_VALIDATION/ORPHAN_RECORDS.csv;93_OPERATIONAL/UNRESOLVED_RELATIONSHIP_REFERENCES.csv,0.60
UNRES-0011,IS_AMENDMENTS,REL-IS_AME-0000011,AMENDS,NOTIFICATION,NOTIF-00445,S.O. 2232(E),is_id,STANDARD:2025 QCO,related_amendment_text,2025 QCO,F009,BIS_Notifications_Master.xlsx,BIS_Notifications_Master,23,NO_RESOLVABLE_STANDARD_IN_REFERENCE,92_VALIDATION/ORPHAN_RECORDS.csv;93_OPERATIONAL/UNRESOLVED_RELATIONSHIP_REFERENCES.csv,0.60
UNRES-0012,IS_AMENDMENTS,REL-IS_AME-0000012,AMENDS,NOTIFICATION,NOTIF-00454,S.O. 3775(E),is_id,STANDARD:Amendment 2022,related_amendment_text,Amendment 2022,F009,BIS_Notifications_Master.xlsx,BIS_Notifications_Master,25,NO_RESOLVABLE_STANDARD_IN_REFERENCE,92_VALIDATION/ORPHAN_RECORDS.csv;93_OPERATIONAL/UNRESOLVED_RELATIONSHIP_REFERENCES.csv,0.60
UNRES-0013,IS_AMENDMENTS,REL-IS_AME-0000013,AMENDS,NOTIFICATION,NOTIF-00439,S.O. 1421(E),is_id,STANDARD:Supersedes 2022 QCO,related_amendment_text,Supersedes 2022 QCO,F009,BIS_Notifications_Master.xlsx,BIS_Notifications_Master,26,NO_RESOLVABLE_STANDARD_IN_REFERENCE,92_VALIDATION/ORPHAN_RECORDS.csv;93_OPERATIONAL/UNRESOLVED_RELATIONSHIP_REFERENCES.csv,0.60
UNRES-0014,IS_AMENDMENTS,REL-IS_AME-0000014,AMENDS,NOTIFICATION,NOTIF-00453,S.O. 3700(E),is_id,STANDARD:Amendment 2024,related_amendment_text,Amendment 2024,F009,BIS_Notifications_Master.xlsx,BIS_Notifications_Master,27,NO_RESOLVABLE_STANDARD_IN_REFERENCE,92_VALIDATION/ORPHAN_RECORDS.csv;93_OPERATIONAL/UNRESOLVED_RELATIONSHIP_REFERENCES.csv,0.60
UNRES-0015,IS_AMENDMENTS,REL-IS_AME-0000015,AMENDS,NOTIFICATION,NOTIF-00467,S.O. 775(E),is_id,STANDARD:Exemption,related_amendment_text,Exemption,F009,BIS_Notifications_Master.xlsx,BIS_Notifications_Master,28,NO_RESOLVABLE_STANDARD_IN_REFERENCE,92_VALIDATION/ORPHAN_RECORDS.csv;93_OPERATIONAL/UNRESOLVED_RELATIONSHIP_REFERENCES.csv,0.60
UNRES-0016,IS_AMENDMENTS,REL-IS_AME-0000016,AMENDS,NOTIFICATION,NOTIF-00468,S.O. 776(E),is_id,STANDARD:Exemption,related_amendment_text,Exemption,F009,BIS_Notifications_Master.xlsx,BIS_Notifications_Master,29,NO_RESOLVABLE_STANDARD_IN_REFERENCE,92_VALIDATION/ORPHAN_RECORDS.csv;93_OPERATIONAL/UNRESOLVED_RELATIONSHIP_REFERENCES.csv,0.60
UNRES-0017,IS_AMENDMENTS,REL-IS_AME-0000017,AMENDS,NOTIFICATION,NOTIF-00459,S.O. 4377(E),is_id,STANDARD:Amendment 2020,related_amendment_text,Amendment 2020,F009,BIS_Notifications_Master.xlsx,BIS_Notifications_Master,31,NO_RESOLVABLE_STANDARD_IN_REFERENCE,92_VALIDATION/ORPHAN_RECORDS.csv;93_OPERATIONAL/UNRESOLVED_RELATIONSHIP_REFERENCES.csv,0.60
UNRES-0018,IS_AMENDMENTS,REL-IS_AME-0000018,AMENDS,NOTIFICATION,NOTIF-00451,S.O. 3417(E),is_id,STANDARD:Transition,related_amendment_text,Transition,F009,BIS_Notifications_Master.xlsx,BIS_Notifications_Master,32,NO_RESOLVABLE_STANDARD_IN_REFERENCE,92_VALIDATION/ORPHAN_RECORDS.csv;93_OPERATIONAL/UNRESOLVED_RELATIONSHIP_REFERENCES.csv,0.60
UNRES-0019,IS_RELATED_IS,REL-IS_REL-0000001,RELATED_TO,IS,STD-00807,IS 17631,related_is_id,IS 17631,IS_number,IS 17631,F007,BIS_Laboratory_Scopes.xlsx,BIS_Laboratory_Scopes,2,DEGENERATE_SELF_REFERENCE,92_VALIDATION/ORPHAN_RECORDS.csv;93_OPERATIONAL/UNRESOLVED_RELATIONSHIP_REFERENCES.csv,1.00
UNRES-0020,IS_RELATED_IS,REL-IS_REL-0000002,RELATED_TO,IS,STD-00808,IS 17632,related_is_id,IS 17632,IS_number,IS 17632,F007,BIS_Laboratory_Scopes.xlsx,BIS_Laboratory_Scopes,3,DEGENERATE_SELF_REFERENCE,92_VALIDATION/ORPHAN_RECORDS.csv;93_OPERATIONAL/UNRESOLVED_RELATIONSHIP_REFERENCES.csv,1.00
UNRES-0021,IS_RELATED_IS,REL-IS_REL-0000003,RELATED_TO,IS,STD-00809,IS 17633,related_is_id,IS 17633,IS_number,IS 17633,F007,BIS_Laboratory_Scopes.xlsx,BIS_Laboratory_Scopes,4,DEGENERATE_SELF_REFERENCE,92_VALIDATION/ORPHAN_RECORDS.csv;93_OPERATIONAL/UNRESOLVED_RELATIONSHIP_REFERENCES.csv,1.00
UNRES-0022,IS_RELATED_IS,REL-IS_REL-0000004,RELATED_TO,IS,STD-00810,IS 17634,related_is_id,IS 17634,IS_number,IS 17634,F007,BIS_Laboratory_Scopes.xlsx,BIS_Laboratory_Scopes,5,DEGENERATE_SELF_REFERENCE,92_VALIDATION/ORPHAN_RECORDS.csv;93_OPERATIONAL/UNRESOLVED_RELATIONSHIP_REFERENCES.csv,1.00
UNRES-0023,IS_RELATED_IS,REL-IS_REL-0000005,RELATED_TO,IS,STD-00811,IS 17635,related_is_id,IS 17635,IS_number,IS 17635,F007,BIS_Laboratory_Scopes.xlsx,BIS_Laboratory_Scopes,6,DEGENERATE_SELF_REFERENCE,92_VALIDATION/ORPHAN_RECORDS.csv;93_OPERATIONAL/UNRESOLVED_RELATIONSHIP_REFERENCES.csv,1.00
UNRES-0024,IS_RELATED_IS,REL-IS_REL-0000006,RELATED_TO,IS,STD-00812,IS 17636,related_is_id,IS 17636,IS_number,IS 17636,F007,BIS_Laboratory_Scopes.xlsx,BIS_Laboratory_Scopes,7,DEGENERATE_SELF_REFERENCE,92_VALIDATION/ORPHAN_RECORDS.csv;93_OPERATIONAL/UNRESOLVED_RELATIONSHIP_REFERENCES.csv,1.00
UNRES-0025,IS_RELATED_IS,REL-IS_REL-0000007,RELATED_TO,IS,STD-00982,IS 2347,related_is_id,IS 2347,IS_number,IS 2347,F007,BIS_Laboratory_Scopes.xlsx,BIS_Laboratory_Scopes,8,DEGENERATE_SELF_REFERENCE,92_VALIDATION/ORPHAN_RECORDS.csv;93_OPERATIONAL/UNRESOLVED_RELATIONSHIP_REFERENCES.csv,1.00
UNRES-0026,IS_RELATED_IS,REL-IS_REL-0000008,RELATED_TO,IS,STD-00194,IS 12330,related_is_id,IS 12330,IS_number,IS 12330,F007,BIS_Laboratory_Scopes.xlsx,BIS_Laboratory_Scopes,9,DEGENERATE_SELF_REFERENCE,92_VALIDATION/ORPHAN_RECORDS.csv;93_OPERATIONAL/UNRESOLVED_RELATIONSHIP_REFERENCES.csv,1.00
UNRES-0027,IS_RELATED_IS,REL-IS_REL-0000009,RELATED_TO,IS,STD-00214,IS 12600,related_is_id,IS 12600,IS_number,IS 12600,F007,BIS_Laboratory_Scopes.xlsx,BIS_Laboratory_Scopes,10,DEGENERATE_SELF_REFERENCE,92_VALIDATION/ORPHAN_RECORDS.csv;93_OPERATIONAL/UNRESOLVED_RELATIONSHIP_REFERENCES.csv,1.00
UNRES-0028,IS_RELATED_IS,REL-IS_REL-0000010,RELATED_TO,IS,STD-00444,IS 1489 (Part 1),related_is_id,IS 1489 (Part 1),IS_number,IS 1489 (Part 1),F007,BIS_Laboratory_Scopes.xlsx,BIS_Laboratory_Scopes,11,DEGENERATE_SELF_REFERENCE,92_VALIDATION/ORPHAN_RECORDS.csv;93_OPERATIONAL/UNRESOLVED_RELATIONSHIP_REFERENCES.csv,1.00
UNRES-0029,IS_RELATED_IS,REL-IS_REL-0000011,RELATED_TO,IS,STD-00445,IS 1489 (Part 2),related_is_id,IS 1489 (Part 2),IS_number,IS 1489 (Part 2),F007,BIS_Laboratory_Scopes.xlsx,BIS_Laboratory_Scopes,12,DEGENERATE_SELF_REFERENCE,92_VALIDATION/ORPHAN_RECORDS.csv;93_OPERATIONAL/UNRESOLVED_RELATIONSHIP_REFERENCES.csv,1.00
UNRES-0030,IS_RELATED_IS,REL-IS_REL-0000012,RELATED_TO,IS,STD-01041,IS 269,related_is_id,IS 269,IS_number,IS 269,F007,BIS_Laboratory_Scopes.xlsx,BIS_Laboratory_Scopes,13,DEGENERATE_SELF_REFERENCE,92_VALIDATION/ORPHAN_RECORDS.csv;93_OPERATIONAL/UNRESOLVED_RELATIONSHIP_REFERENCES.csv,1.00
UNRES-0031,IS_RELATED_IS,REL-IS_REL-0000013,RELATED_TO,IS,STD-01273,IS 455,related_is_id,IS 455,IS_number,IS 455,F007,BIS_Laboratory_Scopes.xlsx,BIS_Laboratory_Scopes,14,DEGENERATE_SELF_REFERENCE,92_VALIDATION/ORPHAN_RECORDS.csv;93_OPERATIONAL/UNRESOLVED_RELATIONSHIP_REFERENCES.csv,1.00
UNRES-0032,IS_RELATED_IS,REL-IS_REL-0000014,RELATED_TO,IS,STD-01569,IS 8041,related_is_id,IS 8041,IS_number,IS 8041,F007,BIS_Laboratory_Scopes.xlsx,BIS_Laboratory_Scopes,15,DEGENERATE_SELF_REFERENCE,92_VALIDATION/ORPHAN_RECORDS.csv;93_OPERATIONAL/UNRESOLVED_RELATIONSHIP_REFERENCES.csv,1.00
UNRES-0033,IS_RELATED_IS,REL-IS_REL-0000015,RELATED_TO,IS,STD-01570,IS 8042,related_is_id,IS 8042,IS_number,IS 8042,F007,BIS_Laboratory_Scopes.xlsx,BIS_Laboratory_Scopes,16,DEGENERATE_SELF_REFERENCE,92_VALIDATION/ORPHAN_RECORDS.csv;93_OPERATIONAL/UNRESOLVED_RELATIONSHIP_REFERENCES.csv,1.00
UNRES-0034,IS_RELATED_IS,REL-IS_REL-0000016,RELATED_TO,IS,STD-01571,IS 8043,related_is_id,IS 8043,IS_number,IS 8043,F007,BIS_Laboratory_Scopes.xlsx,BIS_Laboratory_Scopes,17,DEGENERATE_SELF_REFERENCE,92_VALIDATION/ORPHAN_RECORDS.csv;93_OPERATIONAL/UNRESOLVED_RELATIONSHIP_REFERENCES.csv,1.00
UNRES-0035,IS_RELATED_IS,REL-IS_REL-0000017,RELATED_TO,IS,STD-00656,IS 16415,related_is_id,IS 16415,IS_number,IS 16415,F007,BIS_Laboratory_Scopes.xlsx,BIS_Laboratory_Scopes,18,DEGENERATE_SELF_REFERENCE,92_VALIDATION/ORPHAN_RECORDS.csv;93_OPERATIONAL/UNRESOLVED_RELATIONSHIP_REFERENCES.csv,1.00
UNRES-0036,IS_RELATED_IS,REL-IS_REL-0000018,RELATED_TO,IS,STD-01730,IS 9873 (Part 1),related_is_id,IS 9873 (Part 1),IS_number,IS 9873 (Part 1),F007,BIS_Laboratory_Scopes.xlsx,BIS_Laboratory_Scopes,19,DEGENERATE_SELF_REFERENCE,92_VALIDATION/ORPHAN_RECORDS.csv;93_OPERATIONAL/UNRESOLVED_RELATIONSHIP_REFERENCES.csv,1.00
UNRES-0037,IS_RELATED_IS,REL-IS_REL-0000019,RELATED_TO,IS,STD-01731,IS 9873 (Part 2),related_is_id,IS 9873 (Part 2),IS_number,IS 9873 (Part 2),F007,BIS_Laboratory_Scopes.xlsx,BIS_Laboratory_Scopes,20,DEGENERATE_SELF_REFERENCE,92_VALIDATION/ORPHAN_RECORDS.csv;93_OPERATIONAL/UNRESOLVED_RELATIONSHIP_REFERENCES.csv,1.00
UNRES-0038,IS_RELATED_IS,REL-IS_REL-0000020,RELATED_TO,IS,STD-01732,IS 9873 (Part 3),related_is_id,IS 9873 (Part 3),IS_number,IS 9873 (Part 3),F007,BIS_Laboratory_Scopes.xlsx,BIS_Laboratory_Scopes,21,DEGENERATE_SELF_REFERENCE,92_VALIDATION/ORPHAN_RECORDS.csv;93_OPERATIONAL/UNRESOLVED_RELATIONSHIP_REFERENCES.csv,1.00
UNRES-0039,IS_RELATED_IS,REL-IS_REL-0000021,RELATED_TO,IS,STD-01733,IS 9873 (Part 4),related_is_id,IS 9873 (Part 4),IS_number,IS 9873 (Part 4),F007,BIS_Laboratory_Scopes.xlsx,BIS_Laboratory_Scopes,22,DEGENERATE_SELF_REFERENCE,92_VALIDATION/ORPHAN_RECORDS.csv;93_OPERATIONAL/UNRESOLVED_RELATIONSHIP_REFERENCES.csv,1.00
UNRES-0040,IS_RELATED_IS,REL-IS_REL-0000022,RELATED_TO,IS,STD-00530,IS 15644,related_is_id,IS 15644,IS_number,IS 15644,F007,BIS_Laboratory_Scopes.xlsx,BIS_Laboratory_Scopes,23,DEGENERATE_SELF_REFERENCE,92_VALIDATION/ORPHAN_RECORDS.csv;93_OPERATIONAL/UNRESOLVED_RELATIONSHIP_REFERENCES.csv,1.00
UNRES-0041,IS_RELATED_IS,REL-IS_REL-0000023,RELATED_TO,IS,STD-01069,IS 2835,related_is_id,IS 2835,IS_number,IS 2835,F007,BIS_Laboratory_Scopes.xlsx,BIS_Laboratory_Scopes,24,DEGENERATE_SELF_REFERENCE,92_VALIDATION/ORPHAN_RECORDS.csv;93_OPERATIONAL/UNRESOLVED_RELATIONSHIP_REFERENCES.csv,1.00
UNRES-0042,IS_RELATED_IS,REL-IS_REL-0000024,RELATED_TO,IS,STD-01015,IS 2553 (Part 1),related_is_id,IS 2553 (Part 1),IS_number,IS 2553 (Part 1),F007,BIS_Laboratory_Scopes.xlsx,BIS_Laboratory_Scopes,25,DEGENERATE_SELF_REFERENCE,92_VALIDATION/ORPHAN_RECORDS.csv;93_OPERATIONAL/UNRESOLVED_RELATIONSHIP_REFERENCES.csv,1.00
UNRES-0043,IS_RELATED_IS,REL-IS_REL-0000025,RELATED_TO,IS,STD-01016,IS 2553 (Part 2),related_is_id,IS 2553 (Part 2),IS_number,IS 2553 (Part 2),F007,BIS_Laboratory_Scopes.xlsx,BIS_Laboratory_Scopes,26,DEGENERATE_SELF_REFERENCE,92_VALIDATION/ORPHAN_RECORDS.csv;93_OPERATIONAL/UNRESOLVED_RELATIONSHIP_REFERENCES.csv,1.00
UNRES-0044,IS_RELATED_IS,REL-IS_REL-0000026,RELATED_TO,IS,STD-01707,IS 9573 (Part 1),related_is_id,IS 9573 (Part 1),IS_number,IS 9573 (Part 1),F007,BIS_Laboratory_Scopes.xlsx,BIS_Laboratory_Scopes,27,DEGENERATE_SELF_REFERENCE,92_VALIDATION/ORPHAN_RECORDS.csv;93_OPERATIONAL/UNRESOLVED_RELATIONSHIP_REFERENCES.csv,1.00
UNRES-0045,IS_RELATED_IS,REL-IS_REL-0000027,RELATED_TO,IS,STD-01708,IS 9573 (Part 2),related_is_id,IS 9573 (Part 2),IS_number,IS 9573 (Part 2),F007,BIS_Laboratory_Scopes.xlsx,BIS_Laboratory_Scopes,28,DEGENERATE_SELF_REFERENCE,92_VALIDATION/ORPHAN_RECORDS.csv;93_OPERATIONAL/UNRESOLVED_RELATIONSHIP_REFERENCES.csv,1.00
UNRES-0046,IS_RELATED_IS,REL-IS_REL-0000028,RELATED_TO,IS,STD-00497,IS 15392,related_is_id,IS 15392,IS_number,IS 15392,F007,BIS_Laboratory_Scopes.xlsx,BIS_Laboratory_Scopes,29,DEGENERATE_SELF_REFERENCE,92_VALIDATION/ORPHAN_RECORDS.csv;93_OPERATIONAL/UNRESOLVED_RELATIONSHIP_REFERENCES.csv,1.00
UNRES-0047,IS_RELATED_IS,REL-IS_REL-0000029,RELATED_TO,IS,STD-00836,IS 17875,related_is_id,IS 17875,IS_number,IS 17875,F007,BIS_Laboratory_Scopes.xlsx,BIS_Laboratory_Scopes,30,DEGENERATE_SELF_REFERENCE,92_VALIDATION/ORPHAN_RECORDS.csv;93_OPERATIONAL/UNRESOLVED_RELATIONSHIP_REFERENCES.csv,1.00
UNRES-0048,IS_RELATED_IS,REL-IS_REL-0000030,RELATED_TO,IS,STD-00837,IS 17876,related_is_id,IS 17876,IS_number,IS 17876,F007,BIS_Laboratory_Scopes.xlsx,BIS_Laboratory_Scopes,31,DEGENERATE_SELF_REFERENCE,92_VALIDATION/ORPHAN_RECORDS.csv;93_OPERATIONAL/UNRESOLVED_RELATIONSHIP_REFERENCES.csv,1.00
UNRES-0049,IS_RELATED_IS,REL-IS_REL-0000031,RELATED_TO,IS,STD-00947,IS 2083,related_is_id,IS 2083,IS_number,IS 2083,F007,BIS_Laboratory_Scopes.xlsx,BIS_Laboratory_Scopes,32,DEGENERATE_SELF_REFERENCE,92_VALIDATION/ORPHAN_RECORDS.csv;93_OPERATIONAL/UNRESOLVED_RELATIONSHIP_REFERENCES.csv,1.00
UNRES-0050,IS_RELATED_IS,REL-IS_REL-0000032,RELATED_TO,IS,STD-01090,IS 302 (Part 1),related_is_id,IS 302 (Part 1),IS_number,IS 302 (Part 1),F007,BIS_Laboratory_Scopes.xlsx,BIS_Laboratory_Scopes,33,DEGENERATE_SELF_REFERENCE,92_VALIDATION/ORPHAN_RECORDS.csv;93_OPERATIONAL/UNRESOLVED_RELATIONSHIP_REFERENCES.csv,1.00
UNRES-0051,IS_RELATED_IS,REL-IS_REL-0000033,RELATED_TO,IS,STD-00558,IS 15844 (Part 1),related_is_id,IS 15844 (Part 1),IS_number,IS 15844 (Part 1),F007,BIS_Laboratory_Scopes.xlsx,BIS_Laboratory_Scopes,34,DEGENERATE_SELF_REFERENCE,92_VALIDATION/ORPHAN_RECORDS.csv;93_OPERATIONAL/UNRESOLVED_RELATIONSHIP_REFERENCES.csv,1.00
UNRES-0052,IS_RELATED_IS,REL-IS_REL-0000034,RELATED_TO,IS,STD-00559,IS 15844 (Part 2),related_is_id,IS 15844 (Part 2),IS_number,IS 15844 (Part 2),F007,BIS_Laboratory_Scopes.xlsx,BIS_Laboratory_Scopes,35,DEGENERATE_SELF_REFERENCE,92_VALIDATION/ORPHAN_RECORDS.csv;93_OPERATIONAL/UNRESOLVED_RELATIONSHIP_REFERENCES.csv,1.00
UNRES-0053,IS_RELATED_IS,REL-IS_REL-0000035,RELATED_TO,IS,STD-00560,IS 15844 (Part 3),related_is_id,IS 15844 (Part 3),IS_number,IS 15844 (Part 3),F007,BIS_Laboratory_Scopes.xlsx,BIS_Laboratory_Scopes,36,DEGENERATE_SELF_REFERENCE,92_VALIDATION/ORPHAN_RECORDS.csv;93_OPERATIONAL/UNRESOLVED_RELATIONSHIP_REFERENCES.csv,1.00
UNRES-0054,IS_RELATED_IS,REL-IS_REL-0000036,RELATED_TO,IS,STD-00718,IS 17012,related_is_id,IS 17012,IS_number,IS 17012,F007,BIS_Laboratory_Scopes.xlsx,BIS_Laboratory_Scopes,37,DEGENERATE_SELF_REFERENCE,92_VALIDATION/ORPHAN_RECORDS.csv;93_OPERATIONAL/UNRESOLVED_RELATIONSHIP_REFERENCES.csv,1.00
UNRES-0055,IS_RELATED_IS,REL-IS_REL-0000037,RELATED_TO,IS,STD-00722,IS 17037,related_is_id,IS 17037,IS_number,IS 17037,F007,BIS_Laboratory_Scopes.xlsx,BIS_Laboratory_Scopes,38,DEGENERATE_SELF_REFERENCE,92_VALIDATION/ORPHAN_RECORDS.csv;93_OPERATIONAL/UNRESOLVED_RELATIONSHIP_REFERENCES.csv,1.00
UNRES-0056,IS_RELATED_IS,REL-IS_REL-0000038,RELATED_TO,IS,STD-00725,IS 17043 (Part 1),related_is_id,IS 17043 (Part 1),IS_number,IS 17043 (Part 1),F007,BIS_Laboratory_Scopes.xlsx,BIS_Laboratory_Scopes,39,DEGENERATE_SELF_REFERENCE,92_VALIDATION/ORPHAN_RECORDS.csv;93_OPERATIONAL/UNRESOLVED_RELATIONSHIP_REFERENCES.csv,1.00
UNRES-0057,IS_RELATED_IS,REL-IS_REL-0000039,RELATED_TO,IS,STD-00726,IS 17043 (Part 2),related_is_id,IS 17043 (Part 2),IS_number,IS 17043 (Part 2),F007,BIS_Laboratory_Scopes.xlsx,BIS_Laboratory_Scopes,40,DEGENERATE_SELF_REFERENCE,92_VALIDATION/ORPHAN_RECORDS.csv;93_OPERATIONAL/UNRESOLVED_RELATIONSHIP_REFERENCES.csv,1.00
UNRES-0058,IS_RELATED_IS,REL-IS_REL-0000040,RELATED_TO,IS,STD-00481,IS 15298 (Part 2),related_is_id,IS 15298 (Part 2),IS_number,IS 15298 (Part 2),F007,BIS_Laboratory_Scopes.xlsx,BIS_Laboratory_Scopes,41,DEGENERATE_SELF_REFERENCE,92_VALIDATION/ORPHAN_RECORDS.csv;93_OPERATIONAL/UNRESOLVED_RELATIONSHIP_REFERENCES.csv,1.00
UNRES-0059,IS_RELATED_IS,REL-IS_REL-0000041,RELATED_TO,IS,STD-01750,IS/IEC 60947 (Part 2),related_is_id,IS/IEC 60947 (Part 2),IS_number,IS/IEC 60947 (Part 2),F007,BIS_Laboratory_Scopes.xlsx,BIS_Laboratory_Scopes,42,DEGENERATE_SELF_REFERENCE,92_VALIDATION/ORPHAN_RECORDS.csv;93_OPERATIONAL/UNRESOLVED_RELATIONSHIP_REFERENCES.csv,1.00
UNRES-0060,IS_RELATED_IS,REL-IS_REL-0000042,RELATED_TO,IS,STD-01751,IS/IEC 60947 (Part 3),related_is_id,IS/IEC 60947 (Part 3),IS_number,IS/IEC 60947 (Part 3),F007,BIS_Laboratory_Scopes.xlsx,BIS_Laboratory_Scopes,43,DEGENERATE_SELF_REFERENCE,92_VALIDATION/ORPHAN_RECORDS.csv;93_OPERATIONAL/UNRESOLVED_RELATIONSHIP_REFERENCES.csv,1.00
UNRES-0061,IS_RELATED_IS,REL-IS_REL-0000043,RELATED_TO,IS,STD-01752,IS/IEC 60947 (Part 4),related_is_id,IS/IEC 60947 (Part 4),IS_number,IS/IEC 60947 (Part 4),F007,BIS_Laboratory_Scopes.xlsx,BIS_Laboratory_Scopes,44,DEGENERATE_SELF_REFERENCE,92_VALIDATION/ORPHAN_RECORDS.csv;93_OPERATIONAL/UNRESOLVED_RELATIONSHIP_REFERENCES.csv,1.00
UNRES-0062,IS_RELATED_IS,REL-IS_REL-0000044,RELATED_TO,IS,STD-01753,IS/IEC 60947 (Part 5),related_is_id,IS/IEC 60947 (Part 5),IS_number,IS/IEC 60947 (Part 5),F007,BIS_Laboratory_Scopes.xlsx,BIS_Laboratory_Scopes,45,DEGENERATE_SELF_REFERENCE,92_VALIDATION/ORPHAN_RECORDS.csv;93_OPERATIONAL/UNRESOLVED_RELATIONSHIP_REFERENCES.csv,1.00
UNRES-0063,IS_RELATED_IS,REL-IS_REL-0000045,RELATED_TO,IS,STD-01753,IS/IEC 60947 (Part 5),related_is_id,IS/IEC 60947 (Part 5),IS_number,IS/IEC 60947 (Part 5),F007,BIS_Laboratory_Scopes.xlsx,BIS_Laboratory_Scopes,46,DEGENERATE_SELF_REFERENCE,92_VALIDATION/ORPHAN_RECORDS.csv;93_OPERATIONAL/UNRESOLVED_RELATIONSHIP_REFERENCES.csv,1.00
UNRES-0064,IS_PRODUCT_MAPPING,REL-IS_PRO-0000137,DOCUMENTED_FOR,PRODUCT,PROD-00310,Work Chairs,is_id,Work Chairs,product,Work Chairs,F010,BIS_Product_Manuals_Master.xlsx,BIS_Product_Manuals,2,NO_STANDARD_IN_SOURCE_ROW,92_VALIDATION/ORPHAN_RECORDS.csv;93_OPERATIONAL/UNRESOLVED_RELATIONSHIP_REFERENCES.csv,1.00
UNRES-0065,IS_PRODUCT_MAPPING,REL-IS_PRO-0000138,DOCUMENTED_FOR,PRODUCT,PROD-00106,General Purpose Chairs and Stools,is_id,General Purpose Chairs and Stools,product,General Purpose Chairs and Stools,F010,BIS_Product_Manuals_Master.xlsx,BIS_Product_Manuals,3,NO_STANDARD_IN_SOURCE_ROW,92_VALIDATION/ORPHAN_RECORDS.csv;93_OPERATIONAL/UNRESOLVED_RELATIONSHIP_REFERENCES.csv,1.00
UNRES-0066,IS_PRODUCT_MAPPING,REL-IS_PRO-0000139,DOCUMENTED_FOR,PRODUCT,PROD-00285,Tables and Desks,is_id,Tables and Desks,product,Tables and Desks,F010,BIS_Product_Manuals_Master.xlsx,BIS_Product_Manuals,4,NO_STANDARD_IN_SOURCE_ROW,92_VALIDATION/ORPHAN_RECORDS.csv;93_OPERATIONAL/UNRESOLVED_RELATIONSHIP_REFERENCES.csv,1.00
UNRES-0067,IS_PRODUCT_MAPPING,REL-IS_PRO-0000140,DOCUMENTED_FOR,PRODUCT,PROD-00274,Storage Units,is_id,Storage Units,product,Storage Units,F010,BIS_Product_Manuals_Master.xlsx,BIS_Product_Manuals,5,NO_STANDARD_IN_SOURCE_ROW,92_VALIDATION/ORPHAN_RECORDS.csv;93_OPERATIONAL/UNRESOLVED_RELATIONSHIP_REFERENCES.csv,1.00
UNRES-0068,IS_PRODUCT_MAPPING,REL-IS_PRO-0000141,DOCUMENTED_FOR,PRODUCT,PROD-00051,Beds,is_id,Beds,product,Beds,F010,BIS_Product_Manuals_Master.xlsx,BIS_Product_Manuals,6,NO_STANDARD_IN_SOURCE_ROW,92_VALIDATION/ORPHAN_RECORDS.csv;93_OPERATIONAL/UNRESOLVED_RELATIONSHIP_REFERENCES.csv,1.00
UNRES-0069,IS_PRODUCT_MAPPING,REL-IS_PRO-0000142,DOCUMENTED_FOR,PRODUCT,PROD-00055,Bunk Beds,is_id,Bunk Beds,product,Bunk Beds,F010,BIS_Product_Manuals_Master.xlsx,BIS_Product_Manuals,7,NO_STANDARD_IN_SOURCE_ROW,92_VALIDATION/ORPHAN_RECORDS.csv;93_OPERATIONAL/UNRESOLVED_RELATIONSHIP_REFERENCES.csv,1.00
UNRES-0070,IS_PRODUCT_MAPPING,REL-IS_PRO-0000143,DOCUMENTED_FOR,PRODUCT,PROD-00083,Domestic Pressure Cooker,is_id,Domestic Pressure Cooker,product,Domestic Pressure Cooker,F010,BIS_Product_Manuals_Master.xlsx,BIS_Product_Manuals,8,NO_STANDARD_IN_SOURCE_ROW,92_VALIDATION/ORPHAN_RECORDS.csv;93_OPERATIONAL/UNRESOLVED_RELATIONSHIP_REFERENCES.csv,1.00
UNRES-0071,IS_PRODUCT_MAPPING,REL-IS_PRO-0000144,DOCUMENTED_FOR,PRODUCT,PROD-00277,Sulphate Resisting Portland Cement,is_id,Sulphate Resisting Portland Cement,product,Sulphate Resisting Portland Cement,F010,BIS_Product_Manuals_Master.xlsx,BIS_Product_Manuals,9,NO_STANDARD_IN_SOURCE_ROW,92_VALIDATION/ORPHAN_RECORDS.csv;93_OPERATIONAL/UNRESOLVED_RELATIONSHIP_REFERENCES.csv,1.00
UNRES-0072,IS_PRODUCT_MAPPING,REL-IS_PRO-0000145,DOCUMENTED_FOR,PRODUCT,PROD-00123,Low Heat Portland Cement,is_id,Low Heat Portland Cement,product,Low Heat Portland Cement,F010,BIS_Product_Manuals_Master.xlsx,BIS_Product_Manuals,10,NO_STANDARD_IN_SOURCE_ROW,92_VALIDATION/ORPHAN_RECORDS.csv;93_OPERATIONAL/UNRESOLVED_RELATIONSHIP_REFERENCES.csv,1.00
UNRES-0073,IS_PRODUCT_MAPPING,REL-IS_PRO-0000146,DOCUMENTED_FOR,PRODUCT,PROD-00155,Portland Pozzolana Cement — Fly Ash Based,is_id,Portland Pozzolana Cement — Fly Ash Based,product,Portland Pozzolana Cement — Fly Ash Based,F010,BIS_Product_Manuals_Master.xlsx,BIS_Product_Manuals,11,NO_STANDARD_IN_SOURCE_ROW,92_VALIDATION/ORPHAN_RECORDS.csv;93_OPERATIONAL/UNRESOLVED_RELATIONSHIP_REFERENCES.csv,1.00
UNRES-0074,IS_PRODUCT_MAPPING,REL-IS_PRO-0000147,DOCUMENTED_FOR,PRODUCT,PROD-00154,Portland Pozzolana Cement — Calcined Clay Based,is_id,Portland Pozzolana Cement — Calcined Clay Based,product,Portland Pozzolana Cement — Calcined Clay Based,F010,BIS_Product_Manuals_Master.xlsx,BIS_Product_Manuals,12,NO_STANDARD_IN_SOURCE_ROW,92_VALIDATION/ORPHAN_RECORDS.csv;93_OPERATIONAL/UNRESOLVED_RELATIONSHIP_REFERENCES.csv,1.00
UNRES-0075,IS_PRODUCT_MAPPING,REL-IS_PRO-0000148,DOCUMENTED_FOR,PRODUCT,PROD-00131,Ordinary Portland Cement,is_id,Ordinary Portland Cement,product,Ordinary Portland Cement,F010,BIS_Product_Manuals_Master.xlsx,BIS_Product_Manuals,13,NO_STANDARD_IN_SOURCE_ROW,92_VALIDATION/ORPHAN_RECORDS.csv;93_OPERATIONAL/UNRESOLVED_RELATIONSHIP_REFERENCES.csv,1.00
UNRES-0076,IS_PRODUCT_MAPPING,REL-IS_PRO-0000149,DOCUMENTED_FOR,PRODUCT,PROD-00158,Portland Slag Cement,is_id,Portland Slag Cement,product,Portland Slag Cement,F010,BIS_Product_Manuals_Master.xlsx,BIS_Product_Manuals,14,NO_STANDARD_IN_SOURCE_ROW,92_VALIDATION/ORPHAN_RECORDS.csv;93_OPERATIONAL/UNRESOLVED_RELATIONSHIP_REFERENCES.csv,1.00
UNRES-0077,IS_PRODUCT_MAPPING,REL-IS_PRO-0000150,DOCUMENTED_FOR,PRODUCT,PROD-00168,Rapid Hardening Portland Cement,is_id,Rapid Hardening Portland Cement,product,Rapid Hardening Portland Cement,F010,BIS_Product_Manuals_Master.xlsx,BIS_Product_Manuals,15,NO_STANDARD_IN_SOURCE_ROW,92_VALIDATION/ORPHAN_RECORDS.csv;93_OPERATIONAL/UNRESOLVED_RELATIONSHIP_REFERENCES.csv,1.00
UNRES-0078,IS_PRODUCT_MAPPING,REL-IS_PRO-0000151,DOCUMENTED_FOR,PRODUCT,PROD-00305,White Portland Cement,is_id,White Portland Cement,product,White Portland Cement,F010,BIS_Product_Manuals_Master.xlsx,BIS_Product_Manuals,16,NO_STANDARD_IN_SOURCE_ROW,92_VALIDATION/ORPHAN_RECORDS.csv;93_OPERATIONAL/UNRESOLVED_RELATIONSHIP_REFERENCES.csv,1.00
UNRES-0079,IS_PRODUCT_MAPPING,REL-IS_PRO-0000152,DOCUMENTED_FOR,PRODUCT,PROD-00111,Hydrophobic Portland Cement,is_id,Hydrophobic Portland Cement,product,Hydrophobic Portland Cement,F010,BIS_Product_Manuals_Master.xlsx,BIS_Product_Manuals,17,NO_STANDARD_IN_SOURCE_ROW,92_VALIDATION/ORPHAN_RECORDS.csv;93_OPERATIONAL/UNRESOLVED_RELATIONSHIP_REFERENCES.csv,1.00
UNRES-0080,IS_PRODUCT_MAPPING,REL-IS_PRO-0000153,DOCUMENTED_FOR,PRODUCT,PROD-00066,Composite Cement,is_id,Composite Cement,product,Composite Cement,F010,BIS_Product_Manuals_Master.xlsx,BIS_Product_Manuals,18,NO_STANDARD_IN_SOURCE_ROW,92_VALIDATION/ORPHAN_RECORDS.csv;93_OPERATIONAL/UNRESOLVED_RELATIONSHIP_REFERENCES.csv,1.00
UNRES-0081,IS_PRODUCT_MAPPING,REL-IS_PRO-0000154,DOCUMENTED_FOR,PRODUCT,PROD-00225,Safety of Toys — Part 1,is_id,Safety of Toys — Part 1,product,Safety of Toys — Part 1,F010,BIS_Product_Manuals_Master.xlsx,BIS_Product_Manuals,19,NO_STANDARD_IN_SOURCE_ROW,92_VALIDATION/ORPHAN_RECORDS.csv;93_OPERATIONAL/UNRESOLVED_RELATIONSHIP_REFERENCES.csv,1.00
UNRES-0082,IS_PRODUCT_MAPPING,REL-IS_PRO-0000155,DOCUMENTED_FOR,PRODUCT,PROD-00222,Safety of Toys — Flammability,is_id,Safety of Toys — Flammability,product,Safety of Toys — Flammability,F010,BIS_Product_Manuals_Master.xlsx,BIS_Product_Manuals,20,NO_STANDARD_IN_SOURCE_ROW,92_VALIDATION/ORPHAN_RECORDS.csv;93_OPERATIONAL/UNRESOLVED_RELATIONSHIP_REFERENCES.csv,1.00
UNRES-0083,IS_PRODUCT_MAPPING,REL-IS_PRO-0000156,DOCUMENTED_FOR,PRODUCT,PROD-00224,Safety of Toys — Migration of Certain Elements,is_id,Safety of Toys — Migration of Certain Elements,product,Safety of Toys — Migration of Certain Elements,F010,BIS_Product_Manuals_Master.xlsx,BIS_Product_Manuals,21,NO_STANDARD_IN_SOURCE_ROW,92_VALIDATION/ORPHAN_RECORDS.csv;93_OPERATIONAL/UNRESOLVED_RELATIONSHIP_REFERENCES.csv,1.00
UNRES-0084,IS_PRODUCT_MAPPING,REL-IS_PRO-0000157,DOCUMENTED_FOR,PRODUCT,PROD-00279,"Swings, Slides and Similar Activity Toys",is_id,"Swings, Slides and Similar Activity Toys",product,"Swings, Slides and Similar Activity Toys",F010,BIS_Product_Manuals_Master.xlsx,BIS_Product_Manuals,22,NO_STANDARD_IN_SOURCE_ROW,92_VALIDATION/ORPHAN_RECORDS.csv;93_OPERATIONAL/UNRESOLVED_RELATIONSHIP_REFERENCES.csv,1.00
UNRES-0085,IS_PRODUCT_MAPPING,REL-IS_PRO-0000158,DOCUMENTED_FOR,PRODUCT,PROD-00203,Safety of Electric Toys,is_id,Safety of Electric Toys,product,Safety of Electric Toys,F010,BIS_Product_Manuals_Master.xlsx,BIS_Product_Manuals,23,NO_STANDARD_IN_SOURCE_ROW,92_VALIDATION/ORPHAN_RECORDS.csv;93_OPERATIONAL/UNRESOLVED_RELATIONSHIP_REFERENCES.csv,1.00
UNRES-0086,IS_PRODUCT_MAPPING,REL-IS_PRO-0000159,DOCUMENTED_FOR,PRODUCT,PROD-00102,Flat Transparent Sheet Glass,is_id,Flat Transparent Sheet Glass,product,Flat Transparent Sheet Glass,F010,BIS_Product_Manuals_Master.xlsx,BIS_Product_Manuals,24,NO_STANDARD_IN_SOURCE_ROW,92_VALIDATION/ORPHAN_RECORDS.csv;93_OPERATIONAL/UNRESOLVED_RELATIONSHIP_REFERENCES.csv,1.00
UNRES-0087,IS_PRODUCT_MAPPING,REL-IS_PRO-0000160,DOCUMENTED_FOR,PRODUCT,PROD-00200,"Safety Glass — Architectural, Building and General Uses",is_id,"Safety Glass — Architectural, Building and General Uses",product,"Safety Glass — Architectural, Building and General Uses",F010,BIS_Product_Manuals_Master.xlsx,BIS_Product_Manuals,25,NO_STANDARD_IN_SOURCE_ROW,92_VALIDATION/ORPHAN_RECORDS.csv;93_OPERATIONAL/UNRESOLVED_RELATIONSHIP_REFERENCES.csv,1.00
UNRES-0088,IS_PRODUCT_MAPPING,REL-IS_PRO-0000161,DOCUMENTED_FOR,PRODUCT,PROD-00193,Safety Glass (For Road Transport),is_id,Safety Glass for Road Transport,product,Safety Glass for Road Transport,F010,BIS_Product_Manuals_Master.xlsx,BIS_Product_Manuals,26,NO_STANDARD_IN_SOURCE_ROW,92_VALIDATION/ORPHAN_RECORDS.csv;93_OPERATIONAL/UNRESOLVED_RELATIONSHIP_REFERENCES.csv,1.00
UNRES-0089,IS_PRODUCT_MAPPING,REL-IS_PRO-0000162,DOCUMENTED_FOR,PRODUCT,PROD-00183,Rubber Hose for LPG — Industrial Application,is_id,Rubber Hose for LPG — Industrial Application,product,Rubber Hose for LPG — Industrial Application,F010,BIS_Product_Manuals_Master.xlsx,BIS_Product_Manuals,27,NO_STANDARD_IN_SOURCE_ROW,92_VALIDATION/ORPHAN_RECORDS.csv;93_OPERATIONAL/UNRESOLVED_RELATIONSHIP_REFERENCES.csv,1.00
UNRES-0090,IS_PRODUCT_MAPPING,REL-IS_PRO-0000163,DOCUMENTED_FOR,PRODUCT,PROD-00182,Rubber Hose for LPG — Domestic/Commercial Application,is_id,Rubber Hose for LPG — Domestic/Commercial Application,product,Rubber Hose for LPG — Domestic/Commercial Application,F010,BIS_Product_Manuals_Master.xlsx,BIS_Product_Manuals,28,NO_STANDARD_IN_SOURCE_ROW,92_VALIDATION/ORPHAN_RECORDS.csv;93_OPERATIONAL/UNRESOLVED_RELATIONSHIP_REFERENCES.csv,1.00
UNRES-0091,IS_PRODUCT_MAPPING,REL-IS_PRO-0000164,DOCUMENTED_FOR,PRODUCT,PROD-00044,Aluminium and Aluminium Alloy Bare Foil for Food Packaging,is_id,Aluminium and Aluminium Alloy Bare Foil for Food Packaging,product,Aluminium and Aluminium Alloy Bare Foil for Food Packaging,F010,BIS_Product_Manuals_Master.xlsx,BIS_Product_Manuals,29,NO_STANDARD_IN_SOURCE_ROW,92_VALIDATION/ORPHAN_RECORDS.csv;93_OPERATIONAL/UNRESOLVED_RELATIONSHIP_REFERENCES.csv,1.00
UNRES-0092,IS_PRODUCT_MAPPING,REL-IS_PRO-0000165,DOCUMENTED_FOR,PRODUCT,PROD-00265,Stainless Steel Seamless Pipes and Tubes for General Service,is_id,Stainless Steel Seamless Pipes and Tubes for General Service,product,Stainless Steel Seamless Pipes and Tubes for General Service,F010,BIS_Product_Manuals_Master.xlsx,BIS_Product_Manuals,30,NO_STANDARD_IN_SOURCE_ROW,92_VALIDATION/ORPHAN_RECORDS.csv;93_OPERATIONAL/UNRESOLVED_RELATIONSHIP_REFERENCES.csv,1.00
UNRES-0093,IS_PRODUCT_MAPPING,REL-IS_PRO-0000166,DOCUMENTED_FOR,PRODUCT,PROD-00268,Stainless Steel Welded Pipes and Tubes for General Service,is_id,Stainless Steel Welded Pipes and Tubes for General Service,product,Stainless Steel Welded Pipes and Tubes for General Service,F010,BIS_Product_Manuals_Master.xlsx,BIS_Product_Manuals,31,NO_STANDARD_IN_SOURCE_ROW,92_VALIDATION/ORPHAN_RECORDS.csv;93_OPERATIONAL/UNRESOLVED_RELATIONSHIP_REFERENCES.csv,1.00
UNRES-0094,IS_PRODUCT_MAPPING,REL-IS_PRO-0000167,DOCUMENTED_FOR,PRODUCT,PROD-00097,Flashlight,is_id,Flashlight,product,Flashlight,F010,BIS_Product_Manuals_Master.xlsx,BIS_Product_Manuals,32,NO_STANDARD_IN_SOURCE_ROW,92_VALIDATION/ORPHAN_RECORDS.csv;93_OPERATIONAL/UNRESOLVED_RELATIONSHIP_REFERENCES.csv,1.00
UNRES-0095,IS_PRODUCT_MAPPING,REL-IS_PRO-0000168,DOCUMENTED_FOR,PRODUCT,PROD-00207,Safety of Household and Similar Electrical Appliances — General Requirements,is_id,Safety of Household and Similar Electrical Appliances — General Requirements,product,Safety of Household and Similar Electrical Appliances — General Requirements,F010,BIS_Product_Manuals_Master.xlsx,BIS_Product_Manuals,33,NO_STANDARD_IN_SOURCE_ROW,92_VALIDATION/ORPHAN_RECORDS.csv;93_OPERATIONAL/UNRESOLVED_RELATIONSHIP_REFERENCES.csv,1.00
UNRES-0096,IS_PRODUCT_MAPPING,REL-IS_PRO-0000169,DOCUMENTED_FOR,PRODUCT,PROD-00258,Sports Footwear — General Purpose,is_id,Sports Footwear — General Purpose,product,Sports Footwear — General Purpose,F010,BIS_Product_Manuals_Master.xlsx,BIS_Product_Manuals,34,NO_STANDARD_IN_SOURCE_ROW,92_VALIDATION/ORPHAN_RECORDS.csv;93_OPERATIONAL/UNRESOLVED_RELATIONSHIP_REFERENCES.csv,1.00
UNRES-0097,IS_PRODUCT_MAPPING,REL-IS_PRO-0000170,DOCUMENTED_FOR,PRODUCT,PROD-00259,Sports Footwear — Performance Sports Footwear,is_id,Sports Footwear — Performance Sports Footwear,product,Sports Footwear — Performance Sports Footwear,F010,BIS_Product_Manuals_Master.xlsx,BIS_Product_Manuals,35,NO_STANDARD_IN_SOURCE_ROW,92_VALIDATION/ORPHAN_RECORDS.csv;93_OPERATIONAL/UNRESOLVED_RELATIONSHIP_REFERENCES.csv,1.00
UNRES-0098,IS_PRODUCT_MAPPING,REL-IS_PRO-0000171,DOCUMENTED_FOR,PRODUCT,PROD-00260,Sports Footwear — Professional Sports Footwear,is_id,Sports Footwear — Professional Sports Footwear,product,Sports Footwear — Professional Sports Footwear,F010,BIS_Product_Manuals_Master.xlsx,BIS_Product_Manuals,36,NO_STANDARD_IN_SOURCE_ROW,92_VALIDATION/ORPHAN_RECORDS.csv;93_OPERATIONAL/UNRESOLVED_RELATIONSHIP_REFERENCES.csv,1.00
UNRES-0099,IS_PRODUCT_MAPPING,REL-IS_PRO-0000172,DOCUMENTED_FOR,PRODUCT,PROD-00109,High Ankle Tactical Boots with PU-Rubber Sole,is_id,High Ankle Tactical Boots with PU-Rubber Sole,product,High Ankle Tactical Boots with PU-Rubber Sole,F010,BIS_Product_Manuals_Master.xlsx,BIS_Product_Manuals,37,NO_STANDARD_IN_SOURCE_ROW,92_VALIDATION/ORPHAN_RECORDS.csv;93_OPERATIONAL/UNRESOLVED_RELATIONSHIP_REFERENCES.csv,1.00
UNRES-0100,IS_PRODUCT_MAPPING,REL-IS_PRO-0000173,DOCUMENTED_FOR,PRODUCT,PROD-00047,Anti Riot Shoes,is_id,Anti Riot Shoes,product,Anti Riot Shoes,F010,BIS_Product_Manuals_Master.xlsx,BIS_Product_Manuals,38,NO_STANDARD_IN_SOURCE_ROW,92_VALIDATION/ORPHAN_RECORDS.csv;93_OPERATIONAL/UNRESOLVED_RELATIONSHIP_REFERENCES.csv,1.00
UNRES-0101,IS_PRODUCT_MAPPING,REL-IS_PRO-0000174,DOCUMENTED_FOR,PRODUCT,PROD-00236,Shoes for Services,is_id,Shoes for Services,product,Shoes for Services,F010,BIS_Product_Manuals_Master.xlsx,BIS_Product_Manuals,39,NO_STANDARD_IN_SOURCE_ROW,92_VALIDATION/ORPHAN_RECORDS.csv;93_OPERATIONAL/UNRESOLVED_RELATIONSHIP_REFERENCES.csv,1.00
UNRES-0102,IS_PRODUCT_MAPPING,REL-IS_PRO-0000175,DOCUMENTED_FOR,PRODUCT,PROD-00235,Shoes for General Purpose,is_id,Shoes for General Purpose,product,Shoes for General Purpose,F010,BIS_Product_Manuals_Master.xlsx,BIS_Product_Manuals,40,NO_STANDARD_IN_SOURCE_ROW,92_VALIDATION/ORPHAN_RECORDS.csv;93_OPERATIONAL/UNRESOLVED_RELATIONSHIP_REFERENCES.csv,1.00
UNRES-0103,IS_PRODUCT_MAPPING,REL-IS_PRO-0000176,DOCUMENTED_FOR,PRODUCT,PROD-00188,Safety Footwear,is_id,Safety Footwear,product,Safety Footwear,F010,BIS_Product_Manuals_Master.xlsx,BIS_Product_Manuals,41,NO_STANDARD_IN_SOURCE_ROW,92_VALIDATION/ORPHAN_RECORDS.csv;93_OPERATIONAL/UNRESOLVED_RELATIONSHIP_REFERENCES.csv,1.00
UNRES-0104,IS_PRODUCT_MAPPING,REL-IS_PRO-0000428,TESTED_FOR,PRODUCT,PROD-00310,Work Chairs,is_id,Work Chairs,product,Work Chairs,F032,BIS_Testing_Parameters_Master.xlsx,BIS_Testing_Parameters,2,NO_STANDARD_IN_SOURCE_ROW,92_VALIDATION/ORPHAN_RECORDS.csv;93_OPERATIONAL/UNRESOLVED_RELATIONSHIP_REFERENCES.csv,1.00
UNRES-0105,IS_PRODUCT_MAPPING,REL-IS_PRO-0000429,TESTED_FOR,PRODUCT,PROD-00106,General Purpose Chairs and Stools,is_id,General Purpose Chairs and Stools,product,General Purpose Chairs and Stools,F032,BIS_Testing_Parameters_Master.xlsx,BIS_Testing_Parameters,3,NO_STANDARD_IN_SOURCE_ROW,92_VALIDATION/ORPHAN_RECORDS.csv;93_OPERATIONAL/UNRESOLVED_RELATIONSHIP_REFERENCES.csv,1.00
UNRES-0106,IS_PRODUCT_MAPPING,REL-IS_PRO-0000430,TESTED_FOR,PRODUCT,PROD-00285,Tables and Desks,is_id,Tables and Desks,product,Tables and Desks,F032,BIS_Testing_Parameters_Master.xlsx,BIS_Testing_Parameters,4,NO_STANDARD_IN_SOURCE_ROW,92_VALIDATION/ORPHAN_RECORDS.csv;93_OPERATIONAL/UNRESOLVED_RELATIONSHIP_REFERENCES.csv,1.00
UNRES-0107,IS_PRODUCT_MAPPING,REL-IS_PRO-0000431,TESTED_FOR,PRODUCT,PROD-00274,Storage Units,is_id,Storage Units,product,Storage Units,F032,BIS_Testing_Parameters_Master.xlsx,BIS_Testing_Parameters,5,NO_STANDARD_IN_SOURCE_ROW,92_VALIDATION/ORPHAN_RECORDS.csv;93_OPERATIONAL/UNRESOLVED_RELATIONSHIP_REFERENCES.csv,1.00
UNRES-0108,IS_PRODUCT_MAPPING,REL-IS_PRO-0000432,TESTED_FOR,PRODUCT,PROD-00051,Beds,is_id,Beds,product,Beds,F032,BIS_Testing_Parameters_Master.xlsx,BIS_Testing_Parameters,6,NO_STANDARD_IN_SOURCE_ROW,92_VALIDATION/ORPHAN_RECORDS.csv;93_OPERATIONAL/UNRESOLVED_RELATIONSHIP_REFERENCES.csv,1.00
UNRES-0109,IS_PRODUCT_MAPPING,REL-IS_PRO-0000433,TESTED_FOR,PRODUCT,PROD-00055,Bunk Beds,is_id,Bunk Beds,product,Bunk Beds,F032,BIS_Testing_Parameters_Master.xlsx,BIS_Testing_Parameters,7,NO_STANDARD_IN_SOURCE_ROW,92_VALIDATION/ORPHAN_RECORDS.csv;93_OPERATIONAL/UNRESOLVED_RELATIONSHIP_REFERENCES.csv,1.00
UNRES-0110,IS_PRODUCT_MAPPING,REL-IS_PRO-0000434,TESTED_FOR,PRODUCT,PROD-00083,Domestic Pressure Cooker,is_id,Domestic Pressure Cooker,product,Domestic Pressure Cooker,F032,BIS_Testing_Parameters_Master.xlsx,BIS_Testing_Parameters,8,NO_STANDARD_IN_SOURCE_ROW,92_VALIDATION/ORPHAN_RECORDS.csv;93_OPERATIONAL/UNRESOLVED_RELATIONSHIP_REFERENCES.csv,1.00
UNRES-0111,IS_PRODUCT_MAPPING,REL-IS_PRO-0000435,TESTED_FOR,PRODUCT,PROD-00277,Sulphate Resisting Portland Cement,is_id,Sulphate Resisting Portland Cement,product,Sulphate Resisting Portland Cement,F032,BIS_Testing_Parameters_Master.xlsx,BIS_Testing_Parameters,9,NO_STANDARD_IN_SOURCE_ROW,92_VALIDATION/ORPHAN_RECORDS.csv;93_OPERATIONAL/UNRESOLVED_RELATIONSHIP_REFERENCES.csv,1.00
UNRES-0112,IS_PRODUCT_MAPPING,REL-IS_PRO-0000436,TESTED_FOR,PRODUCT,PROD-00123,Low Heat Portland Cement,is_id,Low Heat Portland Cement,product,Low Heat Portland Cement,F032,BIS_Testing_Parameters_Master.xlsx,BIS_Testing_Parameters,10,NO_STANDARD_IN_SOURCE_ROW,92_VALIDATION/ORPHAN_RECORDS.csv;93_OPERATIONAL/UNRESOLVED_RELATIONSHIP_REFERENCES.csv,1.00
UNRES-0113,IS_PRODUCT_MAPPING,REL-IS_PRO-0000437,TESTED_FOR,PRODUCT,PROD-00155,Portland Pozzolana Cement — Fly Ash Based,is_id,Portland Pozzolana Cement — Fly Ash Based,product,Portland Pozzolana Cement — Fly Ash Based,F032,BIS_Testing_Parameters_Master.xlsx,BIS_Testing_Parameters,11,NO_STANDARD_IN_SOURCE_ROW,92_VALIDATION/ORPHAN_RECORDS.csv;93_OPERATIONAL/UNRESOLVED_RELATIONSHIP_REFERENCES.csv,1.00
UNRES-0114,IS_PRODUCT_MAPPING,REL-IS_PRO-0000438,TESTED_FOR,PRODUCT,PROD-00154,Portland Pozzolana Cement — Calcined Clay Based,is_id,Portland Pozzolana Cement — Calcined Clay Based,product,Portland Pozzolana Cement — Calcined Clay Based,F032,BIS_Testing_Parameters_Master.xlsx,BIS_Testing_Parameters,12,NO_STANDARD_IN_SOURCE_ROW,92_VALIDATION/ORPHAN_RECORDS.csv;93_OPERATIONAL/UNRESOLVED_RELATIONSHIP_REFERENCES.csv,1.00
UNRES-0115,IS_PRODUCT_MAPPING,REL-IS_PRO-0000439,TESTED_FOR,PRODUCT,PROD-00131,Ordinary Portland Cement,is_id,Ordinary Portland Cement,product,Ordinary Portland Cement,F032,BIS_Testing_Parameters_Master.xlsx,BIS_Testing_Parameters,13,NO_STANDARD_IN_SOURCE_ROW,92_VALIDATION/ORPHAN_RECORDS.csv;93_OPERATIONAL/UNRESOLVED_RELATIONSHIP_REFERENCES.csv,1.00
UNRES-0116,IS_PRODUCT_MAPPING,REL-IS_PRO-0000440,TESTED_FOR,PRODUCT,PROD-00158,Portland Slag Cement,is_id,Portland Slag Cement,product,Portland Slag Cement,F032,BIS_Testing_Parameters_Master.xlsx,BIS_Testing_Parameters,14,NO_STANDARD_IN_SOURCE_ROW,92_VALIDATION/ORPHAN_RECORDS.csv;93_OPERATIONAL/UNRESOLVED_RELATIONSHIP_REFERENCES.csv,1.00
UNRES-0117,IS_PRODUCT_MAPPING,REL-IS_PRO-0000441,TESTED_FOR,PRODUCT,PROD-00168,Rapid Hardening Portland Cement,is_id,Rapid Hardening Portland Cement,product,Rapid Hardening Portland Cement,F032,BIS_Testing_Parameters_Master.xlsx,BIS_Testing_Parameters,15,NO_STANDARD_IN_SOURCE_ROW,92_VALIDATION/ORPHAN_RECORDS.csv;93_OPERATIONAL/UNRESOLVED_RELATIONSHIP_REFERENCES.csv,1.00
UNRES-0118,IS_PRODUCT_MAPPING,REL-IS_PRO-0000442,TESTED_FOR,PRODUCT,PROD-00305,White Portland Cement,is_id,White Portland Cement,product,White Portland Cement,F032,BIS_Testing_Parameters_Master.xlsx,BIS_Testing_Parameters,16,NO_STANDARD_IN_SOURCE_ROW,92_VALIDATION/ORPHAN_RECORDS.csv;93_OPERATIONAL/UNRESOLVED_RELATIONSHIP_REFERENCES.csv,1.00
UNRES-0119,IS_PRODUCT_MAPPING,REL-IS_PRO-0000443,TESTED_FOR,PRODUCT,PROD-00111,Hydrophobic Portland Cement,is_id,Hydrophobic Portland Cement,product,Hydrophobic Portland Cement,F032,BIS_Testing_Parameters_Master.xlsx,BIS_Testing_Parameters,17,NO_STANDARD_IN_SOURCE_ROW,92_VALIDATION/ORPHAN_RECORDS.csv;93_OPERATIONAL/UNRESOLVED_RELATIONSHIP_REFERENCES.csv,1.00
UNRES-0120,IS_PRODUCT_MAPPING,REL-IS_PRO-0000444,TESTED_FOR,PRODUCT,PROD-00066,Composite Cement,is_id,Composite Cement,product,Composite Cement,F032,BIS_Testing_Parameters_Master.xlsx,BIS_Testing_Parameters,18,NO_STANDARD_IN_SOURCE_ROW,92_VALIDATION/ORPHAN_RECORDS.csv;93_OPERATIONAL/UNRESOLVED_RELATIONSHIP_REFERENCES.csv,1.00
UNRES-0121,IS_PRODUCT_MAPPING,REL-IS_PRO-0000445,TESTED_FOR,PRODUCT,PROD-00223,Safety of Toys — Mechanical & Physical,is_id,Safety of Toys — Mechanical & Physical,product,Safety of Toys — Mechanical & Physical,F032,BIS_Testing_Parameters_Master.xlsx,BIS_Testing_Parameters,19,NO_STANDARD_IN_SOURCE_ROW,92_VALIDATION/ORPHAN_RECORDS.csv;93_OPERATIONAL/UNRESOLVED_RELATIONSHIP_REFERENCES.csv,1.00
UNRES-0122,IS_PRODUCT_MAPPING,REL-IS_PRO-0000446,TESTED_FOR,PRODUCT,PROD-00222,Safety of Toys — Flammability,is_id,Safety of Toys — Flammability,product,Safety of Toys — Flammability,F032,BIS_Testing_Parameters_Master.xlsx,BIS_Testing_Parameters,20,NO_STANDARD_IN_SOURCE_ROW,92_VALIDATION/ORPHAN_RECORDS.csv;93_OPERATIONAL/UNRESOLVED_RELATIONSHIP_REFERENCES.csv,1.00
UNRES-0123,IS_PRODUCT_MAPPING,REL-IS_PRO-0000447,TESTED_FOR,PRODUCT,PROD-00224,Safety of Toys — Migration of Certain Elements,is_id,Safety of Toys — Migration of Certain Elements,product,Safety of Toys — Migration of Certain Elements,F032,BIS_Testing_Parameters_Master.xlsx,BIS_Testing_Parameters,21,NO_STANDARD_IN_SOURCE_ROW,92_VALIDATION/ORPHAN_RECORDS.csv;93_OPERATIONAL/UNRESOLVED_RELATIONSHIP_REFERENCES.csv,1.00
UNRES-0124,IS_PRODUCT_MAPPING,REL-IS_PRO-0000448,TESTED_FOR,PRODUCT,PROD-00279,"Swings, Slides and Similar Activity Toys",is_id,"Swings, Slides and Similar Activity Toys",product,"Swings, Slides and Similar Activity Toys",F032,BIS_Testing_Parameters_Master.xlsx,BIS_Testing_Parameters,22,NO_STANDARD_IN_SOURCE_ROW,92_VALIDATION/ORPHAN_RECORDS.csv;93_OPERATIONAL/UNRESOLVED_RELATIONSHIP_REFERENCES.csv,1.00
UNRES-0125,IS_PRODUCT_MAPPING,REL-IS_PRO-0000449,TESTED_FOR,PRODUCT,PROD-00203,Safety of Electric Toys,is_id,Safety of Electric Toys,product,Safety of Electric Toys,F032,BIS_Testing_Parameters_Master.xlsx,BIS_Testing_Parameters,23,NO_STANDARD_IN_SOURCE_ROW,92_VALIDATION/ORPHAN_RECORDS.csv;93_OPERATIONAL/UNRESOLVED_RELATIONSHIP_REFERENCES.csv,1.00
UNRES-0126,IS_PRODUCT_MAPPING,REL-IS_PRO-0000450,TESTED_FOR,PRODUCT,PROD-00102,Flat Transparent Sheet Glass,is_id,Flat Transparent Sheet Glass,product,Flat Transparent Sheet Glass,F032,BIS_Testing_Parameters_Master.xlsx,BIS_Testing_Parameters,24,NO_STANDARD_IN_SOURCE_ROW,92_VALIDATION/ORPHAN_RECORDS.csv;93_OPERATIONAL/UNRESOLVED_RELATIONSHIP_REFERENCES.csv,1.00
UNRES-0127,IS_PRODUCT_MAPPING,REL-IS_PRO-0000451,TESTED_FOR,PRODUCT,PROD-00200,"Safety Glass — Architectural, Building and General Uses",is_id,"Safety Glass — Architectural, Building and General Uses",product,"Safety Glass — Architectural, Building and General Uses",F032,BIS_Testing_Parameters_Master.xlsx,BIS_Testing_Parameters,25,NO_STANDARD_IN_SOURCE_ROW,92_VALIDATION/ORPHAN_RECORDS.csv;93_OPERATIONAL/UNRESOLVED_RELATIONSHIP_REFERENCES.csv,1.00
UNRES-0128,IS_PRODUCT_MAPPING,REL-IS_PRO-0000452,TESTED_FOR,PRODUCT,PROD-00193,Safety Glass (For Road Transport),is_id,Safety Glass for Road Transport,product,Safety Glass for Road Transport,F032,BIS_Testing_Parameters_Master.xlsx,BIS_Testing_Parameters,26,NO_STANDARD_IN_SOURCE_ROW,92_VALIDATION/ORPHAN_RECORDS.csv;93_OPERATIONAL/UNRESOLVED_RELATIONSHIP_REFERENCES.csv,1.00
UNRES-0129,IS_PRODUCT_MAPPING,REL-IS_PRO-0000453,TESTED_FOR,PRODUCT,PROD-00183,Rubber Hose for LPG — Industrial Application,is_id,Rubber Hose for LPG — Industrial Application,product,Rubber Hose for LPG — Industrial Application,F032,BIS_Testing_Parameters_Master.xlsx,BIS_Testing_Parameters,27,NO_STANDARD_IN_SOURCE_ROW,92_VALIDATION/ORPHAN_RECORDS.csv;93_OPERATIONAL/UNRESOLVED_RELATIONSHIP_REFERENCES.csv,1.00
UNRES-0130,IS_PRODUCT_MAPPING,REL-IS_PRO-0000454,TESTED_FOR,PRODUCT,PROD-00180,Rubber Hose for LPG — Domestic & Commercial Application,is_id,Rubber Hose for LPG — Domestic & Commercial Application,product,Rubber Hose for LPG — Domestic & Commercial Application,F032,BIS_Testing_Parameters_Master.xlsx,BIS_Testing_Parameters,28,NO_STANDARD_IN_SOURCE_ROW,92_VALIDATION/ORPHAN_RECORDS.csv;93_OPERATIONAL/UNRESOLVED_RELATIONSHIP_REFERENCES.csv,1.00
UNRES-0131,IS_PRODUCT_MAPPING,REL-IS_PRO-0000455,TESTED_FOR,PRODUCT,PROD-00044,Aluminium and Aluminium Alloy Bare Foil for Food Packaging,is_id,Aluminium and Aluminium Alloy Bare Foil for Food Packaging,product,Aluminium and Aluminium Alloy Bare Foil for Food Packaging,F032,BIS_Testing_Parameters_Master.xlsx,BIS_Testing_Parameters,29,NO_STANDARD_IN_SOURCE_ROW,92_VALIDATION/ORPHAN_RECORDS.csv;93_OPERATIONAL/UNRESOLVED_RELATIONSHIP_REFERENCES.csv,1.00
UNRES-0132,IS_PRODUCT_MAPPING,REL-IS_PRO-0000456,TESTED_FOR,PRODUCT,PROD-00265,Stainless Steel Seamless Pipes and Tubes for General Service,is_id,Stainless Steel Seamless Pipes and Tubes for General Service,product,Stainless Steel Seamless Pipes and Tubes for General Service,F032,BIS_Testing_Parameters_Master.xlsx,BIS_Testing_Parameters,30,NO_STANDARD_IN_SOURCE_ROW,92_VALIDATION/ORPHAN_RECORDS.csv;93_OPERATIONAL/UNRESOLVED_RELATIONSHIP_REFERENCES.csv,1.00
UNRES-0133,IS_PRODUCT_MAPPING,REL-IS_PRO-0000457,TESTED_FOR,PRODUCT,PROD-00268,Stainless Steel Welded Pipes and Tubes for General Service,is_id,Stainless Steel Welded Pipes and Tubes for General Service,product,Stainless Steel Welded Pipes and Tubes for General Service,F032,BIS_Testing_Parameters_Master.xlsx,BIS_Testing_Parameters,31,NO_STANDARD_IN_SOURCE_ROW,92_VALIDATION/ORPHAN_RECORDS.csv;93_OPERATIONAL/UNRESOLVED_RELATIONSHIP_REFERENCES.csv,1.00
UNRES-0134,IS_PRODUCT_MAPPING,REL-IS_PRO-0000458,TESTED_FOR,PRODUCT,PROD-00097,Flashlight,is_id,Flashlight,product,Flashlight,F032,BIS_Testing_Parameters_Master.xlsx,BIS_Testing_Parameters,32,NO_STANDARD_IN_SOURCE_ROW,92_VALIDATION/ORPHAN_RECORDS.csv;93_OPERATIONAL/UNRESOLVED_RELATIONSHIP_REFERENCES.csv,1.00
UNRES-0135,IS_PRODUCT_MAPPING,REL-IS_PRO-0000459,TESTED_FOR,PRODUCT,PROD-00110,Household and Similar Electrical Appliances — General Requirements,is_id,Household and Similar Electrical Appliances — General Requirements,product,Household and Similar Electrical Appliances — General Requirements,F032,BIS_Testing_Parameters_Master.xlsx,BIS_Testing_Parameters,33,NO_STANDARD_IN_SOURCE_ROW,92_VALIDATION/ORPHAN_RECORDS.csv;93_OPERATIONAL/UNRESOLVED_RELATIONSHIP_REFERENCES.csv,1.00
UNRES-0136,IS_PRODUCT_MAPPING,REL-IS_PRO-0000460,TESTED_FOR,PRODUCT,PROD-00258,Sports Footwear — General Purpose,is_id,Sports Footwear — General Purpose,product,Sports Footwear — General Purpose,F032,BIS_Testing_Parameters_Master.xlsx,BIS_Testing_Parameters,34,NO_STANDARD_IN_SOURCE_ROW,92_VALIDATION/ORPHAN_RECORDS.csv;93_OPERATIONAL/UNRESOLVED_RELATIONSHIP_REFERENCES.csv,1.00
UNRES-0137,IS_PRODUCT_MAPPING,REL-IS_PRO-0000461,TESTED_FOR,PRODUCT,PROD-00259,Sports Footwear — Performance Sports Footwear,is_id,Sports Footwear — Performance Sports Footwear,product,Sports Footwear — Performance Sports Footwear,F032,BIS_Testing_Parameters_Master.xlsx,BIS_Testing_Parameters,35,NO_STANDARD_IN_SOURCE_ROW,92_VALIDATION/ORPHAN_RECORDS.csv;93_OPERATIONAL/UNRESOLVED_RELATIONSHIP_REFERENCES.csv,1.00
UNRES-0138,IS_PRODUCT_MAPPING,REL-IS_PRO-0000462,TESTED_FOR,PRODUCT,PROD-00260,Sports Footwear — Professional Sports Footwear,is_id,Sports Footwear — Professional Sports Footwear,product,Sports Footwear — Professional Sports Footwear,F032,BIS_Testing_Parameters_Master.xlsx,BIS_Testing_Parameters,36,NO_STANDARD_IN_SOURCE_ROW,92_VALIDATION/ORPHAN_RECORDS.csv;93_OPERATIONAL/UNRESOLVED_RELATIONSHIP_REFERENCES.csv,1.00
UNRES-0139,IS_PRODUCT_MAPPING,REL-IS_PRO-0000463,TESTED_FOR,PRODUCT,PROD-00109,High Ankle Tactical Boots with PU-Rubber Sole,is_id,High Ankle Tactical Boots with PU-Rubber Sole,product,High Ankle Tactical Boots with PU-Rubber Sole,F032,BIS_Testing_Parameters_Master.xlsx,BIS_Testing_Parameters,37,NO_STANDARD_IN_SOURCE_ROW,92_VALIDATION/ORPHAN_RECORDS.csv;93_OPERATIONAL/UNRESOLVED_RELATIONSHIP_REFERENCES.csv,1.00
UNRES-0140,IS_PRODUCT_MAPPING,REL-IS_PRO-0000464,TESTED_FOR,PRODUCT,PROD-00047,Anti Riot Shoes,is_id,Anti-Riot Shoes,product,Anti-Riot Shoes,F032,BIS_Testing_Parameters_Master.xlsx,BIS_Testing_Parameters,38,NO_STANDARD_IN_SOURCE_ROW,92_VALIDATION/ORPHAN_RECORDS.csv;93_OPERATIONAL/UNRESOLVED_RELATIONSHIP_REFERENCES.csv,1.00
UNRES-0141,IS_PRODUCT_MAPPING,REL-IS_PRO-0000465,TESTED_FOR,PRODUCT,PROD-00236,Shoes for Services,is_id,Shoes for Services,product,Shoes for Services,F032,BIS_Testing_Parameters_Master.xlsx,BIS_Testing_Parameters,39,NO_STANDARD_IN_SOURCE_ROW,92_VALIDATION/ORPHAN_RECORDS.csv;93_OPERATIONAL/UNRESOLVED_RELATIONSHIP_REFERENCES.csv,1.00
UNRES-0142,IS_PRODUCT_MAPPING,REL-IS_PRO-0000466,TESTED_FOR,PRODUCT,PROD-00235,Shoes for General Purpose,is_id,Shoes for General Purpose,product,Shoes for General Purpose,F032,BIS_Testing_Parameters_Master.xlsx,BIS_Testing_Parameters,40,NO_STANDARD_IN_SOURCE_ROW,92_VALIDATION/ORPHAN_RECORDS.csv;93_OPERATIONAL/UNRESOLVED_RELATIONSHIP_REFERENCES.csv,1.00
UNRES-0143,IS_PRODUCT_MAPPING,REL-IS_PRO-0000467,TESTED_FOR,PRODUCT,PROD-00141,Personal Protective Equipment — Safety Footwear,is_id,Personal Protective Equipment — Safety Footwear,product,Personal Protective Equipment — Safety Footwear,F032,BIS_Testing_Parameters_Master.xlsx,BIS_Testing_Parameters,41,NO_STANDARD_IN_SOURCE_ROW,92_VALIDATION/ORPHAN_RECORDS.csv;93_OPERATIONAL/UNRESOLVED_RELATIONSHIP_REFERENCES.csv,1.00
UNRES-0144,IS_PRODUCT_MAPPING,REL-IS_PRO-0000468,TESTED_FOR,PRODUCT,PROD-00125,Low-Voltage Switchgear and Controlgear — Circuit Breakers,is_id,Low-Voltage Switchgear and Controlgear — Circuit Breakers,product,Low-Voltage Switchgear and Controlgear — Circuit Breakers,F032,BIS_Testing_Parameters_Master.xlsx,BIS_Testing_Parameters,42,NO_STANDARD_IN_SOURCE_ROW,92_VALIDATION/ORPHAN_RECORDS.csv;93_OPERATIONAL/UNRESOLVED_RELATIONSHIP_REFERENCES.csv,1.00
UNRES-0145,IS_PRODUCT_MAPPING,REL-IS_PRO-0000469,TESTED_FOR,PRODUCT,PROD-00282,"Switches, Disconnectors, Switch-Disconnectors & Fuse-Combination Units",is_id,"Switches, Disconnectors, Switch-Disconnectors & Fuse-Combination Units",product,"Switches, Disconnectors, Switch-Disconnectors & Fuse-Combination Units",F032,BIS_Testing_Parameters_Master.xlsx,BIS_Testing_Parameters,43,NO_STANDARD_IN_SOURCE_ROW,92_VALIDATION/ORPHAN_RECORDS.csv;93_OPERATIONAL/UNRESOLVED_RELATIONSHIP_REFERENCES.csv,1.00
UNRES-0146,IS_PRODUCT_MAPPING,REL-IS_PRO-0000470,TESTED_FOR,PRODUCT,PROD-00070,Contactors and Motor Starters,is_id,Contactors and Motor-Starters,product,Contactors and Motor-Starters,F032,BIS_Testing_Parameters_Master.xlsx,BIS_Testing_Parameters,44,NO_STANDARD_IN_SOURCE_ROW,92_VALIDATION/ORPHAN_RECORDS.csv;93_OPERATIONAL/UNRESOLVED_RELATIONSHIP_REFERENCES.csv,1.00
UNRES-0147,IS_PRODUCT_MAPPING,REL-IS_PRO-0000471,TESTED_FOR,PRODUCT,PROD-00089,Electromechanical Control Circuit Devices and Switching Elements,is_id,Electromechanical Control Circuit Devices and Switching Elements,product,Electromechanical Control Circuit Devices and Switching Elements,F032,BIS_Testing_Parameters_Master.xlsx,BIS_Testing_Parameters,45,NO_STANDARD_IN_SOURCE_ROW,92_VALIDATION/ORPHAN_RECORDS.csv;93_OPERATIONAL/UNRESOLVED_RELATIONSHIP_REFERENCES.csv,1.00
UNRES-0148,IS_PRODUCT_MAPPING,REL-IS_PRO-0000472,TESTED_FOR,PRODUCT,PROD-00087,Electrical Emergency Stop Devices with Mechanical Latching Function,is_id,Electrical Emergency Stop Devices with Mechanical Latching Function,product,Electrical Emergency Stop Devices with Mechanical Latching Function,F032,BIS_Testing_Parameters_Master.xlsx,BIS_Testing_Parameters,46,NO_STANDARD_IN_SOURCE_ROW,92_VALIDATION/ORPHAN_RECORDS.csv;93_OPERATIONAL/UNRESOLVED_RELATIONSHIP_REFERENCES.csv,1.00
