canonical_entity,canonical_entity_id,source_sheet,source_row,source_product_ids,product_name,alternate_names,product_category,product_subcategory,product_description,keywords,related_is_text,related_qco_text,related_scheme_text,source_url
PRODUCT,PROD-00313,Products_Details,2,27280 (from standard record endpoint),Work Chairs - Specification,None / Not specified (Superseding IS: None),Civil Engineering Department (CED),CED 35 (Furniture Sectional Committee),"IS 17631: 2022 deals with specifications for work chairs, which include completely manufactured or ready-to-assemble chairs used in office environments. This standard covers various chair types, ensuring they meet ergonomic, strength, and durability requirements. It defines performance criteria focusing on stability, strength, and durability tests to simulate normal and extreme use conditions, as well as requirements for materials, design, workmanship, surface resistance to mechanical damage, and environmental factors.",Ergonomic office chairs | durable work chairs | adjustable chairs | office furniture standards | ergonomic seating solutions | office chair,IS 17631:2022,2 Gazette Documents listed (Click to download section),"Product Specification (Product Manual & SIT: 1, Active Licenses: 40, Labs: 13)",Indian Standards - BIS Connect
PRODUCT,PROD-00107,Products_Details,3,IS 17632:2022,General Purpose Chairs and Stools - Specification,None (New Standard superseding previous general seating standards),Civil Engineering Department (CED),CED 35 (Furniture Sectional Committee),"Specifies performance, safety, strength, stability, and durability requirements for completely manufactured and ready-to-assemble general purpose chairs and stools used in residential, commercial, educational, and public seating areas.",General purpose chairs | stools | seating furniture | chair stability | durability testing | CED 35,IS 17632:2022 | IS 17637,Furniture (Quality Control) Order,"Product Specification (Scheme-I, ISI Mark)",Indian Standards - BIS Connect
PRODUCT,PROD-00286,Products_Details,4,IS 17633:2022,Tables and Desks - Specification,None (New Standard),Civil Engineering Department (CED),CED 35 (Furniture Sectional Committee),"Covers safety, stability, strength, and structural performance requirements for general, office, institutional, and domestic tables and desks.",Tables | desks | office tables | study desks | stability testing | furniture specification,IS 17633:2022,Furniture (Quality Control) Order (2 Gazette Documents),"Product Specification (Product Manual & SIT: 1, Active Licenses: 79, Labs: 14)",Indian Standards - BIS Connect
PRODUCT,PROD-00275,Products_Details,5,IS 17634:2022,Storage Units - Specification,None (New Standard),Civil Engineering Department (CED),CED 35 (Furniture Sectional Committee),"Specifies requirements related to performance, structural integrity, and safety (including tip-over and overturning stability, shelf load-bearing capacity, and drawer strength) for domestic and institutional storage units like wardrobes, almirahs, cabinets, bookshelves, and filing units.",Storage units | wardrobes | almirahs | filing cabinets | cupboards | shelving units | tip-over stability,IS 17634:2022 | IS 17637,Furniture (Quality Control) Order,"Product Specification (Scheme-I, ISI Mark)",Indian Standards - BIS Connect
PRODUCT,PROD-00052,Products_Details,6,IS 17635:2022,Beds - Specification,None (New Standard),Civil Engineering Department (CED),CED 35 (Furniture Sectional Committee),"Outlines the design, strength, safety, and durability criteria for adult beds intended for domestic and non-domestic/commercial applications.",Beds | adult beds | cot | bed frames | domestic furniture | furniture strength,IS 17635:2022,Furniture (Quality Control) Order,"Product Specification (Scheme-I, ISI Mark)",Indian Standards - BIS Connect
PRODUCT,PROD-00057,Products_Details,7,IS 17636:2022,Bunk Beds and High Beds - Specification,None (New Standard),Civil Engineering Department (CED),CED 35 (Furniture Sectional Committee),"Specifies requirements regarding structural safety, stability, entrapment hazard prevention, guardrails, and strength for bunk beds and elevated/high beds.",Bunk beds | high beds | loft beds | elevated beds | entrapment hazards | safety barriers,IS 17636:2022,Furniture (Quality Control) Order,"Product Specification (Scheme-I, ISI Mark)",Indian Standards - BIS Connect
PRODUCT,PROD-00084,Products_Details,8,IS 2347:2023,Domestic Pressure Cooker - Specification (Seventh Revision),Domestic Pressure Cookers (Supersedes IS 2347:2017),Mechanical Engineering Department (MED),"MED 33 (Utensils, Cutlery and Domestic Hardware Sectional Committee)","Covers construction, nominal capacities (1 L to 22 L), material safety (food grade), pressure regulation, safety release mechanisms, lid locking, and heat-resistant handle requirements for domestic pressure cookers.",Domestic pressure cooker | safety valve | pressure release device | ISI pressure cooker | MED 33 | food grade,IS 2347:2023,Domestic Pressure Cooker (Quality Control) Order (Mandatory Certification),"Product Specification (Scheme-I, Mandatory ISI Mark, 440+ Licenses)",Standard Details - Bureau of Indian Standards
PRODUCT,PROD-00277,Products_Details,9,IS 12330:1998,Sulphate Resisting Portland Cement,SRPC | Sulphate Resistant Cement,Civil Engineering/Construction Materials,Hydraulic Binders/Special Portland Cements,"Specification covering the manufacturing, chemical composition, physical properties, and testing of Sulphate Resisting Portland Cement (SRPC) with controlled C3A content for concrete exposed to aggressive sulphate conditions.",SRPC | sulphate resisting cement | C3A content | marine concrete | IS 12330 | BIS certification,IS 269 | IS 4031 | IS 4032 | IS 456,Cement (Quality Control) Order,BIS Scheme-I (ISI Mark Certification Scheme),BIS Connect - IS Details
PRODUCT,PROD-00123,Products_Details,10,IS 12600:1989,Low Heat Portland Cement,LHPC | Low Heat Cement,Civil Engineering/Construction Materials,Hydraulic Binders/Special Portland Cements,"Standard specifying chemical and physical requirements for Low Heat Portland Cement, designed to limit the heat of hydration in mass concrete structures such as dams and thick foundations.",low heat cement | LHPC | mass concreting | heat of hydration | IS 12600 | BIS,IS 269 | IS 4031 | IS 457,Cement (Quality Control) Order,BIS Scheme-I (ISI Mark),BIS Connect - IS Details
PRODUCT,PROD-00152,Products_Details,11,IS 1489 (Part 1):2015,Portland Pozzolana Cement - Specification - Part 1: Fly Ash Based,PPC (Fly Ash Based) | Blended Cement,Civil Engineering/Construction Materials,Blended Hydraulic Cements,"Specifies the manufacturing, chemical, and physical performance requirements for Portland Pozzolana Cement manufactured using pulverized fuel ash (fly ash).",PPC | fly ash cement | pozzolana | blended cement | IS 1489 Part 1,IS 1489 (Part 2) | IS 3812 | IS 4031 | IS 269,Cement (Quality Control) Order,BIS Scheme-I (ISI Mark Scheme),BIS Connect - IS Details
PRODUCT,PROD-00153,Products_Details,12,IS 1489 (Part 2):2015,Portland Pozzolana Cement - Specification - Part 2: Calcined Clay Based,PPC (Calcined Clay Based),Civil Engineering/Construction Materials,Blended Hydraulic Cements,Standard specifying requirements for Portland Pozzolana Cement produced by blending or intergrinding calcined clay pozzolana with Portland cement clinker and gypsum.,PPC calcined clay | pozzolana | hydraulic cement | IS 1489 Part 2,IS 1489 (Part 1) | IS 4031 | IS 4032,Cement (Quality Control) Order,BIS Scheme-I (ISI Mark),BIS Connect - IS Details
PRODUCT,PROD-00133,Products_Details,13,IS 269:2015,Ordinary Portland Cement - Specification,OPC | OPC 33 / 43 / 53 Grade,Civil Engineering/Construction Materials,Standard Portland Cements,"Unified standard covering the physical and chemical requirements, sampling, and testing of 33, 43, and 53 grade Ordinary Portland Cement for general construction.",OPC | ordinary portland cement | 43 grade | 53 grade | IS 269 | ISI mark,IS 4031 | IS 4032 | IS 456,Cement (Quality Control) Order,BIS Scheme-I (ISI Mark),BIS Connect - IS Details
PRODUCT,PROD-00159,Products_Details,14,IS 455:2015,Portland Slag Cement - Specification,PSC | Slag Cement,Civil Engineering/Construction Materials,Blended Hydraulic Cements,"Prescribes manufacturing, chemical, and physical characteristics of Portland Slag Cement made by inter-grinding clinker, gypsum, and granulated blast-furnace slag.",PSC | slag cement | blast furnace slag | blended cement | IS 455,IS 269 | IS 4031 | IS 12089,Cement (Quality Control) Order,BIS Scheme-I (ISI Mark),BIS Connect - IS Details
PRODUCT,PROD-00169,Products_Details,15,IS 8041:1990,Rapid Hardening Portland Cement - Specification,RHPC | High Early Strength Cement,Civil Engineering/Construction Materials,Special Portland Cements,"Specifies properties for high-early-strength Portland cement intended for rapid construction cycles, precast components, and cold-weather work.",RHPC | rapid hardening | early strength cement | IS 8041,IS 269 | IS 4031 | IS 4032,Cement (Quality Control) Order,BIS Scheme-I (ISI Mark),BIS Connect - IS Details
PRODUCT,PROD-00306,Products_Details,16,IS 8042:2015,White Portland Cement - Specification,White Cement,Civil Engineering/Construction Materials,Special Portland Cements,"Specifies composition, whiteness index, physical traits, and compressive strength criteria for White Portland Cement used in decorative and architectural applications.",white cement | architectural cement | reflectance | IS 8042,IS 269 | IS 4031 | IS 4032,Cement (Quality Control) Order,BIS Scheme-I (ISI Mark),BIS Connect - IS Details
PRODUCT,PROD-00112,Products_Details,17,IS 8043:1991,Hydrophobic Portland Cement - Specification,Waterproof Portland Cement | Water-Repellent Cement,Civil Engineering/Construction Materials,Special Portland Cements,Covers Portland cement treated with film-forming hydrophobic admixtures to prevent moisture deterioration during prolonged storage and transport in humid conditions.,hydrophobic cement | water repellent cement | IS 8043,IS 269 | IS 4031 | IS 4032,Cement (Quality Control) Order,BIS Scheme-I (ISI Mark),BIS Connect - IS Details
PRODUCT,PROD-00067,Products_Details,18,IS 16415:2015,Composite Cement - Specification,Multi-blend Cement,Civil Engineering/Construction Materials,Blended Hydraulic Cements,Specifies requirements for ternary blended composite cement produced by intergrinding Portland clinker with both granulated slag and fly ash / pozzolana.,composite cement | ternary cement | fly ash slag blend | IS 16415,IS 269 | IS 455 | IS 1489,Cement (Quality Control) Order,BIS Scheme-I (ISI Mark),BIS Connect - IS Details
PRODUCT,PROD-00214,Products_Details,19,IS 9873 (Part 1):2012 / ISO 8124-1,Safety of Toys - Part 1: Safety Aspects Related to Mechanical and Physical Properties,Physical and Mechanical Toy Safety Standard,Consumer Products/Toys,Toy Safety Standards,"Specifies test methods and safety limits for physical and mechanical hazards in toys (such as sharp edges, choking hazards, small parts, points, and structural integrity).",toy safety | small parts | choking hazards | mechanical safety | IS 9873 Part 1,IS 9873 | IS 15644,Toys (Quality Control) Order,BIS Scheme-I (ISI Mark Scheme),BIS Connect - IS Details
PRODUCT,PROD-00215,Products_Details,20,IS 9873 (Part 2):2017 / ISO 8124-2,Safety of Toys - Part 2: Flammability,Toy Flammability Safety Standard,Consumer Products/Toys,Toy Safety Standards,"Specifies the categories of flammable materials forbidden in toy construction and test methods for the rate of flame spread on plush toys, costumes, and disguises.",toy flammability | flame spread | fire safety | IS 9873 Part 2,IS 9873 (Part 1) | IS 9873 (Part 3),Toys (Quality Control) Order,BIS Scheme-I (ISI Mark),BIS Connect - IS Details
PRODUCT,PROD-00216,Products_Details,21,IS 9873 (Part 3):2017 / ISO 8124-3,Safety of Toys - Part 3: Migration of Certain Elements,Toy Chemical Safety / Heavy Metals Limit,Consumer Products/Toys,Chemical Safety of Toys,"Details the maximum acceptable migration limits and extraction test procedures for toxic elements (lead, cadmium, antimony, arsenic, barium, chromium, mercury, and selenium) from toy materials.",heavy metals | elemental migration | lead in toys | IS 9873 Part 3,IS 9873 (Part 1) | IS 9873 (Part 6),Toys (Quality Control) Order,BIS Scheme-I (ISI Mark),BIS Connect - IS Details
PRODUCT,PROD-00219,Products_Details,22,IS 9873 (Part 4):2017 / ISO 8124-4,"Safety of Toys - Part 4: Swings, Slides and Similar Activity Toys for Domestic Use",Activity Toys Safety Standard,Consumer Products/Toys,Activity & Outdoor Toys,"Specifies structural requirements, entanglement hazards, entrapment limits, and stability testing for domestic activity toys including swings, slides, and climbing frames.",activity toys | domestic swings | slides | entrapment test | IS 9873 Part 4,IS 9873 (Part 1),Toys (Quality Control) Order,BIS Scheme-I (ISI Mark),BIS Connect - IS Details
PRODUCT,PROD-00203,Products_Details,23,IS 15644:2006 / IEC 62115,Safety of Electric Toys,Electric Toy Safety,Consumer Electronics/Toys,Electrical Safety,"Outlines electrical, thermal, radiation, and battery-safety criteria to prevent electrical shocks, burns, short-circuits, and fire risks from battery-operated or mains-powered toys.",electric toys | battery toys | electrical safety | IS 15644 | IEC 62115,IS 9873 | IS 302,Toys (Quality Control) Order,BIS Scheme-I (ISI Mark),BIS Connect - IS Details
PRODUCT,PROD-00103,Products_Details,24,IS 2835:1987,Flat Transparent Sheet Glass - Specification,Sheet Glass | Window Glass,Civil Engineering/Building Glass,Glazing Materials,"Covers dimensions, thickness tolerances, optical distortion, inclusions, and physical performance of flat transparent sheet glass used in general glazing and framing.",sheet glass | flat glass | window panes | glazing | IS 2835,IS 2553 | IS 14900,Flat Glass (Quality Control) Order,BIS Scheme-I (ISI Mark),BIS Connect - IS Details
PRODUCT,PROD-00197,Products_Details,25,IS 2553 (Part 1):2018,"Safety Glass - Specification - Part 1: Architectural, Building and General Purpose",Architectural Toughened / Laminated Safety Glass,Building Materials/Glass,Safety & Security Glazing,"Specifies mechanical strength, fragmentation behavior, impact resistance, and optical parameters for toughened and laminated safety glass used in buildings and civil structures.",toughened glass | architectural safety glass | laminated glass | IS 2553 Part 1,IS 2553 (Part 2) | IS 2835,Safety Glass (Quality Control) Order,BIS Scheme-I (ISI Mark),BIS Connect - IS Details
PRODUCT,PROD-00198,Products_Details,26,IS 2553 (Part 2):2019,Safety Glass - Specification - Part 2: For Road Transport,Automotive Safety Glass (Windshields & Side Windows),Automotive Components/Glass,Automotive Safety Glazing,"Mandates structural integrity, shatter characteristics, light transmission, and impact resistance for automotive windshields, side glasses, and rear windows.",automotive glass | windshield glass | toughened automotive glass | IS 2553 Part 2,IS 2553 (Part 1),Safety Glass (Quality Control) Order / CMVR,BIS Scheme-I (ISI Mark),BIS Connect - IS Details
PRODUCT,PROD-00186,Products_Details,27,IS 9573 (Part 1):2017,Rubber Hoses for Liquefied Petroleum Gas (LPG) - Specification - Part 1: For Commercial and Industrial Applications,Industrial LPG Hose,Mechanical/Petroleum Handling Equipment,Flexible Rubber Hoses,"Covers design, bursting pressure, ozone resistance, and flame propagation resistance of reinforced rubber hoses used in industrial and bulk LPG operations.",LPG hose | industrial gas hose | rubber hose | IS 9573 Part 1,IS 9573 (Part 2),Domestic / Industrial Gas Equipment Orders,BIS Scheme-I (ISI Mark),BIS Connect - IS Details
PRODUCT,PROD-00187,Products_Details,28,IS 9573 (Part 2):2017,Rubber Hoses for Liquefied Petroleum Gas (LPG) - Specification - Part 2: For Domestic Applications,Domestic Suraksha LPG Hose / Gas Pipe,Domestic Gas Appliances/Safety Accessories,Flexible Domestic Gas Hoses,"Specifies construction, flexibility, wire-braid reinforcement, adhesion, and burst pressure parameters for domestic LPG cylinder connections (Suraksha hose type).",domestic LPG hose | suraksha hose | cooking gas pipe | IS 9573 Part 2,IS 9573 (Part 1) | IS 4246,LPG Hoses (Quality Control) Order,BIS Scheme-I (ISI Mark),BIS Connect - IS Details
PRODUCT,PROD-00045,Products_Details,29,IS 15392:2003,Aluminium and Aluminium Alloy Corrugated Sheets - Specification,Corrugated Aluminium Roofing Sheets,Civil Engineering/Building Products,Metal Roofing & Cladding,"Covers chemical composition, dimension tolerances, profile pitch/depth, and load-bearing properties of corrugated aluminium sheets intended for roofing and siding.",aluminium roofing sheet | corrugated sheet | industrial cladding | IS 15392,IS 737 | IS 1254,Aluminium and Aluminium Alloy Products (Quality Control) Order,BIS Scheme-I (ISI Mark),BIS Connect - IS Details
PRODUCT,PROD-00232,Products_Details,30,IS 17875:2022,Seamless Stainless Steel Pipes and Tubes - Specification,Seamless SS Pipes / SS Tubes,Metallurgical Engineering/Steel Products,Stainless Steel Piping & Tubing,"Specifies chemical grades, mechanical properties, hydrostatic testing, flaring/flattening tests, and dimensional tolerances for seamless stainless steel pipes and tubes.",seamless pipe | stainless steel tube | SS pipe | IS 17875,IS 17876:2022 | IS 6911,Stainless Steel Pipes and Tubes (Quality Control) Order,BIS Scheme-I (ISI Mark Scheme),BIS Connect - IS Details
PRODUCT,PROD-00304,Products_Details,31,IS 17876:2022,Welded Stainless Steel Pipes and Tubes - Specification,ERW / Welded SS Pipes & Tubes,Metallurgical Engineering/Steel Products,Stainless Steel Piping & Tubing,"Standard specifying manufacturing, weld seam integrity, non-destructive testing, hydrostatic properties, and corrosion resistance for welded stainless steel pipes and tubes.",welded pipe | welded stainless steel | SS tubing | IS 17876,IS 17875:2022 | IS 6911,Stainless Steel Pipes and Tubes (Quality Control) Order,BIS Scheme-I (ISI Mark Scheme),BIS Connect - IS Details
PRODUCT,PROD-00101,Products_Details,32,IS 2083:2024,Flashlights - Specification,Torches | Portable Electric Torches | LED Flashlights,Electrotechnical/Lighting Equipment,Portable Luminaires,"Covers design, ingress protection, luminous efficacy, battery compartment durability, switch endurance, and safety requirements for portable electric flashlights and torches.",flashlight | torch | LED torch | portable lighting | IS 2083,IS 10322 | IS 302,Electrical Appliances / Flashlights (Quality Control) Order,BIS Scheme-I (ISI Mark),BIS Connect - IS Details
PRODUCT,PROD-00206,Products_Details,33,IS 302 (Part 1):2024 / IEC 60335-1,Safety of Household and Similar Electrical Appliances - Part 1: General Requirements,General Electrical Appliance Safety,Electrotechnical/Electrical Appliances,General Appliance Safety,"Horizontal safety standard setting requirements against electrical shock, mechanical injury, fire, radiation, abnormal operation, and heating across household electrical appliances.",appliance safety | electrical shock protection | insulation | IS 302 Part 1 | IEC 60335-1,IS 302 (Part 2,Electrical Appliances (Quality Control) Order,BIS Scheme-I (ISI Mark Scheme),BIS Connect - IS Details
PRODUCT,PROD-00255,Products_Details,34,IS 15844 (Part 1):2023,Sports Footwear - Specification - Part 1: General Purpose Sports Footwear,General Athletic Shoes | Running Shoes | Training Footwear,Textiles and Leather Goods/Footwear,Athletic & Performance Footwear,"Specifies construction, upper-to-sole bonding strength, abrasion resistance, slip resistance, flex endurance, and chemical limits for general-purpose sports footwear.",sports footwear | athletic shoes | sole bonding | abrasion test | IS 15844 Part 1,IS 15844 (Part 2) | IS 15844 (Part 3),Footwear made from Leather and other materials (Quality Control) Order,BIS Scheme-I (ISI Mark Scheme),BIS Connect - IS Details
PRODUCT,PROD-00256,Products_Details,35,IS 15844 (Part 2):2023,Sports Footwear - Specification - Part 2: Performance Sports Footwear,Professional Athletic Footwear | Sport-Specific Shoes,Textiles and Leather Goods/Footwear,High-Performance Footwear,"Sets enhanced biomechanical, impact-absorption, traction, and durability performance requirements for professional and sport-specific performance shoes.",performance sports shoes | shock absorption | sports safety | IS 15844 Part 2,IS 15844 (Part 1) | IS 15844 (Part 3),Footwear (Quality Control) Order,BIS Scheme-I (ISI Mark),BIS Connect - IS Details
PRODUCT,PROD-00257,Products_Details,36,IS 15844 (Part 3):2024,Sports Footwear - Specification - Part 3: Specialized/Outdoor & Trekking Footwear,Trekking Shoes | Outdoor Sports Footwear,Textiles and Leather Goods/Footwear,Specialized Outdoor Footwear,"Mandates water penetration resistance, ankle support stability, heavy-tread sole durability, and extreme terrain wear resistance for outdoor and trekking sports footwear.",trekking shoes | outdoor footwear | trail shoes | IS 15844 Part 3,IS 15844 (Part 1) | IS 15844 (Part 2),Footwear (Quality Control) Order,BIS Scheme-I (ISI Mark),BIS Connect - IS Details
PRODUCT,PROD-00094,Products_Details,37,IS 17012:2018,Ethylene Vinyl Acetate (EVA) Footwear - Specification,Moulded EVA Slippers | EVA Clogs & Flip-Flops,Footwear/Synthetic Footwear,Moulded Casual Footwear,"Covers material density, hardness, tear strength, shrinkage, and hazardous substance testing for single-moulded or assembled EVA casual footwear.",EVA footwear | moulded slippers | flip flops | casual clogs | IS 17012,IS 6721 | IS 10702,Footwear made from all-Rubber and all-Polymeric material (Quality Control) Order,BIS Scheme-I (ISI Mark),BIS Connect - IS Details
PRODUCT,PROD-00146,Products_Details,38,IS 17037:2018,Polyvinyl Chloride (PVC) Footwear - Specification,Moulded PVC Slippers & Sandals,Footwear/Synthetic Footwear,Moulded Polymer Footwear,"Specifies material compounding, tensile performance, flexing resistance, and environmental safety parameters for direct-injection or fabricated PVC sandals and shoes.",PVC footwear | PVC sandals | polymer shoes | IS 17037,IS 12254 | IS 17012,Footwear made from all-Rubber and all-Polymeric material (Quality Control) Order,BIS Scheme-I (ISI Mark),BIS Connect - IS Details
PRODUCT,PROD-00060,Products_Details,39,IS 17043 (Part 1):2024,Casual Footwear - Specification - Part 1: Direct Moulded Process,Direct Injected Casual Shoes / Moulded Casuals,Footwear/Lifestyle Footwear,Casual Footwear,"Outlines strength, sole adhesion, durability, and toxic substance limits for daily casual shoes manufactured via direct sole injection/moulding processes.",casual footwear | direct moulded shoes | lifestyle footwear | IS 17043 Part 1,IS 17043 (Part 2) | IS 15844,Footwear (Quality Control) Order,BIS Scheme-I (ISI Mark),BIS Connect - IS Details
PRODUCT,PROD-00061,Products_Details,40,IS 17043 (Part 2):2024,Casual Footwear - Specification - Part 2: Stuck-On/Cemented Construction Process,Cemented Casual Shoes | Fabricated Casual Footwear,Footwear/Lifestyle Footwear,Casual Footwear,"Specifies upper material strength, sole adhesion bond strength, flexing resistance, and heel attachment integrity for cemented/stuck-on casual footwear.",stuck-on footwear | cemented casual shoes | footwear adhesion | IS 17043 Part 2,IS 17043 (Part 1),Footwear (Quality Control) Order,BIS Scheme-I (ISI Mark),BIS Connect - IS Details
PRODUCT,PROD-00139,Products_Details,41,IS 15298 (Part 2):2016 / ISO 20345,Personal Protective Equipment - Safety Footwear - Specification,Industrial Safety Shoes | Steel-Toe Safety Boots,Personal Protective Equipment (PPE)/Industrial Safety,Occupational & Protective Footwear,"Specifies design, 200J toecap impact resistance, 15 kN compression protection, slip resistance, fuel oil resistance, and anti-puncture requirements for industrial safety footwear.",safety footwear | steel toe shoe | PPE footwear | ISO 20345 | IS 15298 Part 2,IS 15298 (Part 1,Personal Protective Equipment - Footwear (Quality Control) Order,BIS Scheme-I (ISI Mark Scheme),BIS Connect - IS Details
