faq_id,question,answer,faq_category,related_is_text,related_product_text,related_qco_text,related_scheme_text,document_reference,source_url,source_reference_label,source_faq_ids,source_file_count,source_file_ids,source_files,source_sheets,source_rows,record_disposition,conflict_count,conflict_fields,review_flag,review_reason,populated_field_count,completeness_pct
FAQ-00001,Are hallmarking charges based on jewellery weight?,"No. Hallmarking charges are paid per article, irrespective of the article's weight.",,,,,,Hallmarking General FAQ Q13,https://www.bis.gov.in/hallmarking-overview/hallmarking-faqs/,,HM-FAQ-015,1,F006,BIS_FAQs_Master.xlsx,BIS_FAQs_Master,F006:BIS_FAQs_Master:63,CANONICAL,0,,,,5,45.45
FAQ-00002,Are product-specific technical guidelines available?,"Yes. BIS Product Manuals are available for certified products. They include sampling guidelines, test-equipment lists, Scheme of Inspection and Testing (SIT), product scope and related technical requirements.",,,,,,Product Certification FAQ Q8,https://www.bis.gov.in/product-certification/product-certification-faq/,,PC-FAQ-008,1,F006,BIS_FAQs_Master.xlsx,BIS_FAQs_Master,F006:BIS_FAQs_Master:9,CANONICAL,0,,,,5,45.45
FAQ-00003,Are separate applications needed for different brands manufactured at the same location?,No. The application is for the product at a manufacturing premise. The firm must provide an undertaking and relevant documents concerning the brand name.,,,,,,FMCS FAQ Q15,https://www.bis.gov.in/fmcs/fmcs-faqs/,,FMCS-FAQ-015,1,F006,BIS_FAQs_Master.xlsx,BIS_FAQs_Master,F006:BIS_FAQs_Master:44,CANONICAL,0,,,,5,45.45
FAQ-00004,Are technical manuals available for FMCS applicants?,"Yes. Product Manuals and Schemes of Inspection and Testing are available for many Indian Standards and provide information such as infrastructure, SIT and sampling requirements.",,,,,,FMCS FAQ Q16,https://www.bis.gov.in/fmcs/fmcs-faqs/,,FMCS-FAQ-016,1,F006,BIS_FAQs_Master.xlsx,BIS_FAQs_Master,F006:BIS_FAQs_Master:45,CANONICAL,0,,,,5,45.45
FAQ-00005,Are there Government regulations specifically governing hallmarking?,"Yes. The BIS (Hallmarking) Regulations, 2018 were notified on 14 June 2018.",,,,,,BIS Act and Regulation FAQ Q2,https://www.bis.gov.in/hallmarking-overview/hallmarking-faqs/,,HM-FAQ-049,1,F006,BIS_FAQs_Master.xlsx,BIS_FAQs_Master,F006:BIS_FAQs_Master:97,CANONICAL,0,,,,5,45.45
FAQ-00006,Can a BIS licensee participate in standards formulation/revision?,Yes. A BIS licensee can participate by becoming a member of the relevant technical committee and may submit comments to the concerned BIS technical department.,,,,,,Product Certification FAQ Q28,https://www.bis.gov.in/product-certification/product-certification-faq/,,PC-FAQ-028,1,F006,BIS_FAQs_Master.xlsx,BIS_FAQs_Master,F006:BIS_FAQs_Master:29,CANONICAL,0,,,,5,45.45
FAQ-00007,Can a common person get hallmarked jewellery tested for purity at an A&H Centre?,Yes. A consumer can get hallmarked jewellery/sample tested at a BIS-recognized A&H Centre after paying the applicable testing charge. BIS states ₹200 for testing by fire assay according to IS 1418.,,,,,,Hallmarking General FAQ Q25,https://www.bis.gov.in/hallmarking-overview/hallmarking-faqs/,,HM-FAQ-028,1,F006,BIS_FAQs_Master.xlsx,BIS_FAQs_Master,F006:BIS_FAQs_Master:76,CANONICAL,0,,,,5,45.45
FAQ-00008,Can a test report issued to an IEC or another international standard be accepted?,No. The FMCS FAQ states that only the test report according to the relevant Indian Standard is accepted.,,,,,,FMCS FAQ Q10,https://www.bis.gov.in/fmcs/fmcs-faqs/,,FMCS-FAQ-010,1,F006,BIS_FAQs_Master.xlsx,BIS_FAQs_Master,F006:BIS_FAQs_Master:39,CANONICAL,0,,,,5,45.45
FAQ-00009,Can an A&H Centre refuse jewellery because of workload?,"No. The centre should not refuse to accept jewellery. It may inform the jeweller that testing will be delayed, and it should follow the First In, First Out (FIFO) principle.",,,,,,A&H Centre FAQ,https://www.bis.gov.in/a-h-centre/,,HM-FAQ-031,1,F006,BIS_FAQs_Master.xlsx,BIS_FAQs_Master,F006:BIS_FAQs_Master:79,CANONICAL,0,,,,5,45.45
FAQ-00010,Can an A&H Centre return jewellery that does not match the purity or weight declared by the jeweller?,Yes. The A&H Centre can return jewellery that does not conform to the declared purity or weight details.,,,,,,A&H Centre FAQ,https://www.bis.gov.in/a-h-centre/,,HM-FAQ-032,1,F006,BIS_FAQs_Master.xlsx,BIS_FAQs_Master,F006:BIS_FAQs_Master:80,CANONICAL,0,,,,5,45.45
FAQ-00011,Can an artisan or common person directly approach an A&H Centre for hallmarking?,No. Only BIS registered/certified jewellers can approach an Assaying & Hallmarking Centre for hallmarking jewellery.,,,,,,Hallmarking General FAQ Q21,https://www.bis.gov.in/hallmarking-overview/hallmarking-faqs/,,HM-FAQ-024,1,F006,BIS_FAQs_Master.xlsx,BIS_FAQs_Master,F006:BIS_FAQs_Master:72,CANONICAL,0,,,,5,45.45
FAQ-00012,Can an importer apply for a BIS licence on behalf of the foreign manufacturer?,"No. Under FMCS, the application must be made by the foreign manufacturer itself.",,,,,,FMCS FAQ Q17,https://www.bis.gov.in/fmcs/fmcs-faqs/,,FMCS-FAQ-017,1,F006,BIS_FAQs_Master.xlsx,BIS_FAQs_Master,F006:BIS_FAQs_Master:46,CANONICAL,0,,,,5,45.45
FAQ-00013,Can FMCS fees be paid in USD or INR?,"For SAARC countries, payment may be made in USD or INR with GST. For other countries, payment is required in USD.",,,,,,FMCS FAQ Q9,https://www.bis.gov.in/fmcs/fmcs-faqs/,,FMCS-FAQ-009,1,F006,BIS_FAQs_Master.xlsx,BIS_FAQs_Master,F006:BIS_FAQs_Master:38,CANONICAL,0,,,,5,45.45
FAQ-00014,Can I change the scope of an existing BIS product licence?,Yes. Varieties may be included or deleted through the applicable Change in Scope of Licence procedure and relevant guidelines.,,,,,,Product Certification FAQ Q23/Q24,https://www.bis.gov.in/product-certification/product-certification-faq/,,PC-FAQ-024,1,F006,BIS_FAQs_Master.xlsx,BIS_FAQs_Master,F006:BIS_FAQs_Master:25,CANONICAL,0,,,,5,45.45
FAQ-00015,Can I obtain a BIS licence if a Product Manual/SIT/grouping guideline/marking-fee rate is not available?,Yes. A first manufacturer may still obtain a BIS licence under Scheme-I. BIS interacts with the applicant to establish product-specific guidelines and marking-fee rates; this is treated as an All India First Licence situation.,,,,,,Product Certification FAQ Q9,https://www.bis.gov.in/product-certification/product-certification-faq/,,PC-FAQ-009,1,F006,BIS_FAQs_Master.xlsx,BIS_FAQs_Master,F006:BIS_FAQs_Master:10,CANONICAL,0,,,,5,45.45
FAQ-00016,Can inspection samples be tested at any ILAC/APLAC laboratory or government laboratory in the manufacturer's country?,"No. Samples drawn during BIS inspection must be tested at BIS laboratories or BIS-recognized laboratories. Samples drawn by BIS are sent to a laboratory in India by the applicant firm, and the applicant bears actual testing charges.",,,,,,FMCS FAQ Q11,https://www.bis.gov.in/fmcs/fmcs-faqs/,,FMCS-FAQ-011,1,F006,BIS_FAQs_Master.xlsx,BIS_FAQs_Master,F006:BIS_FAQs_Master:40,CANONICAL,0,,,,5,45.45
FAQ-00017,Can jewellery failing the declared purity be hallmarked at the immediately lower grade?,No. The jewellery must be rejected and returned to the jeweller.,,,,,,A&H Centre FAQ,https://www.bis.gov.in/a-h-centre/,,HM-FAQ-030,1,F006,BIS_FAQs_Master.xlsx,BIS_FAQs_Master,F006:BIS_FAQs_Master:78,CANONICAL,0,,,,5,45.45
FAQ-00018,Can Off-Site Centres operate in mandatory-hallmarking districts?,Yes. BIS states that an Off-Site Centre can also be established in districts covered under mandatory hallmarking.,,,,,,A&H Centre FAQ,https://www.bis.gov.in/a-h-centre/,,HM-FAQ-040,1,F006,BIS_FAQs_Master.xlsx,BIS_FAQs_Master,F006:BIS_FAQs_Master:88,CANONICAL,0,,,,5,45.45
FAQ-00019,Can old jewellery be sold after hallmarking becomes mandatory?,Yes. Consumers can sell old hallmarked or unhallmarked jewellery to jewellers.,,,,,,Mandatory System Consumer FAQ,https://www.bis.gov.in/hallmarking-overview/hallmarking-faqs/,,HM-FAQ-045,1,F006,BIS_FAQs_Master.xlsx,BIS_FAQs_Master,F006:BIS_FAQs_Master:93,CANONICAL,0,,,,5,45.45
FAQ-00020,Can one application cover different products and IS standards manufactured at the same factory?,No. A separate application is required for each product and Indian Standard even when they are manufactured at the same factory location.,,,,,,Product Certification FAQ Q10,https://www.bis.gov.in/product-certification/product-certification-faq/,,PC-FAQ-010,1,F006,BIS_FAQs_Master.xlsx,BIS_FAQs_Master,F006:BIS_FAQs_Master:11,CANONICAL,0,,,,5,45.45
FAQ-00021,Can one application cover the same product manufactured at different factories?,"No. A separate application is required for every factory location, even when the product and Indian Standard are the same.",,,,,,Product Certification FAQ Q11,https://www.bis.gov.in/product-certification/product-certification-faq/,,PC-FAQ-011,1,F006,BIS_FAQs_Master.xlsx,BIS_FAQs_Master,F006:BIS_FAQs_Master:12,CANONICAL,0,,,,5,45.45
FAQ-00022,Can one application cover the same product manufactured at different locations?,No. A separate application is required for each product/IS and each manufacturing location.,,,,,,FMCS FAQ Q14,https://www.bis.gov.in/fmcs/fmcs-faqs/,,FMCS-FAQ-014,1,F006,BIS_FAQs_Master.xlsx,BIS_FAQs_Master,F006:BIS_FAQs_Master:43,CANONICAL,0,,,,5,45.45
FAQ-00023,Can one BIS licence be used for every variety of a product made in the factory?,"No. A licence is granted for one product/Indian Standard and may cover multiple varieties, grades or sizes only to the extent they are included in the licence scope. The Standard Mark cannot be used on varieties outside that approved scope.",,,,,,Product Certification FAQ Q23/Q24,https://www.bis.gov.in/product-certification/product-certification-faq/,,PC-FAQ-023,1,F006,BIS_FAQs_Master.xlsx,BIS_FAQs_Master,F006:BIS_FAQs_Master:24,CANONICAL,0,,,,5,45.45
FAQ-00024,Can one FMCS application cover different products/IS standards made at the same factory?,No. A separate application is required for each product/Indian Standard for each factory location.,,,,,,FMCS FAQ Q13,https://www.bis.gov.in/fmcs/fmcs-faqs/,,FMCS-FAQ-013,1,F006,BIS_FAQs_Master.xlsx,BIS_FAQs_Master,F006:BIS_FAQs_Master:42,CANONICAL,0,,,,5,45.45
FAQ-00025,Do hallmarking charges include making charges or wastage?,No. Hallmarking charges do not include making charges or wastage charges.,,,,,,Hallmarking General FAQ Q12,https://www.bis.gov.in/hallmarking-overview/hallmarking-faqs/,,HM-FAQ-014,1,F006,BIS_FAQs_Master.xlsx,BIS_FAQs_Master,F006:BIS_FAQs_Master:62,CANONICAL,0,,,,5,45.45
FAQ-00026,Does BIS conduct surveillance after granting a licence?,"Yes. BIS conducts surprise factory surveillance inspections to verify that manufacturing infrastructure, process controls, QC and testing capabilities continue to be maintained. Factory testing may be witnessed, samples may be drawn for third-party laboratory testing, and market surveillance may also be carried out.",,,,,,Product Certification FAQ Q21,https://www.bis.gov.in/product-certification/product-certification-faq/,,PC-FAQ-021,1,F006,BIS_FAQs_Master.xlsx,BIS_FAQs_Master,F006:BIS_FAQs_Master:22,CANONICAL,0,,,,5,45.45
FAQ-00027,Does the AIR have to be an Indian resident?,Yes. The AIR should be an Indian national and resident of India. A foreign national may qualify if employed by an Indian office/branch of the manufacturer and residing in India.,,,,,,FMCS FAQ Q7,https://www.bis.gov.in/fmcs/fmcs-faqs/,,FMCS-FAQ-007,1,F006,BIS_FAQs_Master.xlsx,BIS_FAQs_Master,F006:BIS_FAQs_Master:36,CANONICAL,0,,,,5,45.45
FAQ-00028,For which products is a BIS licence mandatory?,BIS licensing is mandatory for products covered under the applicable compulsory-certification/QCO list.,,,,,,FMCS FAQ Q3,https://www.bis.gov.in/fmcs/fmcs-faqs/,,FMCS-FAQ-003,1,F006,BIS_FAQs_Master.xlsx,BIS_FAQs_Master,F006:BIS_FAQs_Master:32,CANONICAL,0,,,,5,45.45
FAQ-00029,How can a consumer file a hallmarking complaint?,"The consumer can first approach the jeweller for compensation if retesting at a BIS-recognized A&H Centre establishes lower-than-declared purity. A complaint can also be made to BIS, which investigates the complainant and accused side, including jeweller and A&H Centre, before taking action under applicable law and regulations.",,,,,,A&H Centre FAQ,https://www.bis.gov.in/a-h-centre/,,HM-FAQ-044,1,F006,BIS_FAQs_Master.xlsx,BIS_FAQs_Master,F006:BIS_FAQs_Master:92,CANONICAL,0,,,,5,45.45
FAQ-00030,How can I find the Indian Standard for my product if I do not know the IS number?,"Search for the Indian Standard corresponding to the product through Manakonline. If the relevant standard cannot be found, the manufacturer may contact the concerned BIS technical department.",,,,,,Product Certification FAQ Q2,https://www.bis.gov.in/product-certification/product-certification-faq/,,PC-FAQ-002,1,F006,BIS_FAQs_Master.xlsx,BIS_FAQs_Master,F006:BIS_FAQs_Master:3,CANONICAL,0,,,,5,45.45
FAQ-00031,How do I apply for a BIS licence under FMCS?,"The foreign manufacturer submits the prescribed application with the required FMCS documents and fees. Current BIS guidance allows online FMCS applications through Manakonline; from 1 June 2026, only online applications are accepted.",,,,,,FMCS FAQ Q4; FMCS How-to-Apply,https://www.bis.gov.in/fmcs/certification-process/how-to-apply/,,FMCS-FAQ-004,1,F006,BIS_FAQs_Master.xlsx,BIS_FAQs_Master,F006:BIS_FAQs_Master:33,CANONICAL,0,,,,5,45.45
FAQ-00032,How do I renew my BIS licence?,Renewal is requested online through the Manakonline dashboard. The renewal application must include production details for the relevant period for marking-fee calculation and the applicable renewal fee.,,,,,,Product Certification FAQ Q19,https://www.bis.gov.in/product-certification/product-certification-faq/,,PC-FAQ-019,1,F006,BIS_FAQs_Master.xlsx,BIS_FAQs_Master,F006:BIS_FAQs_Master:20,CANONICAL,0,,,,5,45.45
FAQ-00033,How does a consumer register a BIS complaint?,"Complaints may be submitted offline or online through the BIS Care App, the BIS online complaint portal or by email to the BIS complaints address.",,,,,,Mandatory System Consumer FAQ,https://www.bis.gov.in/hallmarking-overview/hallmarking-faqs/,,HM-FAQ-047,1,F006,BIS_FAQs_Master.xlsx,BIS_FAQs_Master,F006:BIS_FAQs_Master:95,CANONICAL,0,,,,5,45.45
FAQ-00034,How does an A&H Centre obtain recognition?,"An assaying centre meeting IS 15820:2009 requirements for gold/silver jewellery/artefacts must apply online through Manakonline. BIS grants recognition after verifying infrastructure, quality-management system and trained/competent manpower.",,,,,,A&H Centre FAQ,https://www.bis.gov.in/a-h-centre/,,HM-FAQ-029,1,F006,BIS_FAQs_Master.xlsx,BIS_FAQs_Master,F006:BIS_FAQs_Master:77,CANONICAL,0,,,,5,45.45
FAQ-00035,How does BIS grant a product-certification licence?,"BIS assesses manufacturing infrastructure, process controls, quality control and testing capabilities through a visit to the manufacturing premises. Product conformity is established through third-party laboratory testing, testing at the manufacturing premises or a combination of both.",,,,,,Product Certification FAQ Q5,https://www.bis.gov.in/product-certification/product-certification-faq/,,PC-FAQ-005,1,F006,BIS_FAQs_Master.xlsx,BIS_FAQs_Master,F006:BIS_FAQs_Master:6,CANONICAL,0,,,,5,45.45
FAQ-00036,How does BIS registration/certification benefit a jeweller?,"It provides an indication of capability, evidence of commitment to quality and assurance of consistency in gold/silver jewellery purity and quality.",,,,,,Hallmarking General FAQ Q7,https://www.bis.gov.in/hallmarking-overview/hallmarking-faqs/,,HM-FAQ-008,1,F006,BIS_FAQs_Master.xlsx,BIS_FAQs_Master,F006:BIS_FAQs_Master:56,CANONICAL,0,,,,5,45.45
FAQ-00037,How does the digital hallmarking system help prevent fraudulent hallmarking?,The system records date/time stamps of assaying and hallmarking activities and uses a unique six-digit HUID that can be traced to the jeweller and A&H Centre. Consumers can verify HUID through the BIS Care App.,,,,,,A&H Centre FAQ,https://www.bis.gov.in/a-h-centre/,,HM-FAQ-034,1,F006,BIS_FAQs_Master.xlsx,BIS_FAQs_Master,F006:BIS_FAQs_Master:82,CANONICAL,0,,,,5,45.45
FAQ-00038,How long does FMCS licensing normally take?,"BIS states that average grant time is generally six months from receipt and recording of a complete application. The period can vary because of queries, inspections, sample transportation and outstanding payments.",,,,,,FMCS FAQ Q12,https://www.bis.gov.in/fmcs/fmcs-faqs/,,FMCS-FAQ-012,1,F006,BIS_FAQs_Master.xlsx,BIS_FAQs_Master,F006:BIS_FAQs_Master:41,CANONICAL,0,,,,5,45.45
FAQ-00039,How long does it take to obtain a BIS product-certification licence?,"BIS states an average grant time of about one month under Option-2 and four months under Option-1, calculated from receipt and recording of a complete application. Actual time can vary due to queries, inspection, sample deposition and fee/payment issues.",,,,,,Product Certification FAQ Q15,https://www.bis.gov.in/product-certification/product-certification-faq/,,PC-FAQ-015,1,F006,BIS_FAQs_Master.xlsx,BIS_FAQs_Master,F006:BIS_FAQs_Master:16,CANONICAL,0,,,,5,45.45
FAQ-00040,How long is a Scheme-I BIS licence valid?,"A Scheme-I licence may initially be granted for up to two years and is valid only for the varieties included in the licence scope. Renewal may extend the licence up to five years from its last validity date, subject to applicable requirements and fees.",,,,,,Product Certification FAQ Q18,https://www.bis.gov.in/product-certification/product-certification-faq/,,PC-FAQ-018,1,F006,BIS_FAQs_Master.xlsx,BIS_FAQs_Master,F006:BIS_FAQs_Master:19,CANONICAL,0,,,,5,45.45
FAQ-00041,How long is an FMCS BIS licence valid?,"The FAQ states that BIS certification under Scheme-I may initially be granted for up to two years after payment of advance minimum marking fee. It covers only the varieties included in the licence and may be renewed up to five years from the last validity date, subject to requirements.",,,,,,FMCS FAQ Q19,https://www.bis.gov.in/fmcs/fmcs-faqs/,,FMCS-FAQ-019,1,F006,BIS_FAQs_Master.xlsx,BIS_FAQs_Master,F006:BIS_FAQs_Master:48,CANONICAL,0,,,,5,45.45
FAQ-00042,How many Off-Site Centres can one A&H Centre establish?,A maximum of five Off-Site Centres may be set up within a 100 km radius by each parent A&H Centre having a fire-assay laboratory in districts not covered under mandatory hallmarking.,,,,,,A&H Centre FAQ,https://www.bis.gov.in/a-h-centre/,,HM-FAQ-039,1,F006,BIS_FAQs_Master.xlsx,BIS_FAQs_Master,F006:BIS_FAQs_Master:87,CANONICAL,0,,,,5,45.45
FAQ-00043,How old can a test report be for Option-2?,"Product test reports should generally not be more than 90 days old, subject to the detailed Grant of Licence guidelines.",,,,,,Product Certification FAQ Q13,https://www.bis.gov.in/product-certification/product-certification-faq/,,PC-FAQ-013,1,F006,BIS_FAQs_Master.xlsx,BIS_FAQs_Master,F006:BIS_FAQs_Master:14,CANONICAL,0,,,,5,45.45
FAQ-00044,Is a BIS licence mandatory for importing products into India?,"BIS certification is generally voluntary, but products notified by the Government under QCOs may be imported into India only when the required Standard Mark/certification conditions are satisfied.",,,,,,FMCS FAQ Q2,https://www.bis.gov.in/fmcs/fmcs-faqs/,,FMCS-FAQ-002,1,F006,BIS_FAQs_Master.xlsx,BIS_FAQs_Master,F006:BIS_FAQs_Master:31,CANONICAL,0,,,,5,45.45
FAQ-00045,Is BIS certification compulsory for my product?,"BIS certification is compulsory for products brought under compulsory certification by the Central Government under the BIS Act, 2016 or another applicable Act. A product appearing in BIS's compulsory-certification list requires BIS certification as applicable.",,,,,,Product Certification FAQ Q3,https://www.bis.gov.in/product-certification/product-certification-faq/,,PC-FAQ-003,1,F006,BIS_FAQs_Master.xlsx,BIS_FAQs_Master,F006:BIS_FAQs_Master:4,CANONICAL,0,,,,5,45.45
FAQ-00046,"Is hallmarking covered by the BIS Act, 2016?","Yes. Hallmarking is covered under the BIS Act, 2016.",,,,,,BIS Act and Regulation FAQ Q1,https://www.bis.gov.in/hallmarking-overview/hallmarking-faqs/,,HM-FAQ-048,1,F006,BIS_FAQs_Master.xlsx,BIS_FAQs_Master,F006:BIS_FAQs_Master:96,CANONICAL,0,,,,5,45.45
FAQ-00047,Is nomination of an Authorized Indian Representative mandatory?,Yes. A foreign applicant must nominate an Indian-resident Authorized Indian Representative (AIR) when applying.,,,,,,FMCS FAQ Q5,https://www.bis.gov.in/fmcs/fmcs-faqs/,,FMCS-FAQ-005,1,F006,BIS_FAQs_Master.xlsx,BIS_FAQs_Master,F006:BIS_FAQs_Master:34,CANONICAL,0,,,,5,45.45
FAQ-00048,Must both articles in a pair be hallmarked?,Yes. Each article in a pair must have its own hallmark and a different HUID.,,,,,,Hallmarking General FAQ Q19,https://www.bis.gov.in/hallmarking-overview/hallmarking-faqs/,,HM-FAQ-021,1,F006,BIS_FAQs_Master.xlsx,BIS_FAQs_Master,F006:BIS_FAQs_Master:69,CANONICAL,0,,,,5,45.45
FAQ-00049,Must detachable parts of jewellery be hallmarked?,Yes. All detachable parts should have separate hallmarking with different HUIDs.,,,,,,Hallmarking General FAQ Q19/Q20,https://www.bis.gov.in/hallmarking-overview/hallmarking-faqs/,,HM-FAQ-022,1,F006,BIS_FAQs_Master.xlsx,BIS_FAQs_Master,F006:BIS_FAQs_Master:70,CANONICAL,0,,,,5,45.45
FAQ-00050,Q 1 What is a licence?,Licence means a licence granted under Section 13 of BIS Act 2016 to use a specified Standard Mark in relation to any goods or article which conforms to a standard.,,,,,,,https://www.bis.gov.in/product-certification/product-certification-faq/?lang=en,,FAQ-001,1,F036,bis_product_certification_faq (1).csv,,F036:-:2,CANONICAL,0,,,,4,36.36
FAQ-00051,Q.10 Can I submit one application for different products and Indian Standards(ISS) being manufactured at the same factory location?,"No, separate application for each product and ISS is required to be submitted even for same factory location.",,,,,,,https://www.bis.gov.in/product-certification/product-certification-faq/?lang=en,,FAQ-010,1,F036,bis_product_certification_faq (1).csv,,F036:-:11,CANONICAL,0,,,,4,36.36
FAQ-00052,Q.11 Can I submit one application for same product being manufactured at different factory locations?,"No, separate application for each factory location is required to be submitted, even if the product and ISS is same.",,,,,,,https://www.bis.gov.in/product-certification/product-certification-faq/?lang=en,,FAQ-011,1,F036,bis_product_certification_faq (1).csv,,F036:-:12,CANONICAL,0,,,,4,36.36
FAQ-00053,Q 12: Which are the laboratories of which test report will be acceptable to BIS for the purpose of grant of licence? Or Where can I get my products tested in order to get a licence under optionv- 2?,"The test reports which are issued by only BIS or BIS recognized or empanelled laboratory for the product are acceptable for grant of a licence under option-2. To know details of laboratory for testing of a particular product, please visithttp://164.100.105.198:8096/bis_access/iswise_v2.html",,,,,,,https://www.bis.gov.in/product-certification/product-certification-faq/?lang=en,,FAQ-012,1,F036,bis_product_certification_faq (1).csv,,F036:-:13,CANONICAL,0,,,,4,36.36
FAQ-00054,"Q 13. Up to how much time, the test reports will remain valid for the purpose of grant of licence under option – 2?",The test reports of the product shall not generally be more than 90 days old. For complete details please visit www.bis.gov.in>>Conformity assessment >> Product Certification >> Certification process >>Guideline for Grant of Licence.,,,,,,,https://www.bis.gov.in/product-certification/product-certification-faq/?lang=en,,FAQ-013,1,F036,bis_product_certification_faq (1).csv,,F036:-:14,CANONICAL,0,,,,4,36.36
FAQ-00055,Q 14. What is the fee applicable for Certification licence for a product?,"The application is required to be submitted with an application fee of Rs. 1000. An inspection fee of Rs. 7,000 per man day is required to be paid before preliminary inspection visit by BIS. After evaluation and decision to grant the licence is taken by BIS, the applicant is required to deposit annual licence fee of Rs. 1000 plus the minimum marking fee specified for the product. The marking fee for each product is specified in Annexure I of Scheme I of BIS (Conformity Assessment) Regulations, 2018 as amended by BIS (Conformity Assessment) Amendment Regulations, 2020.",,,,,,,https://www.bis.gov.in/product-certification/product-certification-faq/?lang=en,,FAQ-014,1,F036,bis_product_certification_faq (1).csv,,F036:-:15,CANONICAL,0,,,,4,36.36
FAQ-00056,Q 15. What is the timeline for grant of BIS product certification licence?,"Average time taken for grant of licence under option-2 is generally one month and under option-1 four months from the date of receipt of complete application and its recording. Itmay vary for reasons like delay in response to queries raised, if any; organizing inspection(s); sample deposition, and fee dues, etc.",,,,,,,https://www.bis.gov.in/product-certification/product-certification-faq/?lang=en,,FAQ-015,1,F036,bis_product_certification_faq (1).csv,,F036:-:16,CANONICAL,0,,,,4,36.36
FAQ-00057,Q 16. What are the conditions of BIS licence to use or apply a Standard Mark?,"Conditions of BIS licence to use or apply a Standard Mark are as given in Regulation 6 of BIS (Conformity Assessment) Regulations, 2018",,,,,,,https://www.bis.gov.in/product-certification/product-certification-faq/?lang=en,,FAQ-016,1,F036,bis_product_certification_faq (1).csv,,F036:-:17,CANONICAL,0,,,,4,36.36
FAQ-00058,Q 18. What is the validity of BIS product certification licence?,"BIS certification under Scheme-I may be granted initially upto two years which is valid only for the varieties mentioned in the licence. For extension of validity, application with requisite fee and documents under the existing licence is required to be submitted. Licence may be renewed up to five years from the last date of validity of licence.",,,,,,,https://www.bis.gov.in/product-certification/product-certification-faq/?lang=en,,FAQ-018,1,F036,bis_product_certification_faq (1).csv,,F036:-:19,CANONICAL,0,,,,4,36.36
FAQ-00059,Q 19. How should one apply for the renewal of a licence?,"Renewal of licence is required to be requested through online portal “manakonline” and is available through dashboard of the licence holder. Renewal application with production details for the relevant period (to calculate the actual marking fee), and the relevant fee is required to be submitted through online for renewal as per the period of renewal opted.",,,,,,,https://www.bis.gov.in/product-certification/product-certification-faq/?lang=en,,FAQ-019,1,F036,bis_product_certification_faq (1).csv,,F036:-:20,CANONICAL,0,,,,4,36.36
FAQ-00060,Q.2 I am a manufacturer of a product and interested in applying for BIS product certification licence. How should I apply for it when I am not aware of corresponding Indian Standard Number?,"You can search for the Indian Standard against a product at the URL:https://www.manakonline.in/MANAK/ApplicationLicenceRelatedrptIf you cannot find the relevant Indian Standard, send a query to concerned technical department of BIS athttps://www.bis.gov.in/php/BIS/biswebsite/standards/technical-departments/.",,,,,,,https://www.bis.gov.in/product-certification/product-certification-faq/?lang=en,,FAQ-002,1,F036,bis_product_certification_faq (1).csv,,F036:-:3,CANONICAL,0,,,,4,36.36
FAQ-00061,Q 20. What is deferment of licence? When does it happen?,"The renewal of licence can be deferred as per provision of Regulation 8 of BIS (Conformity Assessment) Regulations, 2018, if the renewal application and fee is not received till the last date of validity of licence or if the licence is under suspension.",,,,,,,https://www.bis.gov.in/product-certification/product-certification-faq/?lang=en,,FAQ-020,1,F036,bis_product_certification_faq (1).csv,,F036:-:21,CANONICAL,0,,,,4,36.36
FAQ-00062,Q 21. Does BIS carry any surveillance on my licence regularly?,"After grant of licence to a manufacturer, BIS carries out surprise factory surveillance inspections through visit to the factory by certification officers of BIS or by personnel of the Agents appointed by BIS as per Rule 33 of BIS Rules, 2018. During such visits, it is verified that the manufacturer continues to maintain the manufacturing infrastructure, process controls, quality control and testing capabilities and conformity of the product to the relevant standard(s). Testing of the product samples in factory is also witnessed during such visits.Sample of ISI marked product is also drawn from the factory for verifying conformity to relevant ISS through third party laboratory testing. BIS also carries out market surveillance through purchase of samples of ISI marked product for verifying conformity of the product to relevant ISS through third party laboratory testing.",,,,,,,https://www.bis.gov.in/product-certification/product-certification-faq/?lang=en,,FAQ-021,1,F036,bis_product_certification_faq (1).csv,,F036:-:22,CANONICAL,0,,,,4,36.36
FAQ-00063,Q 22. What are the duties and responsibilities of the owner of a manufacturing unit holding BIS licence regarding factory surveillance?,BIS licence holder is required to extend co-operation to the certification officers of BIS or personnel of the agents appointed by BIS to carry out surveillance inspection. The licence holder shall also share relevant records and information sought . He would also facilitate testing in the factory and drawl of samples for independent testing in third party lab. The licence holder shall be required to deposit samples to the designated laboratory as per advice of the officer,,,,,,,https://www.bis.gov.in/product-certification/product-certification-faq/?lang=en,,FAQ-022,1,F036,bis_product_certification_faq (1).csv,,F036:-:23,CANONICAL,0,,,,4,36.36
FAQ-00064,Q 23. What are the consequences of non-cooperation by the manufacturing unit during factory surveillance,"No, one licence is granted by BIS for one product/one Indian Standard (however, the licence may cover more than one variety/grade/size etc. specified/covered in the standard). The products and its varieties on which Standard Mark can be used is mentioned in the “Scope of licence” granted to you. It cannot be used for other product varieties not covered in the scope. However, you can get the scope of licence changed (inclusion or deletion of varieties) with reference to the standard against which licence has been granted and as per applicable relevant guidelines. For change in the existing scope of product licence (addition/ deletion of varieties), please visit:www.bis.gov.in>>Conformity Assessment >>Product Certification >> Certification process >>Guideline for Change in Scope of Licence.",,,,,,,https://www.bis.gov.in/product-certification/product-certification-faq/?lang=en,,FAQ-023,1,F036,bis_product_certification_faq (1).csv,,F036:-:24,CANONICAL,0,,,,4,36.36
FAQ-00065,Q 24. I have already got licence from BIS for the product as per ISS in my factory. Can I use this licence on all varieties of the product being manufactured in the factory?,"No, one licence is granted by BIS for one product/one Indian Standard (however, the licence may cover more than one variety/grade/size etc. specified/covered in the standard). The products and its varieties on which Standard Mark can be used is mentioned in the “Scope of licence” granted to you. It cannot be used for other product varieties not covered in the scope. However, you can get the scope of licence changed (inclusion or deletion of varieties) with reference to the standard against which licence has been granted and as per applicable relevant guidelines.For change in the existing scope of product licence (addition/ deletion of varieties), please visit:www.bis.gov.in>>Conformity Assessment >>Product Certification >> Certification process >>Guideline for Change in Scope of Licence.",,,,,,,https://www.bis.gov.in/product-certification/product-certification-faq/?lang=en,,FAQ-024,1,F036,bis_product_certification_faq (1).csv,,F036:-:25,CANONICAL,0,,,,4,36.36
FAQ-00066,Q. 25 What is the procedure for intimation regarding change of address or shifting of the manufacturing unit?,"BIS licence holder is required to inform BIS of its intentions of shifting of the manufacturing unit to a new address with relevant documents for the new premises similar to the documents submitted at the time of application to BIS for grant of licence. The licensee on its own shall suspend the use of the Standard Mark under intimation to the Bureau on relocation of manufacturing unit to new premises. The revocation of suspension may be done by the Bureau after verification of the old premises and verification of production process at new premises as per provision of paragraph 11 (3) & (4) of scheme I of BIS (Conformity Assessment) Regulations, 2018.",,,,,,,https://www.bis.gov.in/product-certification/product-certification-faq/?lang=en,,FAQ-025,1,F036,bis_product_certification_faq (1).csv,,F036:-:26,CANONICAL,0,,,,4,36.36
FAQ-00067,Q. 26 When can a license be suspended?,"The licence can be suspended under provisions of paragraph 11 of scheme I and Regulation 10 of BIS (Conformity Assessment) Regulations, 2018.",,,,,,,https://www.bis.gov.in/product-certification/product-certification-faq/?lang=en,,FAQ-026,1,F036,bis_product_certification_faq (1).csv,,F036:-:27,CANONICAL,0,,,,4,36.36
FAQ-00068,Q.27 When can a license be cancelled?,"The licence can be cancelled under provisions of Regulation 11 of BIS (Conformity Assessment) Regulations, 2018.",,,,,,,https://www.bis.gov.in/product-certification/product-certification-faq/?lang=en,,FAQ-027,1,F036,bis_product_certification_faq (1).csv,,F036:-:28,CANONICAL,0,,,,4,36.36
FAQ-00069,Q. 28 How can a BIS licensee participate in the standard formulation/revision process?,"The Indian standards are formulated and revised by BIS through consensus in technical committees. BIS licensee can participate in this process by becoming a member of the technical committee and may send comments to the concerned technical department through mail/BIS website. Pause|Play The Bureau Standards Product Certification System Certification Registration Scheme FMCS Laboratory Services Hallmarking Consumer Engagement Training Content owned of this website is published and managed by Bureau of Indian Standards, Ministry of Consumer Affairs, Food & Public Distribution, Government of India, Manak Bhawan, 9, Bahadur Shah Zafar Marg, New Delhi-110002",,,,,,,https://www.bis.gov.in/product-certification/product-certification-faq/?lang=en,,FAQ-028,1,F036,bis_product_certification_faq (1).csv,,F036:-:29,CANONICAL,0,,,,4,36.36
FAQ-00070,"Q.3 For which products, the BIS licence is compulsory? Or I am manufacturing a product. Is it compulsory to get BIS licence for my product?","Products are brought under compulsory certification by the Central Government as per the provision of BIS Act, 2016 or other Acts. Detail of products which are covered under compulsory BIS certification is available athttps://www.bis.gov.in/product-certification/products-under-compulsory-certification/If your product is in this list, it is compulsory for you to get a BIS licence for it. .",,,,,,,https://www.bis.gov.in/product-certification/product-certification-faq/?lang=en,,FAQ-003,1,F036,bis_product_certification_faq (1).csv,,F036:-:4,CANONICAL,0,,,,4,36.36
FAQ-00071,Q.4 What are the essential requirements to be possessed by a manufacturer for applying to BIS for obtaining licence?,"For obtaining BIS licence, the manufacturer must have requisite manufacturing infrastructure, appropriate process controls, quality control and testing capabilities for the product as per relevant Indian Standard (ISS). The product shall also conform to all requirements laid down in the ISS.",,,,,,,https://www.bis.gov.in/product-certification/product-certification-faq/?lang=en,,FAQ-004,1,F036,bis_product_certification_faq (1).csv,,F036:-:5,CANONICAL,0,,,,4,36.36
FAQ-00072,Q.5 How BIS grants the licence?,"The Bureau grants the licence based on successful assessment of the manufacturing infrastructure, process controls, quality control and testing capabilities of the manufacturerthrough a visit to its manufacturing premises. Conformity of the product to the relevant standard(s) is also established through third party laboratory testing or testing in the manufacturing premises or a combination of both.",,,,,,,https://www.bis.gov.in/product-certification/product-certification-faq/?lang=en,,FAQ-005,1,F036,bis_product_certification_faq (1).csv,,F036:-:6,CANONICAL,0,,,,4,36.36
FAQ-00073,Q.6 What is the procedure for obtaining BIS licence for use of BIS Standard Mark?,"There are two options available for obtaining BIS product certification licence under Scheme – I. For details, please see Guidelines for grant of licence",,,,,,,https://www.bis.gov.in/product-certification/product-certification-faq/?lang=en,,FAQ-006,1,F036,bis_product_certification_faq (1).csv,,F036:-:7,CANONICAL,0,,,,4,36.36
FAQ-00074,Q.7 Where do I submit my application?or How can I apply for getting BIS licence for use of BIS standard mark (ISI) on the product?,"A.BIS accepts application for product certification in online mode only (including all payments). To submit your application, please visit our online portal,www.manakonlinein Before registering in the portal, you are advised to go through applicant user manual, FAQs related to portal athttps://www.manakonline.in/MANAK/impLinks",,,,,,,https://www.bis.gov.in/product-certification/product-certification-faq/?lang=en,,FAQ-007,1,F036,bis_product_certification_faq (1).csv,,F036:-:8,CANONICAL,0,,,,4,36.36
FAQ-00075,Q.8 Are there any technical guidelines available for the products under Product Certification Scheme of BIS?,"Yes, the technical guidelines are available for all the products covered under Product Certification Scheme as ‘Product Manuals’. Product manuals include sampling guidelines, list of test equipments, Scheme of Inspection and Testing (SIT), description of scope etc. To search the desired Product Manual, please follows the web link: www.bis.gov.in>> Conformity Assessment >> Product Certification>> Product Specific Guidelines >> Product Manuals.",,,,,,,https://www.bis.gov.in/product-certification/product-certification-faq/?lang=en,,FAQ-008,1,F036,bis_product_certification_faq (1).csv,,F036:-:9,CANONICAL,0,,,,4,36.36
FAQ-00076,"Q.9 If product specific guidelines i.e. Product Manual, SIT, grouping guidelines and/or marking fee rate for my product is not defined, will I still be able to obtain a BIS licence?","In case product specific guidelines and/or marking fee for your product is not defined, it is possible that you are the first manufacturer to apply for a BIS licence for new product. However, you will still be able to obtain BIS licence as per Scheme I of BIS (Conformity Assessment) Regulation, 2018. Basic principles and procedure for grant of licence will remain the same in such a case also with specific relaxation as provided in Guidelines for Grant of licence. BIS will interact with you throughout the certification process to define the product specific guidelines and marking fee rate. This will be called ‘All India First Licence’",,,,,,,https://www.bis.gov.in/product-certification/product-certification-faq/?lang=en,,FAQ-009,1,F036,bis_product_certification_faq (1).csv,,F036:-:10,CANONICAL,0,,,,4,36.36
FAQ-00077,Q17. What are the punitive provisions for non-compliance with the conditions of the licence?,"In case of violation of conditions of licence, licence may be cancelled by the Bureau as per provision of Regulation 11 of BIS (Conformity Assessment) Regulations, 2018.",,,,,,,https://www.bis.gov.in/product-certification/product-certification-faq/?lang=en,,FAQ-017,1,F036,bis_product_certification_faq (1).csv,,F036:-:18,CANONICAL,0,,,,4,36.36
FAQ-00078,Should a customer take an authentic bill/invoice for hallmarked jewellery?,Yes. An authentic bill/invoice should be obtained from the jeweller/retailer.,,,,,,Hallmarking General FAQ Q14,https://www.bis.gov.in/hallmarking-overview/hallmarking-faqs/,,HM-FAQ-016,1,F006,BIS_FAQs_Master.xlsx,BIS_FAQs_Master,F006:BIS_FAQs_Master:64,CANONICAL,0,,,,5,45.45
FAQ-00079,What are the current hallmarking charges for gold?,"BIS states ₹45 per gold article, with minimum consignment charges of ₹200, plus applicable service tax/other levies.",,,,,,Hallmarking General FAQ Q11,https://www.bis.gov.in/hallmarking-overview/hallmarking-faqs/,,HM-FAQ-012,1,F006,BIS_FAQs_Master.xlsx,BIS_FAQs_Master,F006:BIS_FAQs_Master:60,CANONICAL,0,,,,5,45.45
FAQ-00080,What are the current hallmarking charges for silver?,"BIS states ₹35 per silver article, with minimum consignment charges of ₹150, plus applicable service tax/other levies.",,,,,,Hallmarking General FAQ Q11,https://www.bis.gov.in/hallmarking-overview/hallmarking-faqs/,,HM-FAQ-013,1,F006,BIS_FAQs_Master.xlsx,BIS_FAQs_Master,F006:BIS_FAQs_Master:61,CANONICAL,0,,,,5,45.45
FAQ-00081,What are the licensee's responsibilities during factory surveillance?,"The licensee must cooperate with BIS officers or authorized surveillance personnel, provide requested records and information, facilitate factory testing and sample drawal, and deposit samples with the designated laboratory when directed.",,,,,,Product Certification FAQ Q22,https://www.bis.gov.in/product-certification/product-certification-faq/,,PC-FAQ-022,1,F006,BIS_FAQs_Master.xlsx,BIS_FAQs_Master,F006:BIS_FAQs_Master:23,CANONICAL,0,,,,5,45.45
FAQ-00082,What are the options for obtaining a BIS licence under Scheme-I?,BIS provides two options for obtaining a product-certification licence under Scheme-I. The detailed requirements are given in the Guidelines for Grant of Licence.,,,,,,Product Certification FAQ Q6,https://www.bis.gov.in/product-certification/product-certification-faq/,,PC-FAQ-006,1,F006,BIS_FAQs_Master.xlsx,BIS_FAQs_Master,F006:BIS_FAQs_Master:7,CANONICAL,0,,,,5,45.45
FAQ-00083,What are the refinery/A&H-related fees under the Hallmarking Regulations?,"BIS's current FAQ lists refinery/mint fee components including ₹10,000 application fee, ₹5,000 renewal application fee, ₹5,000 assessment fee per man-day and ₹60,000 recognition/renewal fee for three years, as applicable to the cited refinery/mint fee structure.",,,,,,BIS Act and Regulation FAQ Q4,https://www.bis.gov.in/hallmarking-overview/hallmarking-faqs/,,HM-FAQ-051,1,F006,BIS_FAQs_Master.xlsx,BIS_FAQs_Master,F006:BIS_FAQs_Master:99,CANONICAL,0,,,,5,45.45
FAQ-00084,What benefit does hallmarked jewellery provide to a customer?,It provides third-party assurance and confidence that the customer receives the declared purity/fineness for the price paid.,,,,,,Hallmarking General FAQ Q6,https://www.bis.gov.in/hallmarking-overview/hallmarking-faqs/,,HM-FAQ-007,1,F006,BIS_FAQs_Master.xlsx,BIS_FAQs_Master,F006:BIS_FAQs_Master:55,CANONICAL,0,,,,5,45.45
FAQ-00085,What compensation applies when hallmarked jewellery has lower purity?,"BIS states that under Rule 49, for a non-conforming precious-metal article the prescribed compensation, where directed, is two times the shortage amount calculated from the purity difference and article weight plus testing charges.",,,,,,Mandatory System Consumer FAQ,https://www.bis.gov.in/hallmarking-overview/hallmarking-faqs/,,HM-FAQ-046,1,F006,BIS_FAQs_Master.xlsx,BIS_FAQs_Master,F006:BIS_FAQs_Master:94,CANONICAL,0,,,,5,45.45
FAQ-00086,What conditions apply to use of the BIS Standard Mark?,"The conditions for use or application of the Standard Mark are those specified in Regulation 6 of the BIS (Conformity Assessment) Regulations, 2018.",,,,,,Product Certification FAQ Q16,https://www.bis.gov.in/product-certification/product-certification-faq/,,PC-FAQ-016,1,F006,BIS_FAQs_Master.xlsx,BIS_FAQs_Master,F006:BIS_FAQs_Master:17,CANONICAL,0,,,,5,45.45
FAQ-00087,What control does BIS exercise over jewellers and A&H Centres?,BIS conducts surveillance audits of Assaying & Hallmarking Centres and draws market samples from registered/certified jewellers for testing in BIS referral assay laboratories.,,,,,,Hallmarking General FAQ Q17,https://www.bis.gov.in/hallmarking-overview/hallmarking-faqs/,,HM-FAQ-019,1,F006,BIS_FAQs_Master.xlsx,BIS_FAQs_Master,F006:BIS_FAQs_Master:67,CANONICAL,0,,,,5,45.45
FAQ-00088,What details should be included in the jewellery bill?,"The bill should contain details of the hallmarked articles; BIS also states that the description of each article, net precious-metal weight, purity in carat/fineness and hallmarking charges should be included for sale of hallmarked precious-metal articles.",,,,,,Hallmarking Consumer FAQ,https://www.bis.gov.in/hallmarking-overview/hallmarking-faqs/,,HM-FAQ-017,1,F006,BIS_FAQs_Master.xlsx,BIS_FAQs_Master,F006:BIS_FAQs_Master:65,CANONICAL,0,,,,5,45.45
FAQ-00089,"What do the BIS Hallmarking Regulations, 2018 cover?","They contain provisions concerning registration of jewellers, recognition of Assaying & Hallmarking Centres and grant of licences for refineries.",,,,,,BIS Act and Regulation FAQ Q3,https://www.bis.gov.in/hallmarking-overview/hallmarking-faqs/,,HM-FAQ-050,1,F006,BIS_FAQs_Master.xlsx,BIS_FAQs_Master,F006:BIS_FAQs_Master:98,CANONICAL,0,,,,5,45.45
FAQ-00090,What does a hallmark on gold jewellery consist of?,"Since the introduction of HUID on 1 July 2021, the hallmark consists of the BIS logo, purity in caratage/fineness, and six-digit alphanumeric HUID.",,,,,,Hallmarking General FAQ Q9,https://www.bis.gov.in/hallmarking-overview/hallmarking-faqs/,,HM-FAQ-010,1,F006,BIS_FAQs_Master.xlsx,BIS_FAQs_Master,F006:BIS_FAQs_Master:58,CANONICAL,0,,,,5,45.45
FAQ-00091,What hallmark sizes are permitted?,"BIS specifies permissible hallmark heights: for gold 1.5, 1.0, 0.75 and 0.5 mm; for silver 4.0, 2.0, 1.5, 1.0 and 0.75 mm.",,,,,,Hallmarking General FAQ Q18,https://www.bis.gov.in/hallmarking-overview/hallmarking-faqs/,,HM-FAQ-020,1,F006,BIS_FAQs_Master.xlsx,BIS_FAQs_Master,F006:BIS_FAQs_Master:68,CANONICAL,0,,,,5,45.45
FAQ-00092,What happens if a licensee violates BIS licence conditions?,"BIS may cancel the licence under Regulation 11 of the BIS (Conformity Assessment) Regulations, 2018 for violation of licence conditions.",,,,,,Product Certification FAQ Q17,https://www.bis.gov.in/product-certification/product-certification-faq/,,PC-FAQ-017,1,F006,BIS_FAQs_Master.xlsx,BIS_FAQs_Master,F006:BIS_FAQs_Master:18,CANONICAL,0,,,,5,45.45
FAQ-00093,What happens if a sample fails after being tampered with in the supply chain?,"Normally the manufacturer/jeweller who obtained hallmarking is held responsible. If the manufacturer alleges tampering during supply, BIS investigates the supply chain and takes action after a thorough enquiry.",,,,,,A&H Centre FAQ,https://www.bis.gov.in/a-h-centre/,,HM-FAQ-042,1,F006,BIS_FAQs_Master.xlsx,BIS_FAQs_Master,F006:BIS_FAQs_Master:90,CANONICAL,0,,,,5,45.45
FAQ-00094,What happens when an entire lot fails Fire Assaying?,The rejected items are identified in the delivery voucher.,,,,,,A&H Centre FAQ,https://www.bis.gov.in/a-h-centre/,,HM-FAQ-035,1,F006,BIS_FAQs_Master.xlsx,BIS_FAQs_Master,F006:BIS_FAQs_Master:83,CANONICAL,0,,,,5,45.45
FAQ-00095,What information is provided in an A&H Centre delivery voucher?,"The voucher contains A&H Centre details, jeweller details, details of accepted articles including individual weight and quantity, rejected articles, weight of the returned article, cornet weight and scrapping weight.",,,,,,A&H Centre FAQ,https://www.bis.gov.in/a-h-centre/,,HM-FAQ-033,1,F006,BIS_FAQs_Master.xlsx,BIS_FAQs_Master,F006:BIS_FAQs_Master:81,CANONICAL,0,,,,5,45.45
FAQ-00096,What is a BIS licence?,"A BIS licence is a licence granted under Section 13 of the BIS Act, 2016 to use a specified Standard Mark on goods or articles that conform to a standard.",,,,,,BIS Act 2016; Product Certification FAQ Q1,https://www.bis.gov.in/product-certification/product-certification-faq/,,PC-FAQ-001,1,F006,BIS_FAQs_Master.xlsx,BIS_FAQs_Master,F006:BIS_FAQs_Master:2,CANONICAL,0,,,,5,45.45
FAQ-00097,What is a detachable part?,It is any part of jewellery that can be easily removed or replaced.,,,,,,Hallmarking General FAQ Q20,https://www.bis.gov.in/hallmarking-overview/hallmarking-faqs/,,HM-FAQ-023,1,F006,BIS_FAQs_Master.xlsx,BIS_FAQs_Master,F006:BIS_FAQs_Master:71,CANONICAL,0,,,,5,45.45
FAQ-00098,What is an Off-Site Centre?,An Off-Site Centre is an extension of a parent A&H Centre. It has the facilities required for A&H Centre operations except the fire-assay facility.,,,,,,A&H Centre FAQ,https://www.bis.gov.in/a-h-centre/,,HM-FAQ-037,1,F006,BIS_FAQs_Master.xlsx,BIS_FAQs_Master,F006:BIS_FAQs_Master:85,CANONICAL,0,,,,5,45.45
FAQ-00099,What is deferment of a BIS licence?,"Renewal may be deferred under Regulation 8 when the renewal application and required fee have not been received by the licence's last validity date, or when the licence is under suspension.",,,,,,Product Certification FAQ Q20,https://www.bis.gov.in/product-certification/product-certification-faq/,,PC-FAQ-020,1,F006,BIS_FAQs_Master.xlsx,BIS_FAQs_Master,F006:BIS_FAQs_Master:21,CANONICAL,0,,,,5,45.45
FAQ-00100,What is FMCS?,FMCS is the Foreign Manufacturers Certification Scheme through which a foreign manufacturer can obtain a BIS licence for products other than the electronic and IT products covered through the Registration Scheme.,,,,,,FMCS FAQ Q1,https://www.bis.gov.in/fmcs/fmcs-faqs/,,FMCS-FAQ-001,1,F006,BIS_FAQs_Master.xlsx,BIS_FAQs_Master,F006:BIS_FAQs_Master:30,CANONICAL,0,,,,5,45.45
FAQ-00101,What is hallmarking?,Hallmarking is the accurate determination and official recording of the proportionate precious-metal content in precious-metal articles. Hallmarks serve as official marks indicating purity/fineness.,,,,,,Hallmarking General FAQ Q1,https://www.bis.gov.in/hallmarking-overview/hallmarking-faqs/,,HM-FAQ-001,1,F006,BIS_FAQs_Master.xlsx,BIS_FAQs_Master,F006:BIS_FAQs_Master:49,CANONICAL,0,,,,5,45.45
FAQ-00102,What is HUID?,HUID means Hallmark Unique Identification. It is a six-digit alphanumeric unique number assigned to each hallmarked item and is traceable. Consumers can verify it using the Verify HUID feature in the BIS Care App.,,,,,,Hallmarking General FAQ Q8,https://www.bis.gov.in/hallmarking-overview/hallmarking-faqs/,,HM-FAQ-009,1,F006,BIS_FAQs_Master.xlsx,BIS_FAQs_Master,F006:BIS_FAQs_Master:57,CANONICAL,0,,,,5,45.45
FAQ-00103,What is the BIS certification-licence fee?,"The current FAQ states an application fee of ₹1,000, inspection fee of ₹7,000 per man-day, and after the decision to grant the licence, an annual licence fee of ₹1,000 plus the applicable minimum marking fee. Product-specific marking fees are prescribed separately.",,,,,,Product Certification FAQ Q14,https://www.bis.gov.in/product-certification/product-certification-faq/,,PC-FAQ-014,1,F006,BIS_FAQs_Master.xlsx,BIS_FAQs_Master,F006:BIS_FAQs_Master:15,CANONICAL,0,,,,5,45.45
FAQ-00104,What is the typical FMCS grant process?,"The process involves submission and scrutiny of the application, inspection/assessment, sample drawal, testing, resolution of queries/non-conformities and the final BIS decision on granting the licence. BIS publishes the detailed process flow under FMCS.",,,,,,FMCS FAQ Q18,https://www.bis.gov.in/fmcs/fmcs-faqs/,,FMCS-FAQ-018,1,F006,BIS_FAQs_Master.xlsx,BIS_FAQs_Master,F006:BIS_FAQs_Master:47,CANONICAL,0,,,,5,45.45
FAQ-00105,What liability does an Off-Site Centre have?,Its liability is the same as that of an Assaying & Hallmarking Centre.,,,,,,A&H Centre FAQ,https://www.bis.gov.in/a-h-centre/,,HM-FAQ-038,1,F006,BIS_FAQs_Master.xlsx,BIS_FAQs_Master,F006:BIS_FAQs_Master:86,CANONICAL,0,,,,5,45.45
FAQ-00106,What must a manufacturer have before applying for a BIS licence?,"The manufacturer must have the required manufacturing infrastructure, appropriate process controls, quality-control arrangements and testing capabilities for the product according to the relevant Indian Standard, and the product must comply with the applicable standard.",,,,,,Product Certification FAQ Q4,https://www.bis.gov.in/product-certification/product-certification-faq/,,PC-FAQ-004,1,F006,BIS_FAQs_Master.xlsx,BIS_FAQs_Master,F006:BIS_FAQs_Master:5,CANONICAL,0,,,,5,45.45
FAQ-00107,What should a customer look for at a jewellery shop?,"The registered/certified jeweller should display the BIS logo with the wording indicating hallmarked jewellery is available, display the BIS registration certificate, keep a minimum 10X magnifying glass to show hallmarks and display the relationship between fineness and caratage.",,,,,,Hallmarking General FAQ Q16,https://www.bis.gov.in/hallmarking-overview/hallmarking-faqs/,,HM-FAQ-018,1,F006,BIS_FAQs_Master.xlsx,BIS_FAQs_Master,F006:BIS_FAQs_Master:66,CANONICAL,0,,,,5,45.45
FAQ-00108,What should I do if the manufacturing unit shifts to a new address?,"The licensee must inform BIS and submit documents relating to the new premises similar to those submitted during the original application. The licensee must suspend use of the Standard Mark during relocation, and BIS may revoke suspension after verification of the old/new premises and production process.",,,,,,Product Certification FAQ Q25,https://www.bis.gov.in/product-certification/product-certification-faq/,,PC-FAQ-025,1,F006,BIS_FAQs_Master.xlsx,BIS_FAQs_Master,F006:BIS_FAQs_Master:26,CANONICAL,0,,,,5,45.45
FAQ-00109,What subsidy is available for establishing A&H Centres?,"BIS states that under the central assistance scheme, subsidy of 30% to 75% of equipment cost may be provided for establishing A&H Centres at deficient locations. The subsidy does not apply to Off-Site Centres.",,,,,,A&H Centre FAQ,https://www.bis.gov.in/a-h-centre/,,HM-FAQ-041,1,F006,BIS_FAQs_Master.xlsx,BIS_FAQs_Master,F006:BIS_FAQs_Master:89,CANONICAL,0,,,,5,45.45
FAQ-00110,When can a BIS licence be cancelled?,"A BIS licence can be cancelled under Regulation 11 of the BIS (Conformity Assessment) Regulations, 2018.",,,,,,Product Certification FAQ Q27,https://www.bis.gov.in/product-certification/product-certification-faq/,,PC-FAQ-027,1,F006,BIS_FAQs_Master.xlsx,BIS_FAQs_Master,F006:BIS_FAQs_Master:28,CANONICAL,0,,,,5,45.45
FAQ-00111,When can a BIS licence be suspended?,"A BIS licence can be suspended under paragraph 11 of Scheme-I and Regulation 10 of the BIS (Conformity Assessment) Regulations, 2018.",,,,,,Product Certification FAQ Q26,https://www.bis.gov.in/product-certification/product-certification-faq/,,PC-FAQ-026,1,F006,BIS_FAQs_Master.xlsx,BIS_FAQs_Master,F006:BIS_FAQs_Master:27,CANONICAL,0,,,,5,45.45
FAQ-00112,When should an A&H Centre return the cornet?,"The A&H Centre should ensure that jewellery/artefacts are hallmarked and kept ready with the cornet for delivery to the client within 48 hours, as provided under IS 15820.",,,,,,A&H Centre FAQ,https://www.bis.gov.in/a-h-centre/,,HM-FAQ-036,1,F006,BIS_FAQs_Master.xlsx,BIS_FAQs_Master,F006:BIS_FAQs_Master:84,CANONICAL,0,,,,5,45.45
FAQ-00113,Where can I find FMCS fees?,FMCS applicants must use the fee structure published by BIS under the FMCS section.,,,,,,FMCS FAQ Q8,https://www.bis.gov.in/fmcs/fmcs-faqs/,,FMCS-FAQ-008,1,F006,BIS_FAQs_Master.xlsx,BIS_FAQs_Master,F006:BIS_FAQs_Master:37,CANONICAL,0,,,,5,45.45
FAQ-00114,Where can I find the list of BIS-recognized A&H Centres?,BIS provides the list of recognized Assaying & Hallmarking Centres through the Hallmarking section and the Manakonline AHC list.,,,,,,Hallmarking General FAQ Q24,https://www.bis.gov.in/hallmarking-overview/hallmarking-faqs/,,HM-FAQ-027,1,F006,BIS_FAQs_Master.xlsx,BIS_FAQs_Master,F006:BIS_FAQs_Master:75,CANONICAL,0,,,,5,45.45
FAQ-00115,Where can I find the list of BIS registered jewellers?,The list is available under the BIS Hallmarking section on the BIS website.,,,,,,Hallmarking General FAQ Q23,https://www.bis.gov.in/hallmarking-overview/hallmarking-faqs/,,HM-FAQ-026,1,F006,BIS_FAQs_Master.xlsx,BIS_FAQs_Master,F006:BIS_FAQs_Master:74,CANONICAL,0,,,,5,45.45
FAQ-00116,Where can the public find hallmarking information?,"BIS provides detailed hallmarking information on its website, including regulations, mandatory hallmarking orders, jeweller/A&H Centre procedures, forms and lists of registered jewellers and hallmarking centres.",,,,,,Hallmarking General FAQ Q22,https://www.bis.gov.in/hallmarking-overview/hallmarking-faqs/,,HM-FAQ-025,1,F006,BIS_FAQs_Master.xlsx,BIS_FAQs_Master,F006:BIS_FAQs_Master:73,CANONICAL,0,,,,5,45.45
FAQ-00117,Where do I submit an application for BIS certification?,"BIS accepts product-certification applications online, including payments, through Manakonline. Applicants are advised to review the applicant user manual and portal FAQs before registering.",,,,,,Product Certification FAQ Q7,https://www.bis.gov.in/product-certification/product-certification-faq/,,PC-FAQ-007,1,F006,BIS_FAQs_Master.xlsx,BIS_FAQs_Master,F006:BIS_FAQs_Master:8,CANONICAL,0,,,,5,45.45
FAQ-00118,Which gold grades can be hallmarked?,"Under IS 1417:2016, the permitted gold jewellery/artefact fineness grades are 14K(585), 18K(750), 20K(833), 22K(916), 23K(958) and 24KS(995).",,,,,,Hallmarking General FAQ Q4,https://www.bis.gov.in/hallmarking-overview/hallmarking-faqs/,,HM-FAQ-004,1,F006,BIS_FAQs_Master.xlsx,BIS_FAQs_Master,F006:BIS_FAQs_Master:52,CANONICAL,0,,,,5,45.45
FAQ-00119,Which Indian Standards apply to hallmarking?,BIS identifies IS 1417:2016 for gold/gold-alloy jewellery and artefacts; IS 2112:2014 for silver/silver-alloy jewellery and artefacts; IS 15820:2009 for Assaying & Hallmarking Centres; IS 1418:2009 for gold assay; IS 2113:2014 for silver assay; and IS 17278:2019 for refined gold/silver bars for Good Delivery.,,,,,,Hallmarking General FAQ Q3,https://www.bis.gov.in/hallmarking-overview/hallmarking-faqs/,,HM-FAQ-003,1,F006,BIS_FAQs_Master.xlsx,BIS_FAQs_Master,F006:BIS_FAQs_Master:51,CANONICAL,0,,,,5,45.45
FAQ-00120,Which laboratories' reports are acceptable for a BIS licence under Option-2?,Reports issued by BIS laboratories or BIS-recognized/empanelled laboratories for the relevant product are acceptable. BIS provides an IS-wise laboratory-testing facility search for identifying suitable laboratories.,,,,,,Product Certification FAQ Q12,https://www.bis.gov.in/product-certification/product-certification-faq/,,PC-FAQ-012,1,F006,BIS_FAQs_Master.xlsx,BIS_FAQs_Master,F006:BIS_FAQs_Master:13,CANONICAL,0,,,,5,45.45
FAQ-00121,Which precious metals are currently covered by hallmarking in India?,"At present, gold and silver are under the Hallmarking system.",,,,,,Hallmarking General FAQ Q2,https://www.bis.gov.in/hallmarking-overview/hallmarking-faqs/,,HM-FAQ-002,1,F006,BIS_FAQs_Master.xlsx,BIS_FAQs_Master,F006:BIS_FAQs_Master:50,CANONICAL,0,,,,5,45.45
FAQ-00122,Which silver grades can be hallmarked?,"Under IS 2112:2014, permitted silver jewellery/artefact grades are 800, 835, 900, 925, 970 and 990 fineness.",,,,,,Hallmarking General FAQ Q4,https://www.bis.gov.in/hallmarking-overview/hallmarking-faqs/,,HM-FAQ-005,1,F006,BIS_FAQs_Master.xlsx,BIS_FAQs_Master,F006:BIS_FAQs_Master:53,CANONICAL,0,,,,5,45.45
FAQ-00123,Who can act as an AIR?,"The AIR must be an Indian resident and must undertake responsibility for compliance with the BIS Act, Rules, Regulations, licence terms and related undertakings. A suitably authorized senior person of an Indian branch/office can be nominated; otherwise the foreign manufacturer may nominate an AIR using the prescribed format.",,,,,,FMCS FAQ Q6,https://www.bis.gov.in/fmcs/fmcs-faqs/,,FMCS-FAQ-006,1,F006,BIS_FAQs_Master.xlsx,BIS_FAQs_Master,F006:BIS_FAQs_Master:35,CANONICAL,0,,,,5,45.45
FAQ-00124,Who is responsible for compensation if hallmarked precious-metal jewellery is found below declared purity?,"Under the BIS Act/Rules provisions cited by BIS, the certified body/licensee or representative can be directed to repair, replace, reprocess or pay compensation. For precious-metal articles, the compensation is two times the amount calculated for the shortage in purity for the weight sold plus testing charges, where BIS directs compensation.",,,,,,A&H Centre FAQ; BIS Act/Rule provisions,https://www.bis.gov.in/a-h-centre/,,HM-FAQ-043,1,F006,BIS_FAQs_Master.xlsx,BIS_FAQs_Master,F006:BIS_FAQs_Master:91,CANONICAL,0,,,,5,45.45
FAQ-00125,Who operates India's Hallmarking Scheme?,BIS operates the Hallmarking Scheme. BIS was identified in 2000 as the agency to operate the scheme and implements it through its network of regional and branch offices.,,,,,,Hallmarking General FAQ Q10,https://www.bis.gov.in/hallmarking-overview/hallmarking-faqs/,,HM-FAQ-011,1,F006,BIS_FAQs_Master.xlsx,BIS_FAQs_Master,F006:BIS_FAQs_Master:59,CANONICAL,0,,,,5,45.45
FAQ-00126,Why was the Hallmarking Scheme introduced?,"The objectives are to protect consumers from malpractices concerning gold/silver quality, help develop India as a leading gold market centre and support export competitiveness.",,,,,,Hallmarking General FAQ Q5,https://www.bis.gov.in/hallmarking-overview/hallmarking-faqs/,,HM-FAQ-006,1,F006,BIS_FAQs_Master.xlsx,BIS_FAQs_Master,F006:BIS_FAQs_Master:54,CANONICAL,0,,,,5,45.45
