pm_section_id,pm_id,manual_title,manual_version,is_id,canonical_is_number,product_id,product_name,section_category,source_column,requirement_text,text_length,clause,source_file_id,source_file,source_sheet,source_row,source_url,review_flag
PMS-000006,PM-00016,,1 / latest indexed manual,STD-00807,IS 17631,PROD-00310,Work Chairs,INFRASTRUCTURE,test_equipment,See Annex-B,11,,F010,BIS_Product_Manuals_Master.xlsx,BIS_Product_Manuals,2,,
PMS-000017,PM-00017,,2,STD-00808,IS 17632,PROD-00106,General Purpose Chairs and Stools,INFRASTRUCTURE,test_equipment,"Annex-B; micrometer, Vernier caliper, tape, steel scale, protractor plus specified furniture/surface-performance equipment",122,,F010,BIS_Product_Manuals_Master.xlsx,BIS_Product_Manuals,3,,
PMS-000028,PM-00018,,1,STD-00809,IS 17633,PROD-00285,Tables and Desks,INFRASTRUCTURE,test_equipment,Annex-B,7,,F010,BIS_Product_Manuals_Master.xlsx,BIS_Product_Manuals,4,,
PMS-000039,PM-00019,,1,STD-00810,IS 17634,PROD-00274,Storage Units,INFRASTRUCTURE,test_equipment,Annex-B,7,,F010,BIS_Product_Manuals_Master.xlsx,BIS_Product_Manuals,5,,
PMS-000050,PM-00020,,1,STD-00811,IS 17635,PROD-00051,Beds,INFRASTRUCTURE,test_equipment,Annex-B,7,,F010,BIS_Product_Manuals_Master.xlsx,BIS_Product_Manuals,6,,
PMS-000061,PM-00021,,1,STD-00812,IS 17636,PROD-00055,Bunk Beds,INFRASTRUCTURE,test_equipment,Annex-B,7,,F010,BIS_Product_Manuals_Master.xlsx,BIS_Product_Manuals,7,,
PMS-000072,PM-00025,,Revised manual incorporating SIT and grouping guidelines,STD-00982,IS 2347,PROD-00083,Domestic Pressure Cooker,INFRASTRUCTURE,test_equipment,Tests/equipment as specified in manual/SIT,42,,F010,BIS_Product_Manuals_Master.xlsx,BIS_Product_Manuals,8,,
PMS-000082,PM-00001,,1,STD-00194,IS 12330,PROD-00277,Sulphate Resisting Portland Cement,INFRASTRUCTURE,test_equipment,Annex-A,7,,F010,BIS_Product_Manuals_Master.xlsx,BIS_Product_Manuals,9,,
PMS-000092,PM-00002,,1 / indexed PM,STD-00214,IS 12600,PROD-00123,Low Heat Portland Cement,INFRASTRUCTURE,test_equipment,Annex,5,,F010,BIS_Product_Manuals_Master.xlsx,BIS_Product_Manuals,10,,
PMS-000103,PM-00003,,Latest indexed PM,STD-00444,IS 1489 (Part 1),PROD-00155,Portland Pozzolana Cement — Fly Ash Based,INFRASTRUCTURE,test_equipment,Annex,5,,F010,BIS_Product_Manuals_Master.xlsx,BIS_Product_Manuals,11,,
PMS-000114,PM-00004,,Latest indexed PM,STD-00445,IS 1489 (Part 2),PROD-00154,Portland Pozzolana Cement — Calcined Clay Based,INFRASTRUCTURE,test_equipment,Annex,5,,F010,BIS_Product_Manuals_Master.xlsx,BIS_Product_Manuals,12,,
PMS-000125,PM-00028,,3,STD-01041,IS 269,PROD-00131,Ordinary Portland Cement,INFRASTRUCTURE,test_equipment,Annex-B,7,,F010,BIS_Product_Manuals_Master.xlsx,BIS_Product_Manuals,13,,
PMS-000136,PM-00031,,3,STD-01273,IS 455,PROD-00158,Portland Slag Cement,INFRASTRUCTURE,test_equipment,Annex-A,7,,F010,BIS_Product_Manuals_Master.xlsx,BIS_Product_Manuals,14,,
PMS-000146,PM-00032,,1,STD-01569,IS 8041,PROD-00168,Rapid Hardening Portland Cement,INFRASTRUCTURE,test_equipment,Annex-A,7,,F010,BIS_Product_Manuals_Master.xlsx,BIS_Product_Manuals,15,,
PMS-000156,PM-00033,,2,STD-01570,IS 8042,PROD-00305,White Portland Cement,INFRASTRUCTURE,test_equipment,Annex-B,7,,F010,BIS_Product_Manuals_Master.xlsx,BIS_Product_Manuals,16,,
PMS-000167,PM-00034,,Latest indexed PM,STD-01571,IS 8043,PROD-00111,Hydrophobic Portland Cement,INFRASTRUCTURE,test_equipment,Annex,5,,F010,BIS_Product_Manuals_Master.xlsx,BIS_Product_Manuals,17,,
PMS-000178,PM-00011,,2,STD-00656,IS 16415,PROD-00066,Composite Cement,INFRASTRUCTURE,test_equipment,Annex-A,7,,F010,BIS_Product_Manuals_Master.xlsx,BIS_Product_Manuals,18,,
PMS-000188,PM-00037,,11,STD-01730,IS 9873 (Part 1),PROD-00225,Safety of Toys — Part 1,INFRASTRUCTURE,test_equipment,Annexes in manual,17,,F010,BIS_Product_Manuals_Master.xlsx,BIS_Product_Manuals,19,,
PMS-000199,PM-00038,,11,STD-01731,IS 9873 (Part 2),PROD-00222,Safety of Toys — Flammability,INFRASTRUCTURE,test_equipment,Annex,5,,F010,BIS_Product_Manuals_Master.xlsx,BIS_Product_Manuals,20,,
PMS-000210,PM-00039,,11,STD-01732,IS 9873 (Part 3),PROD-00224,Safety of Toys — Migration of Certain Elements,INFRASTRUCTURE,test_equipment,Annex,5,,F010,BIS_Product_Manuals_Master.xlsx,BIS_Product_Manuals,21,,
PMS-000221,PM-00040,,11,STD-01733,IS 9873 (Part 4),PROD-00279,"Swings, Slides and Similar Activity Toys",INFRASTRUCTURE,test_equipment,Annex,5,,F010,BIS_Product_Manuals_Master.xlsx,BIS_Product_Manuals,22,,
PMS-000232,PM-00007,,11,STD-00530,IS 15644,PROD-00203,Safety of Electric Toys,INFRASTRUCTURE,test_equipment,Annex,5,,F010,BIS_Product_Manuals_Master.xlsx,BIS_Product_Manuals,23,,
PMS-000243,PM-00029,,1,STD-01069,IS 2835,PROD-00102,Flat Transparent Sheet Glass,INFRASTRUCTURE,test_equipment,Annex,5,,F010,BIS_Product_Manuals_Master.xlsx,BIS_Product_Manuals,24,,
PMS-000254,PM-00026,,Latest indexed PM,STD-01015,IS 2553 (Part 1),PROD-00200,"Safety Glass — Architectural, Building and General Uses",INFRASTRUCTURE,test_equipment,Annex,5,,F010,BIS_Product_Manuals_Master.xlsx,BIS_Product_Manuals,25,,
PMS-000265,PM-00027,,5,STD-01016,IS 2553 (Part 2),PROD-00193,Safety Glass for Road Transport,INFRASTRUCTURE,test_equipment,Annex-C,7,,F010,BIS_Product_Manuals_Master.xlsx,BIS_Product_Manuals,26,,
PMS-000276,PM-00035,,Latest indexed PM,STD-01707,IS 9573 (Part 1),PROD-00183,Rubber Hose for LPG — Industrial Application,INFRASTRUCTURE,test_equipment,Annex,5,,F010,BIS_Product_Manuals_Master.xlsx,BIS_Product_Manuals,27,,
PMS-000287,PM-00036,,Latest indexed PM,STD-01708,IS 9573 (Part 2),PROD-00182,Rubber Hose for LPG — Domestic/Commercial Application,INFRASTRUCTURE,test_equipment,Annex,5,,F010,BIS_Product_Manuals_Master.xlsx,BIS_Product_Manuals,28,,
PMS-000298,PM-00006,,Latest indexed PM,STD-00497,IS 15392,PROD-00044,Aluminium and Aluminium Alloy Bare Foil for Food Packaging,INFRASTRUCTURE,test_equipment,Annex,5,,F010,BIS_Product_Manuals_Master.xlsx,BIS_Product_Manuals,29,,
PMS-000309,PM-00022,,Latest indexed PM,STD-00836,IS 17875,PROD-00265,Stainless Steel Seamless Pipes and Tubes for General Service,INFRASTRUCTURE,test_equipment,Annex,5,,F010,BIS_Product_Manuals_Master.xlsx,BIS_Product_Manuals,30,,
PMS-000320,PM-00023,,Latest indexed PM,STD-00837,IS 17876,PROD-00268,Stainless Steel Welded Pipes and Tubes for General Service,INFRASTRUCTURE,test_equipment,Annex,5,,F010,BIS_Product_Manuals_Master.xlsx,BIS_Product_Manuals,31,,
PMS-000331,PM-00024,,Latest indexed PM,STD-00947,IS 2083,PROD-00097,Flashlight,INFRASTRUCTURE,test_equipment,Annex,5,,F010,BIS_Product_Manuals_Master.xlsx,BIS_Product_Manuals,32,,
PMS-000342,PM-00030,,Latest indexed PM,STD-01090,IS 302 (Part 1),PROD-00207,Safety of Household and Similar Electrical Appliances — General Requirements,INFRASTRUCTURE,test_equipment,Annex,5,,F010,BIS_Product_Manuals_Master.xlsx,BIS_Product_Manuals,33,,
PMS-000353,PM-00008,,Latest indexed PM,STD-00558,IS 15844 (Part 1),PROD-00258,Sports Footwear — General Purpose,INFRASTRUCTURE,test_equipment,Annex,5,,F010,BIS_Product_Manuals_Master.xlsx,BIS_Product_Manuals,34,,
PMS-000364,PM-00009,,Latest indexed PM,STD-00559,IS 15844 (Part 2),PROD-00259,Sports Footwear — Performance Sports Footwear,INFRASTRUCTURE,test_equipment,Annex,5,,F010,BIS_Product_Manuals_Master.xlsx,BIS_Product_Manuals,35,,
PMS-000375,PM-00010,,Latest indexed PM,STD-00560,IS 15844 (Part 3),PROD-00260,Sports Footwear — Professional Sports Footwear,INFRASTRUCTURE,test_equipment,Annex,5,,F010,BIS_Product_Manuals_Master.xlsx,BIS_Product_Manuals,36,,
PMS-000386,PM-00012,,Latest indexed PM,STD-00718,IS 17012,PROD-00109,High Ankle Tactical Boots with PU-Rubber Sole,INFRASTRUCTURE,test_equipment,Annex,5,,F010,BIS_Product_Manuals_Master.xlsx,BIS_Product_Manuals,37,,
PMS-000397,PM-00013,,Latest indexed PM,STD-00722,IS 17037,PROD-00047,Anti Riot Shoes,INFRASTRUCTURE,test_equipment,Annex,5,,F010,BIS_Product_Manuals_Master.xlsx,BIS_Product_Manuals,38,,
PMS-000408,PM-00014,,4,STD-00725,IS 17043 (Part 1),PROD-00236,Shoes for Services,INFRASTRUCTURE,test_equipment,Annex,5,,F010,BIS_Product_Manuals_Master.xlsx,BIS_Product_Manuals,39,,
PMS-000419,PM-00015,,Latest indexed PM,STD-00726,IS 17043 (Part 2),PROD-00235,Shoes for General Purpose,INFRASTRUCTURE,test_equipment,Annex,5,,F010,BIS_Product_Manuals_Master.xlsx,BIS_Product_Manuals,40,,
PMS-000430,PM-00005,,Older/current lifecycle needs verification,STD-00481,IS 15298 (Part 2),PROD-00188,Safety Footwear,INFRASTRUCTURE,test_equipment,Annex,5,,F010,BIS_Product_Manuals_Master.xlsx,BIS_Product_Manuals,41,,
