relationship_id,is_id,canonical_is_number,scheme_id,scheme_name,relationship_type,relation_context,evidence_column,evidence_value,unmatched_reference,source_file_ids,source_files,source_sheets,source_rows,confidence,review_flag
REL-IS_SCH-0000001,STD-01756,IS/IEC 62368 (Part 1),SCH-00018,Scheme - II (Registration Scheme),CERTIFIABLE_UNDER,scheme_label,scheme_label,Scheme - II (Registration Scheme),,F001,05_scheme_ii.csv,,2,1.00,
REL-IS_SCH-0000002,STD-01756,IS/IEC 62368 (Part 1),SCH-00018,Scheme - II (Registration Scheme),CERTIFIABLE_UNDER,scheme_label,scheme_label,Scheme - II (Registration Scheme),,F001,05_scheme_ii.csv,,3,1.00,
REL-IS_SCH-0000003,STD-01756,IS/IEC 62368 (Part 1),SCH-00018,Scheme - II (Registration Scheme),CERTIFIABLE_UNDER,scheme_label,scheme_label,Scheme - II (Registration Scheme),,F001,05_scheme_ii.csv,,4,1.00,
REL-IS_SCH-0000004,STD-01756,IS/IEC 62368 (Part 1),SCH-00018,Scheme - II (Registration Scheme),CERTIFIABLE_UNDER,scheme_label,scheme_label,Scheme - II (Registration Scheme),,F001,05_scheme_ii.csv,,5,1.00,
REL-IS_SCH-0000005,STD-01091,IS 302 (Part 2),SCH-00018,Scheme - II (Registration Scheme),CERTIFIABLE_UNDER,scheme_label,scheme_label,Scheme - II (Registration Scheme),,F001,05_scheme_ii.csv,,6,1.00,
REL-IS_SCH-0000006,STD-01756,IS/IEC 62368 (Part 1),SCH-00018,Scheme - II (Registration Scheme),CERTIFIABLE_UNDER,scheme_label,scheme_label,Scheme - II (Registration Scheme),,F001,05_scheme_ii.csv,,7,1.00,
REL-IS_SCH-0000007,STD-01756,IS/IEC 62368 (Part 1),SCH-00018,Scheme - II (Registration Scheme),CERTIFIABLE_UNDER,scheme_label,scheme_label,Scheme - II (Registration Scheme),,F001,05_scheme_ii.csv,,8,1.00,
REL-IS_SCH-0000008,STD-01756,IS/IEC 62368 (Part 1),SCH-00018,Scheme - II (Registration Scheme),CERTIFIABLE_UNDER,scheme_label,scheme_label,Scheme - II (Registration Scheme),,F001,05_scheme_ii.csv,,9,1.00,
REL-IS_SCH-0000009,STD-01756,IS/IEC 62368 (Part 1),SCH-00018,Scheme - II (Registration Scheme),CERTIFIABLE_UNDER,scheme_label,scheme_label,Scheme - II (Registration Scheme),,F001,05_scheme_ii.csv,,10,1.00,
REL-IS_SCH-0000010,STD-01756,IS/IEC 62368 (Part 1),SCH-00018,Scheme - II (Registration Scheme),CERTIFIABLE_UNDER,scheme_label,scheme_label,Scheme - II (Registration Scheme),,F001,05_scheme_ii.csv,,11,1.00,
REL-IS_SCH-0000011,STD-01756,IS/IEC 62368 (Part 1),SCH-00018,Scheme - II (Registration Scheme),CERTIFIABLE_UNDER,scheme_label,scheme_label,Scheme - II (Registration Scheme),,F001,05_scheme_ii.csv,,12,1.00,
REL-IS_SCH-0000012,STD-01756,IS/IEC 62368 (Part 1),SCH-00018,Scheme - II (Registration Scheme),CERTIFIABLE_UNDER,scheme_label,scheme_label,Scheme - II (Registration Scheme),,F001,05_scheme_ii.csv,,13,1.00,
REL-IS_SCH-0000013,STD-01091,IS 302 (Part 2),SCH-00018,Scheme - II (Registration Scheme),CERTIFIABLE_UNDER,scheme_label,scheme_label,Scheme - II (Registration Scheme),,F001,05_scheme_ii.csv,,14,1.00,
REL-IS_SCH-0000014,STD-01756,IS/IEC 62368 (Part 1),SCH-00018,Scheme - II (Registration Scheme),CERTIFIABLE_UNDER,scheme_label,scheme_label,Scheme - II (Registration Scheme),,F001,05_scheme_ii.csv,,15,1.00,
REL-IS_SCH-0000015,STD-01756,IS/IEC 62368 (Part 1),SCH-00018,Scheme - II (Registration Scheme),CERTIFIABLE_UNDER,scheme_label,scheme_label,Scheme - II (Registration Scheme),,F001,05_scheme_ii.csv,,16,1.00,
REL-IS_SCH-0000016,STD-01756,IS/IEC 62368 (Part 1),SCH-00018,Scheme - II (Registration Scheme),CERTIFIABLE_UNDER,scheme_label,scheme_label,Scheme - II (Registration Scheme),,F001,05_scheme_ii.csv,,17,1.00,
REL-IS_SCH-0000017,STD-01756,IS/IEC 62368 (Part 1),SCH-00018,Scheme - II (Registration Scheme),CERTIFIABLE_UNDER,scheme_label,scheme_label,Scheme - II (Registration Scheme),,F001,05_scheme_ii.csv,,18,1.00,
REL-IS_SCH-0000018,STD-00636,IS 16242 (Part 1),SCH-00018,Scheme - II (Registration Scheme),CERTIFIABLE_UNDER,scheme_label,scheme_label,Scheme - II (Registration Scheme),,F001,05_scheme_ii.csv,,19,1.00,
REL-IS_SCH-0000019,STD-00568,IS 15885 (Part 2),SCH-00018,Scheme - II (Registration Scheme),CERTIFIABLE_UNDER,scheme_label,scheme_label,Scheme - II (Registration Scheme),,F001,05_scheme_ii.csv,,20,1.00,
REL-IS_SCH-0000020,STD-00593,IS 16046,SCH-00018,Scheme - II (Registration Scheme),CERTIFIABLE_UNDER,scheme_label,scheme_label,Scheme - II (Registration Scheme),,F001,05_scheme_ii.csv,,21,1.00,
REL-IS_SCH-0000021,STD-00610,IS 16102 (Part 1),SCH-00018,Scheme - II (Registration Scheme),CERTIFIABLE_UNDER,scheme_label,scheme_label,Scheme - II (Registration Scheme),,F001,05_scheme_ii.csv,,22,1.00,
REL-IS_SCH-0000022,STD-00050,IS 10322 (Part 5),SCH-00018,Scheme - II (Registration Scheme),CERTIFIABLE_UNDER,scheme_label,scheme_label,Scheme - II (Registration Scheme),,F001,05_scheme_ii.csv,,23,1.00,
REL-IS_SCH-0000023,STD-01756,IS/IEC 62368 (Part 1),SCH-00018,Scheme - II (Registration Scheme),CERTIFIABLE_UNDER,scheme_label,scheme_label,Scheme - II (Registration Scheme),,F001,05_scheme_ii.csv,,24,1.00,
REL-IS_SCH-0000024,STD-01756,IS/IEC 62368 (Part 1),SCH-00018,Scheme - II (Registration Scheme),CERTIFIABLE_UNDER,scheme_label,scheme_label,Scheme - II (Registration Scheme),,F001,05_scheme_ii.csv,,25,1.00,
REL-IS_SCH-0000025,STD-01756,IS/IEC 62368 (Part 1),SCH-00018,Scheme - II (Registration Scheme),CERTIFIABLE_UNDER,scheme_label,scheme_label,Scheme - II (Registration Scheme),,F001,05_scheme_ii.csv,,26,1.00,
REL-IS_SCH-0000026,STD-01756,IS/IEC 62368 (Part 1),SCH-00018,Scheme - II (Registration Scheme),CERTIFIABLE_UNDER,scheme_label,scheme_label,Scheme - II (Registration Scheme),,F001,05_scheme_ii.csv,,27,1.00,
REL-IS_SCH-0000027,STD-01756,IS/IEC 62368 (Part 1),SCH-00018,Scheme - II (Registration Scheme),CERTIFIABLE_UNDER,scheme_label,scheme_label,Scheme - II (Registration Scheme),,F001,05_scheme_ii.csv,,28,1.00,
REL-IS_SCH-0000028,STD-01756,IS/IEC 62368 (Part 1),SCH-00018,Scheme - II (Registration Scheme),CERTIFIABLE_UNDER,scheme_label,scheme_label,Scheme - II (Registration Scheme),,F001,05_scheme_ii.csv,,29,1.00,
REL-IS_SCH-0000029,STD-01756,IS/IEC 62368 (Part 1),SCH-00018,Scheme - II (Registration Scheme),CERTIFIABLE_UNDER,scheme_label,scheme_label,Scheme - II (Registration Scheme),,F001,05_scheme_ii.csv,,30,1.00,
REL-IS_SCH-0000030,STD-01756,IS/IEC 62368 (Part 1),SCH-00018,Scheme - II (Registration Scheme),CERTIFIABLE_UNDER,scheme_label,scheme_label,Scheme - II (Registration Scheme),,F001,05_scheme_ii.csv,,31,1.00,
REL-IS_SCH-0000031,STD-00644,IS 16333 (Part 3),SCH-00018,Scheme - II (Registration Scheme),CERTIFIABLE_UNDER,scheme_label,scheme_label,Scheme - II (Registration Scheme),,F001,05_scheme_ii.csv,,32,1.00,
REL-IS_SCH-0000032,STD-00050,IS 10322 (Part 5),SCH-00018,Scheme - II (Registration Scheme),CERTIFIABLE_UNDER,scheme_label,scheme_label,Scheme - II (Registration Scheme),,F001,05_scheme_ii.csv,,33,1.00,
REL-IS_SCH-0000033,STD-00050,IS 10322 (Part 5),SCH-00018,Scheme - II (Registration Scheme),CERTIFIABLE_UNDER,scheme_label,scheme_label,Scheme - II (Registration Scheme),,F001,05_scheme_ii.csv,,34,1.00,
REL-IS_SCH-0000034,STD-00050,IS 10322 (Part 5),SCH-00018,Scheme - II (Registration Scheme),CERTIFIABLE_UNDER,scheme_label,scheme_label,Scheme - II (Registration Scheme),,F001,05_scheme_ii.csv,,35,1.00,
REL-IS_SCH-0000035,STD-00050,IS 10322 (Part 5),SCH-00018,Scheme - II (Registration Scheme),CERTIFIABLE_UNDER,scheme_label,scheme_label,Scheme - II (Registration Scheme),,F001,05_scheme_ii.csv,,36,1.00,
REL-IS_SCH-0000036,STD-00050,IS 10322 (Part 5),SCH-00018,Scheme - II (Registration Scheme),CERTIFIABLE_UNDER,scheme_label,scheme_label,Scheme - II (Registration Scheme),,F001,05_scheme_ii.csv,,37,1.00,
REL-IS_SCH-0000037,STD-00050,IS 10322 (Part 5),SCH-00018,Scheme - II (Registration Scheme),CERTIFIABLE_UNDER,scheme_label,scheme_label,Scheme - II (Registration Scheme),,F001,05_scheme_ii.csv,,38,1.00,
REL-IS_SCH-0000038,STD-00636,IS 16242 (Part 1),SCH-00018,Scheme - II (Registration Scheme),CERTIFIABLE_UNDER,scheme_label,scheme_label,Scheme - II (Registration Scheme),,F001,05_scheme_ii.csv,,39,1.00,
REL-IS_SCH-0000039,STD-01756,IS/IEC 62368 (Part 1),SCH-00018,Scheme - II (Registration Scheme),CERTIFIABLE_UNDER,scheme_label,scheme_label,Scheme - II (Registration Scheme),,F001,05_scheme_ii.csv,,40,1.00,
REL-IS_SCH-0000040,STD-01756,IS/IEC 62368 (Part 1),SCH-00018,Scheme - II (Registration Scheme),CERTIFIABLE_UNDER,scheme_label,scheme_label,Scheme - II (Registration Scheme),,F001,05_scheme_ii.csv,,41,1.00,
REL-IS_SCH-0000041,STD-01756,IS/IEC 62368 (Part 1),SCH-00018,Scheme - II (Registration Scheme),CERTIFIABLE_UNDER,scheme_label,scheme_label,Scheme - II (Registration Scheme),,F001,05_scheme_ii.csv,,42,1.00,
REL-IS_SCH-0000042,STD-01090,IS 302 (Part 1),SCH-00018,Scheme - II (Registration Scheme),CERTIFIABLE_UNDER,scheme_label,scheme_label,Scheme - II (Registration Scheme),,F001,05_scheme_ii.csv,,43,1.00,
REL-IS_SCH-0000043,STD-01756,IS/IEC 62368 (Part 1),SCH-00018,Scheme - II (Registration Scheme),CERTIFIABLE_UNDER,scheme_label,scheme_label,Scheme - II (Registration Scheme),,F001,05_scheme_ii.csv,,44,1.00,
REL-IS_SCH-0000044,STD-01756,IS/IEC 62368 (Part 1),SCH-00018,Scheme - II (Registration Scheme),CERTIFIABLE_UNDER,scheme_label,scheme_label,Scheme - II (Registration Scheme),,F001,05_scheme_ii.csv,,45,1.00,
REL-IS_SCH-0000045,STD-00612,IS 16103 (Part 1),SCH-00018,Scheme - II (Registration Scheme),CERTIFIABLE_UNDER,scheme_label,scheme_label,Scheme - II (Registration Scheme),,F001,05_scheme_ii.csv,,46,1.00,
REL-IS_SCH-0000046,STD-00050,IS 10322 (Part 5),SCH-00018,Scheme - II (Registration Scheme),CERTIFIABLE_UNDER,scheme_label,scheme_label,Scheme - II (Registration Scheme),,F001,05_scheme_ii.csv,,47,1.00,
REL-IS_SCH-0000047,STD-01756,IS/IEC 62368 (Part 1),SCH-00018,Scheme - II (Registration Scheme),CERTIFIABLE_UNDER,scheme_label,scheme_label,Scheme - II (Registration Scheme),,F001,05_scheme_ii.csv,,48,1.00,
REL-IS_SCH-0000048,STD-01091,IS 302 (Part 2),SCH-00018,Scheme - II (Registration Scheme),CERTIFIABLE_UNDER,scheme_label,scheme_label,Scheme - II (Registration Scheme),,F001,05_scheme_ii.csv,,49,1.00,
REL-IS_SCH-0000049,STD-01756,IS/IEC 62368 (Part 1),SCH-00018,Scheme - II (Registration Scheme),CERTIFIABLE_UNDER,scheme_label,scheme_label,Scheme - II (Registration Scheme),,F001,05_scheme_ii.csv,,50,1.00,
REL-IS_SCH-0000050,STD-01756,IS/IEC 62368 (Part 1),SCH-00018,Scheme - II (Registration Scheme),CERTIFIABLE_UNDER,scheme_label,scheme_label,Scheme - II (Registration Scheme),,F001,05_scheme_ii.csv,,51,1.00,
REL-IS_SCH-0000051,STD-01756,IS/IEC 62368 (Part 1),SCH-00018,Scheme - II (Registration Scheme),CERTIFIABLE_UNDER,scheme_label,scheme_label,Scheme - II (Registration Scheme),,F001,05_scheme_ii.csv,,52,1.00,
REL-IS_SCH-0000052,STD-01756,IS/IEC 62368 (Part 1),SCH-00018,Scheme - II (Registration Scheme),CERTIFIABLE_UNDER,scheme_label,scheme_label,Scheme - II (Registration Scheme),,F001,05_scheme_ii.csv,,53,1.00,
REL-IS_SCH-0000053,STD-01756,IS/IEC 62368 (Part 1),SCH-00018,Scheme - II (Registration Scheme),CERTIFIABLE_UNDER,scheme_label,scheme_label,Scheme - II (Registration Scheme),,F001,05_scheme_ii.csv,,54,1.00,
REL-IS_SCH-0000054,STD-01756,IS/IEC 62368 (Part 1),SCH-00018,Scheme - II (Registration Scheme),CERTIFIABLE_UNDER,scheme_label,scheme_label,Scheme - II (Registration Scheme),,F001,05_scheme_ii.csv,,55,1.00,
REL-IS_SCH-0000055,STD-01756,IS/IEC 62368 (Part 1),SCH-00018,Scheme - II (Registration Scheme),CERTIFIABLE_UNDER,scheme_label,scheme_label,Scheme - II (Registration Scheme),,F001,05_scheme_ii.csv,,56,1.00,
REL-IS_SCH-0000056,STD-01091,IS 302 (Part 2),SCH-00018,Scheme - II (Registration Scheme),CERTIFIABLE_UNDER,scheme_label,scheme_label,Scheme - II (Registration Scheme),,F001,05_scheme_ii.csv,,57,1.00,
REL-IS_SCH-0000057,STD-01756,IS/IEC 62368 (Part 1),SCH-00018,Scheme - II (Registration Scheme),CERTIFIABLE_UNDER,scheme_label,scheme_label,Scheme - II (Registration Scheme),,F001,05_scheme_ii.csv,,58,1.00,
REL-IS_SCH-0000058,STD-01756,IS/IEC 62368 (Part 1),SCH-00018,Scheme - II (Registration Scheme),CERTIFIABLE_UNDER,scheme_label,scheme_label,Scheme - II (Registration Scheme),,F001,05_scheme_ii.csv,,59,1.00,
REL-IS_SCH-0000059,STD-01756,IS/IEC 62368 (Part 1),SCH-00018,Scheme - II (Registration Scheme),CERTIFIABLE_UNDER,scheme_label,scheme_label,Scheme - II (Registration Scheme),,F001,05_scheme_ii.csv,,60,1.00,
REL-IS_SCH-0000060,STD-01756,IS/IEC 62368 (Part 1),SCH-00018,Scheme - II (Registration Scheme),CERTIFIABLE_UNDER,scheme_label,scheme_label,Scheme - II (Registration Scheme),,F001,05_scheme_ii.csv,,61,1.00,
REL-IS_SCH-0000061,STD-01756,IS/IEC 62368 (Part 1),SCH-00018,Scheme - II (Registration Scheme),CERTIFIABLE_UNDER,scheme_label,scheme_label,Scheme - II (Registration Scheme),,F001,05_scheme_ii.csv,,62,1.00,
REL-IS_SCH-0000062,STD-01403,IS 60669 (Part 2),SCH-00018,Scheme - II (Registration Scheme),CERTIFIABLE_UNDER,scheme_label,scheme_label,Scheme - II (Registration Scheme),,F001,05_scheme_ii.csv,,63,1.00,
REL-IS_SCH-0000063,STD-01756,IS/IEC 62368 (Part 1),SCH-00018,Scheme - II (Registration Scheme),CERTIFIABLE_UNDER,scheme_label,scheme_label,Scheme - II (Registration Scheme),,F001,05_scheme_ii.csv,,64,1.00,
REL-IS_SCH-0000064,STD-00852,IS 18112,SCH-00018,Scheme - II (Registration Scheme),CERTIFIABLE_UNDER,scheme_label,scheme_label,Scheme - II (Registration Scheme),,F001,05_scheme_ii.csv,,65,1.00,
REL-IS_SCH-0000065,STD-01756,IS/IEC 62368 (Part 1),SCH-00018,Scheme - II (Registration Scheme),CERTIFIABLE_UNDER,scheme_label,scheme_label,Scheme - II (Registration Scheme),,F001,05_scheme_ii.csv,,66,1.00,
REL-IS_SCH-0000066,STD-00366,IS 14286,SCH-00018,Scheme - II (Registration Scheme),CERTIFIABLE_UNDER,scheme_label,scheme_label,Scheme - II (Registration Scheme),,F001,05_scheme_ii.csv,,67,1.00,
REL-IS_SCH-0000067,STD-01754,IS/IEC 61730 (Part 1),SCH-00018,Scheme - II (Registration Scheme),CERTIFIABLE_UNDER,scheme_label,scheme_label,Scheme - II (Registration Scheme),,F001,05_scheme_ii.csv,,68,1.00,
REL-IS_SCH-0000068,STD-01755,IS/IEC 61730 (Part 2),SCH-00018,Scheme - II (Registration Scheme),CERTIFIABLE_UNDER,scheme_label,scheme_label,Scheme - II (Registration Scheme),,F001,05_scheme_ii.csv,,69,1.00,
REL-IS_SCH-0000069,STD-00600,IS 16077,SCH-00018,Scheme - II (Registration Scheme),CERTIFIABLE_UNDER,scheme_label,scheme_label,Scheme - II (Registration Scheme),,F001,05_scheme_ii.csv,,70,1.00,
REL-IS_SCH-0000070,STD-01754,IS/IEC 61730 (Part 1),SCH-00018,Scheme - II (Registration Scheme),CERTIFIABLE_UNDER,scheme_label,scheme_label,Scheme - II (Registration Scheme),,F001,05_scheme_ii.csv,,71,1.00,
REL-IS_SCH-0000071,STD-01755,IS/IEC 61730 (Part 2),SCH-00018,Scheme - II (Registration Scheme),CERTIFIABLE_UNDER,scheme_label,scheme_label,Scheme - II (Registration Scheme),,F001,05_scheme_ii.csv,,72,1.00,
REL-IS_SCH-0000072,STD-00631,IS 16221 (Part 2),SCH-00018,Scheme - II (Registration Scheme),CERTIFIABLE_UNDER,scheme_label,scheme_label,Scheme - II (Registration Scheme),,F001,05_scheme_ii.csv,,73,1.00,
REL-IS_SCH-0000073,STD-00619,IS 16169,SCH-00018,Scheme - II (Registration Scheme),CERTIFIABLE_UNDER,scheme_label,scheme_label,Scheme - II (Registration Scheme),,F001,05_scheme_ii.csv,,74,1.00,
REL-IS_SCH-0000074,STD-00639,IS 16270,SCH-00018,Scheme - II (Registration Scheme),CERTIFIABLE_UNDER,scheme_label,scheme_label,Scheme - II (Registration Scheme),,F001,05_scheme_ii.csv,,75,1.00,
REL-IS_SCH-0000075,STD-01561,IS 798,SCH-00018,Scheme - II (Registration Scheme),CERTIFIABLE_UNDER,scheme_label,scheme_label,Scheme - II (Registration Scheme),,F001,05_scheme_ii.csv,,76,1.00,
REL-IS_SCH-0000076,STD-00780,IS 17439,SCH-00018,Scheme - II (Registration Scheme),CERTIFIABLE_UNDER,scheme_label,scheme_label,Scheme - II (Registration Scheme),,F001,05_scheme_ii.csv,,77,1.00,
REL-IS_SCH-0000077,STD-00776,IS 17412,SCH-00018,Scheme - II (Registration Scheme),CERTIFIABLE_UNDER,scheme_label,scheme_label,Scheme - II (Registration Scheme),,F001,05_scheme_ii.csv,,78,1.00,
REL-IS_SCH-0000078,STD-00179,IS 12171,SCH-00018,Scheme - II (Registration Scheme),CERTIFIABLE_UNDER,scheme_label,scheme_label,Scheme - II (Registration Scheme),,F001,05_scheme_ii.csv,,79,1.00,
REL-IS_SCH-0000079,STD-01092,IS 3024,SCH-00020,Scheme - IV ( Grant Of Certificate Of Conformity ),CERTIFIABLE_UNDER,scheme_label,scheme_label,Scheme - IV ( Grant Of Certificate Of Conformity ),,F002,06_scheme_iv.csv,,2,1.00,
REL-IS_SCH-0000080,STD-01435,IS 648,SCH-00020,Scheme - IV ( Grant Of Certificate Of Conformity ),CERTIFIABLE_UNDER,scheme_label,scheme_label,Scheme - IV ( Grant Of Certificate Of Conformity ),,F002,06_scheme_iv.csv,,3,1.00,
REL-IS_SCH-0000081,STD-00669,IS 16585,SCH-00020,Scheme - IV ( Grant Of Certificate Of Conformity ),CERTIFIABLE_UNDER,scheme_label,scheme_label,Scheme - IV ( Grant Of Certificate Of Conformity ),,F002,06_scheme_iv.csv,,4,1.00,
REL-IS_SCH-0000082,STD-00066,IS 10613,SCH-00020,Scheme - IV ( Grant Of Certificate Of Conformity ),CERTIFIABLE_UNDER,scheme_label,scheme_label,Scheme - IV ( Grant Of Certificate Of Conformity ),,F002,06_scheme_iv.csv,,5,1.00,
REL-IS_SCH-0000083,STD-01092,IS 3024,SCH-00020,Scheme - IV ( Grant Of Certificate Of Conformity ),CERTIFIABLE_UNDER,scheme_label,scheme_label,Scheme - IV ( Grant Of Certificate Of Conformity ),,F002,06_scheme_iv.csv,,6,1.00,
REL-IS_SCH-0000084,STD-00066,IS 10613,SCH-00020,Scheme - IV ( Grant Of Certificate Of Conformity ),CERTIFIABLE_UNDER,scheme_label,scheme_label,Scheme - IV ( Grant Of Certificate Of Conformity ),,F002,06_scheme_iv.csv,,7,1.00,
REL-IS_SCH-0000085,STD-01750,IS/IEC 60947 (Part 2),SCH-00023,Scheme - X (Certification),CERTIFIABLE_UNDER,scheme_label,scheme_label,Scheme - X (Certification),,F003,07_scheme_x.csv,,2,1.00,
REL-IS_SCH-0000086,STD-01750,IS/IEC 60947 (Part 2),SCH-00023,Scheme - X (Certification),CERTIFIABLE_UNDER,scheme_label,scheme_label,Scheme - X (Certification),,F003,07_scheme_x.csv,,3,1.00,
REL-IS_SCH-0000087,STD-01750,IS/IEC 60947 (Part 2),SCH-00023,Scheme - X (Certification),CERTIFIABLE_UNDER,scheme_label,scheme_label,Scheme - X (Certification),,F003,07_scheme_x.csv,,4,1.00,
REL-IS_SCH-0000088,STD-01750,IS/IEC 60947 (Part 2),SCH-00023,Scheme - X (Certification),CERTIFIABLE_UNDER,scheme_label,scheme_label,Scheme - X (Certification),,F003,07_scheme_x.csv,,5,1.00,
REL-IS_SCH-0000089,STD-01750,IS/IEC 60947 (Part 2),SCH-00023,Scheme - X (Certification),CERTIFIABLE_UNDER,scheme_label,scheme_label,Scheme - X (Certification),,F003,07_scheme_x.csv,,6,1.00,
REL-IS_SCH-0000090,STD-01750,IS/IEC 60947 (Part 2),SCH-00023,Scheme - X (Certification),CERTIFIABLE_UNDER,scheme_label,scheme_label,Scheme - X (Certification),,F003,07_scheme_x.csv,,7,1.00,
REL-IS_SCH-0000091,STD-01750,IS/IEC 60947 (Part 2),SCH-00023,Scheme - X (Certification),CERTIFIABLE_UNDER,scheme_label,scheme_label,Scheme - X (Certification),,F003,07_scheme_x.csv,,8,1.00,
REL-IS_SCH-0000092,STD-01750,IS/IEC 60947 (Part 2),SCH-00023,Scheme - X (Certification),CERTIFIABLE_UNDER,scheme_label,scheme_label,Scheme - X (Certification),,F003,07_scheme_x.csv,,9,1.00,
REL-IS_SCH-0000093,STD-01750,IS/IEC 60947 (Part 2),SCH-00023,Scheme - X (Certification),CERTIFIABLE_UNDER,scheme_label,scheme_label,Scheme - X (Certification),,F003,07_scheme_x.csv,,10,1.00,
REL-IS_SCH-0000094,STD-01750,IS/IEC 60947 (Part 2),SCH-00023,Scheme - X (Certification),CERTIFIABLE_UNDER,scheme_label,scheme_label,Scheme - X (Certification),,F003,07_scheme_x.csv,,11,1.00,
REL-IS_SCH-0000095,STD-01750,IS/IEC 60947 (Part 2),SCH-00023,Scheme - X (Certification),CERTIFIABLE_UNDER,scheme_label,scheme_label,Scheme - X (Certification),,F003,07_scheme_x.csv,,12,1.00,
REL-IS_SCH-0000096,STD-01751,IS/IEC 60947 (Part 3),SCH-00023,Scheme - X (Certification),CERTIFIABLE_UNDER,scheme_label,scheme_label,Scheme - X (Certification),,F003,07_scheme_x.csv,,13,1.00,
REL-IS_SCH-0000097,STD-01751,IS/IEC 60947 (Part 3),SCH-00023,Scheme - X (Certification),CERTIFIABLE_UNDER,scheme_label,scheme_label,Scheme - X (Certification),,F003,07_scheme_x.csv,,14,1.00,
REL-IS_SCH-0000098,STD-01751,IS/IEC 60947 (Part 3),SCH-00023,Scheme - X (Certification),CERTIFIABLE_UNDER,scheme_label,scheme_label,Scheme - X (Certification),,F003,07_scheme_x.csv,,15,1.00,
REL-IS_SCH-0000099,STD-01751,IS/IEC 60947 (Part 3),SCH-00023,Scheme - X (Certification),CERTIFIABLE_UNDER,scheme_label,scheme_label,Scheme - X (Certification),,F003,07_scheme_x.csv,,16,1.00,
REL-IS_SCH-0000100,STD-01751,IS/IEC 60947 (Part 3),SCH-00023,Scheme - X (Certification),CERTIFIABLE_UNDER,scheme_label,scheme_label,Scheme - X (Certification),,F003,07_scheme_x.csv,,17,1.00,
REL-IS_SCH-0000101,STD-01751,IS/IEC 60947 (Part 3),SCH-00023,Scheme - X (Certification),CERTIFIABLE_UNDER,scheme_label,scheme_label,Scheme - X (Certification),,F003,07_scheme_x.csv,,18,1.00,
REL-IS_SCH-0000102,STD-01752,IS/IEC 60947 (Part 4),SCH-00023,Scheme - X (Certification),CERTIFIABLE_UNDER,scheme_label,scheme_label,Scheme - X (Certification),,F003,07_scheme_x.csv,,19,1.00,
REL-IS_SCH-0000103,STD-01752,IS/IEC 60947 (Part 4),SCH-00023,Scheme - X (Certification),CERTIFIABLE_UNDER,scheme_label,scheme_label,Scheme - X (Certification),,F003,07_scheme_x.csv,,20,1.00,
REL-IS_SCH-0000104,STD-01752,IS/IEC 60947 (Part 4),SCH-00023,Scheme - X (Certification),CERTIFIABLE_UNDER,scheme_label,scheme_label,Scheme - X (Certification),,F003,07_scheme_x.csv,,21,1.00,
REL-IS_SCH-0000105,STD-01752,IS/IEC 60947 (Part 4),SCH-00023,Scheme - X (Certification),CERTIFIABLE_UNDER,scheme_label,scheme_label,Scheme - X (Certification),,F003,07_scheme_x.csv,,22,1.00,
REL-IS_SCH-0000106,STD-01752,IS/IEC 60947 (Part 4),SCH-00023,Scheme - X (Certification),CERTIFIABLE_UNDER,scheme_label,scheme_label,Scheme - X (Certification),,F003,07_scheme_x.csv,,23,1.00,
REL-IS_SCH-0000107,STD-01752,IS/IEC 60947 (Part 4),SCH-00023,Scheme - X (Certification),CERTIFIABLE_UNDER,scheme_label,scheme_label,Scheme - X (Certification),,F003,07_scheme_x.csv,,24,1.00,
REL-IS_SCH-0000108,STD-01752,IS/IEC 60947 (Part 4),SCH-00023,Scheme - X (Certification),CERTIFIABLE_UNDER,scheme_label,scheme_label,Scheme - X (Certification),,F003,07_scheme_x.csv,,25,1.00,
REL-IS_SCH-0000109,STD-01752,IS/IEC 60947 (Part 4),SCH-00023,Scheme - X (Certification),CERTIFIABLE_UNDER,scheme_label,scheme_label,Scheme - X (Certification),,F003,07_scheme_x.csv,,26,1.00,
REL-IS_SCH-0000110,STD-01753,IS/IEC 60947 (Part 5),SCH-00023,Scheme - X (Certification),CERTIFIABLE_UNDER,scheme_label,scheme_label,Scheme - X (Certification),,F003,07_scheme_x.csv,,27,1.00,
REL-IS_SCH-0000111,STD-01753,IS/IEC 60947 (Part 5),SCH-00023,Scheme - X (Certification),CERTIFIABLE_UNDER,scheme_label,scheme_label,Scheme - X (Certification),,F003,07_scheme_x.csv,,28,1.00,
REL-IS_SCH-0000112,STD-01753,IS/IEC 60947 (Part 5),SCH-00023,Scheme - X (Certification),CERTIFIABLE_UNDER,scheme_label,scheme_label,Scheme - X (Certification),,F003,07_scheme_x.csv,,29,1.00,
REL-IS_SCH-0000113,STD-01753,IS/IEC 60947 (Part 5),SCH-00023,Scheme - X (Certification),CERTIFIABLE_UNDER,scheme_label,scheme_label,Scheme - X (Certification),,F003,07_scheme_x.csv,,30,1.00,
REL-IS_SCH-0000114,STD-01753,IS/IEC 60947 (Part 5),SCH-00023,Scheme - X (Certification),CERTIFIABLE_UNDER,scheme_label,scheme_label,Scheme - X (Certification),,F003,07_scheme_x.csv,,31,1.00,
REL-IS_SCH-0000115,STD-01753,IS/IEC 60947 (Part 5),SCH-00023,Scheme - X (Certification),CERTIFIABLE_UNDER,scheme_label,scheme_label,Scheme - X (Certification),,F003,07_scheme_x.csv,,32,1.00,
REL-IS_SCH-0000116,STD-01753,IS/IEC 60947 (Part 5),SCH-00023,Scheme - X (Certification),CERTIFIABLE_UNDER,scheme_label,scheme_label,Scheme - X (Certification),,F003,07_scheme_x.csv,,33,1.00,
REL-IS_SCH-0000117,STD-00623,IS 16189,SCH-00008,Machinery and Electrical Equipment covered under Omnibus Technical Regulation,CERTIFIABLE_UNDER,scheme_label,scheme_label,Machinery and Electrical Equipment covered under Omnibus Technical Regulation,,F003,07_scheme_x.csv,,34,1.00,
REL-IS_SCH-0000118,STD-00001,,SCH-00008,Machinery and Electrical Equipment covered under Omnibus Technical Regulation,CERTIFIABLE_UNDER,scheme_label,scheme_label,Machinery and Electrical Equipment covered under Omnibus Technical Regulation,,F003,07_scheme_x.csv,,35,1.00,
REL-IS_SCH-0000119,STD-00002,,SCH-00008,Machinery and Electrical Equipment covered under Omnibus Technical Regulation,CERTIFIABLE_UNDER,scheme_label,scheme_label,Machinery and Electrical Equipment covered under Omnibus Technical Regulation,,F003,07_scheme_x.csv,,36,1.00,
REL-IS_SCH-0000120,STD-00003,,SCH-00008,Machinery and Electrical Equipment covered under Omnibus Technical Regulation,CERTIFIABLE_UNDER,scheme_label,scheme_label,Machinery and Electrical Equipment covered under Omnibus Technical Regulation,,F003,07_scheme_x.csv,,37,1.00,
REL-IS_SCH-0000121,STD-00004,,SCH-00008,Machinery and Electrical Equipment covered under Omnibus Technical Regulation,CERTIFIABLE_UNDER,scheme_label,scheme_label,Machinery and Electrical Equipment covered under Omnibus Technical Regulation,,F003,07_scheme_x.csv,,38,1.00,
REL-IS_SCH-0000122,STD-00005,,SCH-00008,Machinery and Electrical Equipment covered under Omnibus Technical Regulation,CERTIFIABLE_UNDER,scheme_label,scheme_label,Machinery and Electrical Equipment covered under Omnibus Technical Regulation,,F003,07_scheme_x.csv,,39,1.00,
REL-IS_SCH-0000123,STD-00006,,SCH-00008,Machinery and Electrical Equipment covered under Omnibus Technical Regulation,CERTIFIABLE_UNDER,scheme_label,scheme_label,Machinery and Electrical Equipment covered under Omnibus Technical Regulation,,F003,07_scheme_x.csv,,40,1.00,
REL-IS_SCH-0000124,STD-00007,,SCH-00008,Machinery and Electrical Equipment covered under Omnibus Technical Regulation,CERTIFIABLE_UNDER,scheme_label,scheme_label,Machinery and Electrical Equipment covered under Omnibus Technical Regulation,,F003,07_scheme_x.csv,,41,1.00,
REL-IS_SCH-0000125,STD-00008,,SCH-00008,Machinery and Electrical Equipment covered under Omnibus Technical Regulation,CERTIFIABLE_UNDER,scheme_label,scheme_label,Machinery and Electrical Equipment covered under Omnibus Technical Regulation,,F003,07_scheme_x.csv,,42,1.00,
REL-IS_SCH-0000126,STD-00009,,SCH-00008,Machinery and Electrical Equipment covered under Omnibus Technical Regulation,CERTIFIABLE_UNDER,scheme_label,scheme_label,Machinery and Electrical Equipment covered under Omnibus Technical Regulation,,F003,07_scheme_x.csv,,43,1.00,
REL-IS_SCH-0000127,STD-00010,,SCH-00008,Machinery and Electrical Equipment covered under Omnibus Technical Regulation,CERTIFIABLE_UNDER,scheme_label,scheme_label,Machinery and Electrical Equipment covered under Omnibus Technical Regulation,,F003,07_scheme_x.csv,,44,1.00,
REL-IS_SCH-0000128,STD-00011,,SCH-00008,Machinery and Electrical Equipment covered under Omnibus Technical Regulation,CERTIFIABLE_UNDER,scheme_label,scheme_label,Machinery and Electrical Equipment covered under Omnibus Technical Regulation,,F003,07_scheme_x.csv,,45,1.00,
REL-IS_SCH-0000129,STD-00012,,SCH-00008,Machinery and Electrical Equipment covered under Omnibus Technical Regulation,CERTIFIABLE_UNDER,scheme_label,scheme_label,Machinery and Electrical Equipment covered under Omnibus Technical Regulation,,F003,07_scheme_x.csv,,46,1.00,
REL-IS_SCH-0000130,STD-00013,,SCH-00008,Machinery and Electrical Equipment covered under Omnibus Technical Regulation,CERTIFIABLE_UNDER,scheme_label,scheme_label,Machinery and Electrical Equipment covered under Omnibus Technical Regulation,,F003,07_scheme_x.csv,,47,1.00,
REL-IS_SCH-0000131,STD-00014,,SCH-00008,Machinery and Electrical Equipment covered under Omnibus Technical Regulation,CERTIFIABLE_UNDER,scheme_label,scheme_label,Machinery and Electrical Equipment covered under Omnibus Technical Regulation,,F003,07_scheme_x.csv,,48,1.00,
REL-IS_SCH-0000132,STD-00015,,SCH-00008,Machinery and Electrical Equipment covered under Omnibus Technical Regulation,CERTIFIABLE_UNDER,scheme_label,scheme_label,Machinery and Electrical Equipment covered under Omnibus Technical Regulation,,F003,07_scheme_x.csv,,49,1.00,
REL-IS_SCH-0000133,STD-00016,,SCH-00008,Machinery and Electrical Equipment covered under Omnibus Technical Regulation,CERTIFIABLE_UNDER,scheme_label,scheme_label,Machinery and Electrical Equipment covered under Omnibus Technical Regulation,,F003,07_scheme_x.csv,,50,1.00,
REL-IS_SCH-0000134,STD-00017,,SCH-00008,Machinery and Electrical Equipment covered under Omnibus Technical Regulation,CERTIFIABLE_UNDER,scheme_label,scheme_label,Machinery and Electrical Equipment covered under Omnibus Technical Regulation,,F003,07_scheme_x.csv,,51,1.00,
REL-IS_SCH-0000135,STD-00018,,SCH-00008,Machinery and Electrical Equipment covered under Omnibus Technical Regulation,CERTIFIABLE_UNDER,scheme_label,scheme_label,Machinery and Electrical Equipment covered under Omnibus Technical Regulation,,F003,07_scheme_x.csv,,52,1.00,
REL-IS_SCH-0000136,STD-00019,,SCH-00008,Machinery and Electrical Equipment covered under Omnibus Technical Regulation,CERTIFIABLE_UNDER,scheme_label,scheme_label,Machinery and Electrical Equipment covered under Omnibus Technical Regulation,,F003,07_scheme_x.csv,,53,1.00,
REL-IS_SCH-0000137,STD-00807,IS 17631,SCH-00019,Foreign Manufacturers Certification Scheme (FMCS)/Certificate of Conformity,CERTIFIABLE_UNDER,canonical_is_number,IS Number,IS 17631,,F021,BIS_Scheme_IV_FMCS.xlsx,BIS_FMCS_Scheme_IV,2,1.00,
REL-IS_SCH-0000138,STD-00808,IS 17632,SCH-00019,Foreign Manufacturers Certification Scheme (FMCS)/Certificate of Conformity,CERTIFIABLE_UNDER,canonical_is_number,IS Number,IS 17632,,F021,BIS_Scheme_IV_FMCS.xlsx,BIS_FMCS_Scheme_IV,3,1.00,
REL-IS_SCH-0000139,STD-00809,IS 17633,SCH-00019,Foreign Manufacturers Certification Scheme (FMCS)/Certificate of Conformity,CERTIFIABLE_UNDER,canonical_is_number,IS Number,IS 17633,,F021,BIS_Scheme_IV_FMCS.xlsx,BIS_FMCS_Scheme_IV,4,1.00,
REL-IS_SCH-0000140,STD-00810,IS 17634,SCH-00019,Foreign Manufacturers Certification Scheme (FMCS)/Certificate of Conformity,CERTIFIABLE_UNDER,canonical_is_number,IS Number,IS 17634,,F021,BIS_Scheme_IV_FMCS.xlsx,BIS_FMCS_Scheme_IV,5,1.00,
REL-IS_SCH-0000141,STD-00811,IS 17635,SCH-00019,Foreign Manufacturers Certification Scheme (FMCS)/Certificate of Conformity,CERTIFIABLE_UNDER,canonical_is_number,IS Number,IS 17635,,F021,BIS_Scheme_IV_FMCS.xlsx,BIS_FMCS_Scheme_IV,6,1.00,
REL-IS_SCH-0000142,STD-00812,IS 17636,SCH-00019,Foreign Manufacturers Certification Scheme (FMCS)/Certificate of Conformity,CERTIFIABLE_UNDER,canonical_is_number,IS Number,IS 17636,,F021,BIS_Scheme_IV_FMCS.xlsx,BIS_FMCS_Scheme_IV,7,1.00,
REL-IS_SCH-0000143,STD-00982,IS 2347,SCH-00019,Foreign Manufacturers Certification Scheme (FMCS)/Certificate of Conformity,CERTIFIABLE_UNDER,canonical_is_number,IS Number,IS 2347,,F021,BIS_Scheme_IV_FMCS.xlsx,BIS_FMCS_Scheme_IV,8,1.00,
REL-IS_SCH-0000144,STD-00194,IS 12330,SCH-00019,Foreign Manufacturers Certification Scheme (FMCS)/Certificate of Conformity,CERTIFIABLE_UNDER,canonical_is_number,IS Number,IS 12330,,F021,BIS_Scheme_IV_FMCS.xlsx,BIS_FMCS_Scheme_IV,9,1.00,
REL-IS_SCH-0000145,STD-00214,IS 12600,SCH-00019,Foreign Manufacturers Certification Scheme (FMCS)/Certificate of Conformity,CERTIFIABLE_UNDER,canonical_is_number,IS Number,IS 12600,,F021,BIS_Scheme_IV_FMCS.xlsx,BIS_FMCS_Scheme_IV,10,1.00,
REL-IS_SCH-0000146,STD-00444,IS 1489 (Part 1),SCH-00019,Foreign Manufacturers Certification Scheme (FMCS)/Certificate of Conformity,CERTIFIABLE_UNDER,canonical_is_number,IS Number,IS 1489 (Part 1),,F021,BIS_Scheme_IV_FMCS.xlsx,BIS_FMCS_Scheme_IV,11,1.00,
REL-IS_SCH-0000147,STD-00445,IS 1489 (Part 2),SCH-00019,Foreign Manufacturers Certification Scheme (FMCS)/Certificate of Conformity,CERTIFIABLE_UNDER,canonical_is_number,IS Number,IS 1489 (Part 2),,F021,BIS_Scheme_IV_FMCS.xlsx,BIS_FMCS_Scheme_IV,12,1.00,
REL-IS_SCH-0000148,STD-01041,IS 269,SCH-00019,Foreign Manufacturers Certification Scheme (FMCS)/Certificate of Conformity,CERTIFIABLE_UNDER,canonical_is_number,IS Number,IS 269,,F021,BIS_Scheme_IV_FMCS.xlsx,BIS_FMCS_Scheme_IV,13,1.00,
REL-IS_SCH-0000149,STD-01273,IS 455,SCH-00019,Foreign Manufacturers Certification Scheme (FMCS)/Certificate of Conformity,CERTIFIABLE_UNDER,canonical_is_number,IS Number,IS 455,,F021,BIS_Scheme_IV_FMCS.xlsx,BIS_FMCS_Scheme_IV,14,1.00,
REL-IS_SCH-0000150,STD-01569,IS 8041,SCH-00019,Foreign Manufacturers Certification Scheme (FMCS)/Certificate of Conformity,CERTIFIABLE_UNDER,canonical_is_number,IS Number,IS 8041,,F021,BIS_Scheme_IV_FMCS.xlsx,BIS_FMCS_Scheme_IV,15,1.00,
REL-IS_SCH-0000151,STD-01570,IS 8042,SCH-00019,Foreign Manufacturers Certification Scheme (FMCS)/Certificate of Conformity,CERTIFIABLE_UNDER,canonical_is_number,IS Number,IS 8042,,F021,BIS_Scheme_IV_FMCS.xlsx,BIS_FMCS_Scheme_IV,16,1.00,
REL-IS_SCH-0000152,STD-01571,IS 8043,SCH-00019,Foreign Manufacturers Certification Scheme (FMCS)/Certificate of Conformity,CERTIFIABLE_UNDER,canonical_is_number,IS Number,IS 8043,,F021,BIS_Scheme_IV_FMCS.xlsx,BIS_FMCS_Scheme_IV,17,1.00,
REL-IS_SCH-0000153,STD-00656,IS 16415,SCH-00019,Foreign Manufacturers Certification Scheme (FMCS)/Certificate of Conformity,CERTIFIABLE_UNDER,canonical_is_number,IS Number,IS 16415,,F021,BIS_Scheme_IV_FMCS.xlsx,BIS_FMCS_Scheme_IV,18,1.00,
REL-IS_SCH-0000154,STD-01730,IS 9873 (Part 1),SCH-00019,Foreign Manufacturers Certification Scheme (FMCS)/Certificate of Conformity,CERTIFIABLE_UNDER,canonical_is_number,IS Number,IS 9873 (Part 1),,F021,BIS_Scheme_IV_FMCS.xlsx,BIS_FMCS_Scheme_IV,19,1.00,
REL-IS_SCH-0000155,STD-01731,IS 9873 (Part 2),SCH-00019,Foreign Manufacturers Certification Scheme (FMCS)/Certificate of Conformity,CERTIFIABLE_UNDER,canonical_is_number,IS Number,IS 9873 (Part 2),,F021,BIS_Scheme_IV_FMCS.xlsx,BIS_FMCS_Scheme_IV,20,1.00,
REL-IS_SCH-0000156,STD-01732,IS 9873 (Part 3),SCH-00019,Foreign Manufacturers Certification Scheme (FMCS)/Certificate of Conformity,CERTIFIABLE_UNDER,canonical_is_number,IS Number,IS 9873 (Part 3),,F021,BIS_Scheme_IV_FMCS.xlsx,BIS_FMCS_Scheme_IV,21,1.00,
REL-IS_SCH-0000157,STD-01733,IS 9873 (Part 4),SCH-00019,Foreign Manufacturers Certification Scheme (FMCS)/Certificate of Conformity,CERTIFIABLE_UNDER,canonical_is_number,IS Number,IS 9873 (Part 4),,F021,BIS_Scheme_IV_FMCS.xlsx,BIS_FMCS_Scheme_IV,22,1.00,
REL-IS_SCH-0000158,STD-00530,IS 15644,SCH-00019,Foreign Manufacturers Certification Scheme (FMCS)/Certificate of Conformity,CERTIFIABLE_UNDER,canonical_is_number,IS Number,IS 15644,,F021,BIS_Scheme_IV_FMCS.xlsx,BIS_FMCS_Scheme_IV,23,1.00,
REL-IS_SCH-0000159,STD-01069,IS 2835,SCH-00019,Foreign Manufacturers Certification Scheme (FMCS)/Certificate of Conformity,CERTIFIABLE_UNDER,canonical_is_number,IS Number,IS 2835,,F021,BIS_Scheme_IV_FMCS.xlsx,BIS_FMCS_Scheme_IV,24,1.00,
REL-IS_SCH-0000160,STD-01015,IS 2553 (Part 1),SCH-00019,Foreign Manufacturers Certification Scheme (FMCS)/Certificate of Conformity,CERTIFIABLE_UNDER,canonical_is_number,IS Number,IS 2553 (Part 1),,F021,BIS_Scheme_IV_FMCS.xlsx,BIS_FMCS_Scheme_IV,25,1.00,
REL-IS_SCH-0000161,STD-01016,IS 2553 (Part 2),SCH-00019,Foreign Manufacturers Certification Scheme (FMCS)/Certificate of Conformity,CERTIFIABLE_UNDER,canonical_is_number,IS Number,IS 2553 (Part 2),,F021,BIS_Scheme_IV_FMCS.xlsx,BIS_FMCS_Scheme_IV,26,1.00,
REL-IS_SCH-0000162,STD-01707,IS 9573 (Part 1),SCH-00019,Foreign Manufacturers Certification Scheme (FMCS)/Certificate of Conformity,CERTIFIABLE_UNDER,canonical_is_number,IS Number,IS 9573 (Part 1),,F021,BIS_Scheme_IV_FMCS.xlsx,BIS_FMCS_Scheme_IV,27,1.00,
REL-IS_SCH-0000163,STD-01708,IS 9573 (Part 2),SCH-00019,Foreign Manufacturers Certification Scheme (FMCS)/Certificate of Conformity,CERTIFIABLE_UNDER,canonical_is_number,IS Number,IS 9573 (Part 2),,F021,BIS_Scheme_IV_FMCS.xlsx,BIS_FMCS_Scheme_IV,28,1.00,
REL-IS_SCH-0000164,STD-00497,IS 15392,SCH-00019,Foreign Manufacturers Certification Scheme (FMCS)/Certificate of Conformity,CERTIFIABLE_UNDER,canonical_is_number,IS Number,IS 15392,,F021,BIS_Scheme_IV_FMCS.xlsx,BIS_FMCS_Scheme_IV,29,1.00,
REL-IS_SCH-0000165,STD-00836,IS 17875,SCH-00019,Foreign Manufacturers Certification Scheme (FMCS)/Certificate of Conformity,CERTIFIABLE_UNDER,canonical_is_number,IS Number,IS 17875,,F021,BIS_Scheme_IV_FMCS.xlsx,BIS_FMCS_Scheme_IV,30,1.00,
REL-IS_SCH-0000166,STD-00837,IS 17876,SCH-00019,Foreign Manufacturers Certification Scheme (FMCS)/Certificate of Conformity,CERTIFIABLE_UNDER,canonical_is_number,IS Number,IS 17876,,F021,BIS_Scheme_IV_FMCS.xlsx,BIS_FMCS_Scheme_IV,31,1.00,
REL-IS_SCH-0000167,STD-00947,IS 2083,SCH-00019,Foreign Manufacturers Certification Scheme (FMCS)/Certificate of Conformity,CERTIFIABLE_UNDER,canonical_is_number,IS Number,IS 2083,,F021,BIS_Scheme_IV_FMCS.xlsx,BIS_FMCS_Scheme_IV,32,1.00,
REL-IS_SCH-0000168,STD-01090,IS 302 (Part 1),SCH-00019,Foreign Manufacturers Certification Scheme (FMCS)/Certificate of Conformity,CERTIFIABLE_UNDER,canonical_is_number,IS Number,IS 302 (Part 1),,F021,BIS_Scheme_IV_FMCS.xlsx,BIS_FMCS_Scheme_IV,33,1.00,
REL-IS_SCH-0000169,STD-00558,IS 15844 (Part 1),SCH-00019,Foreign Manufacturers Certification Scheme (FMCS)/Certificate of Conformity,CERTIFIABLE_UNDER,canonical_is_number,IS Number,IS 15844 (Part 1),,F021,BIS_Scheme_IV_FMCS.xlsx,BIS_FMCS_Scheme_IV,34,1.00,
REL-IS_SCH-0000170,STD-00559,IS 15844 (Part 2),SCH-00019,Foreign Manufacturers Certification Scheme (FMCS)/Certificate of Conformity,CERTIFIABLE_UNDER,canonical_is_number,IS Number,IS 15844 (Part 2),,F021,BIS_Scheme_IV_FMCS.xlsx,BIS_FMCS_Scheme_IV,35,1.00,
REL-IS_SCH-0000171,STD-00560,IS 15844 (Part 3),SCH-00019,Foreign Manufacturers Certification Scheme (FMCS)/Certificate of Conformity,CERTIFIABLE_UNDER,canonical_is_number,IS Number,IS 15844 (Part 3),,F021,BIS_Scheme_IV_FMCS.xlsx,BIS_FMCS_Scheme_IV,36,1.00,
REL-IS_SCH-0000172,STD-00718,IS 17012,SCH-00019,Foreign Manufacturers Certification Scheme (FMCS)/Certificate of Conformity,CERTIFIABLE_UNDER,canonical_is_number,IS Number,IS 17012,,F021,BIS_Scheme_IV_FMCS.xlsx,BIS_FMCS_Scheme_IV,37,1.00,
REL-IS_SCH-0000173,STD-00722,IS 17037,SCH-00019,Foreign Manufacturers Certification Scheme (FMCS)/Certificate of Conformity,CERTIFIABLE_UNDER,canonical_is_number,IS Number,IS 17037,,F021,BIS_Scheme_IV_FMCS.xlsx,BIS_FMCS_Scheme_IV,38,1.00,
REL-IS_SCH-0000174,STD-00725,IS 17043 (Part 1),SCH-00019,Foreign Manufacturers Certification Scheme (FMCS)/Certificate of Conformity,CERTIFIABLE_UNDER,canonical_is_number,IS Number,IS 17043 (Part 1),,F021,BIS_Scheme_IV_FMCS.xlsx,BIS_FMCS_Scheme_IV,39,1.00,
REL-IS_SCH-0000175,STD-00726,IS 17043 (Part 2),SCH-00019,Foreign Manufacturers Certification Scheme (FMCS)/Certificate of Conformity,CERTIFIABLE_UNDER,canonical_is_number,IS Number,IS 17043 (Part 2),,F021,BIS_Scheme_IV_FMCS.xlsx,BIS_FMCS_Scheme_IV,40,1.00,
REL-IS_SCH-0000176,STD-00481,IS 15298 (Part 2),SCH-00019,Foreign Manufacturers Certification Scheme (FMCS)/Certificate of Conformity,CERTIFIABLE_UNDER,canonical_is_number,IS Number,IS 15298 (Part 2),,F021,BIS_Scheme_IV_FMCS.xlsx,BIS_FMCS_Scheme_IV,41,1.00,
REL-IS_SCH-0000177,STD-01745,IS/IEC 60947,SCH-00013,BIS Scheme X Certification (Imports and Heavy Industrial/Electrical Product Regulation),CERTIFIABLE_UNDER,canonical_is_number,IS Number,IS/IEC 60947,,F022,BIS_Scheme_X_Industrial.xlsx,BIS_Scheme_X,2,1.00,
REL-IS_SCH-0000178,STD-01745,IS/IEC 60947,SCH-00013,BIS Scheme X Certification (Imports and Heavy Industrial/Electrical Product Regulation),CERTIFIABLE_UNDER,canonical_is_number,IS Number,IS/IEC 60947,,F022,BIS_Scheme_X_Industrial.xlsx,BIS_Scheme_X,3,1.00,
REL-IS_SCH-0000179,STD-01745,IS/IEC 60947,SCH-00013,BIS Scheme X Certification (Imports and Heavy Industrial/Electrical Product Regulation),CERTIFIABLE_UNDER,canonical_is_number,IS Number,IS/IEC 60947,,F022,BIS_Scheme_X_Industrial.xlsx,BIS_Scheme_X,4,1.00,
REL-IS_SCH-0000180,STD-01745,IS/IEC 60947,SCH-00013,BIS Scheme X Certification (Imports and Heavy Industrial/Electrical Product Regulation),CERTIFIABLE_UNDER,canonical_is_number,IS Number,IS/IEC 60947,,F022,BIS_Scheme_X_Industrial.xlsx,BIS_Scheme_X,5,1.00,
REL-IS_SCH-0000181,STD-00623,IS 16189,SCH-00013,BIS Scheme X Certification (Imports and Heavy Industrial/Electrical Product Regulation),CERTIFIABLE_UNDER,canonical_is_number,IS Number,IS 16189,,F022,BIS_Scheme_X_Industrial.xlsx,BIS_Scheme_X,6,1.00,
REL-IS_SCH-0000182,STD-01745,IS/IEC 60947,SCH-00013,BIS Scheme X Certification (Imports and Heavy Industrial/Electrical Product Regulation),CERTIFIABLE_UNDER,canonical_is_number,IS Number,IS/IEC 60947,,F023,BIS_Scheme_X_Industrial_v2.xlsx,BIS_Scheme_X,2,1.00,
REL-IS_SCH-0000183,STD-01745,IS/IEC 60947,SCH-00013,BIS Scheme X Certification (Imports and Heavy Industrial/Electrical Product Regulation),CERTIFIABLE_UNDER,canonical_is_number,IS Number,IS/IEC 60947,,F023,BIS_Scheme_X_Industrial_v2.xlsx,BIS_Scheme_X,3,1.00,
REL-IS_SCH-0000184,STD-01745,IS/IEC 60947,SCH-00013,BIS Scheme X Certification (Imports and Heavy Industrial/Electrical Product Regulation),CERTIFIABLE_UNDER,canonical_is_number,IS Number,IS/IEC 60947,,F023,BIS_Scheme_X_Industrial_v2.xlsx,BIS_Scheme_X,4,1.00,
REL-IS_SCH-0000185,STD-01745,IS/IEC 60947,SCH-00013,BIS Scheme X Certification (Imports and Heavy Industrial/Electrical Product Regulation),CERTIFIABLE_UNDER,canonical_is_number,IS Number,IS/IEC 60947,,F023,BIS_Scheme_X_Industrial_v2.xlsx,BIS_Scheme_X,5,1.00,
REL-IS_SCH-0000186,STD-00623,IS 16189,SCH-00013,BIS Scheme X Certification (Imports and Heavy Industrial/Electrical Product Regulation),CERTIFIABLE_UNDER,canonical_is_number,IS Number,IS 16189,,F023,BIS_Scheme_X_Industrial_v2.xlsx,BIS_Scheme_X,6,1.00,
REL-IS_SCH-0000187,STD-00807,IS 17631,SCH-00001,Scheme – I (ISI Mark Scheme),CERTIFIABLE_UNDER,canonical_is_number,IS,IS 17631,,F024,BIS_Schemes_Master.xlsx,BIS_Schemes_Master,2,1.00,
REL-IS_SCH-0000188,STD-00808,IS 17632,SCH-00001,Scheme – I (ISI Mark Scheme),CERTIFIABLE_UNDER,canonical_is_number,IS,IS 17632,,F024,BIS_Schemes_Master.xlsx,BIS_Schemes_Master,3,1.00,
REL-IS_SCH-0000189,STD-00809,IS 17633,SCH-00001,Scheme – I (ISI Mark Scheme),CERTIFIABLE_UNDER,canonical_is_number,IS,IS 17633,,F024,BIS_Schemes_Master.xlsx,BIS_Schemes_Master,4,1.00,
REL-IS_SCH-0000190,STD-00810,IS 17634,SCH-00001,Scheme – I (ISI Mark Scheme),CERTIFIABLE_UNDER,canonical_is_number,IS,IS 17634,,F024,BIS_Schemes_Master.xlsx,BIS_Schemes_Master,5,1.00,
REL-IS_SCH-0000191,STD-00811,IS 17635,SCH-00001,Scheme – I (ISI Mark Scheme),CERTIFIABLE_UNDER,canonical_is_number,IS,IS 17635,,F024,BIS_Schemes_Master.xlsx,BIS_Schemes_Master,6,1.00,
REL-IS_SCH-0000192,STD-00812,IS 17636,SCH-00001,Scheme – I (ISI Mark Scheme),CERTIFIABLE_UNDER,canonical_is_number,IS,IS 17636,,F024,BIS_Schemes_Master.xlsx,BIS_Schemes_Master,7,1.00,
REL-IS_SCH-0000193,STD-00982,IS 2347,SCH-00001,Scheme – I (ISI Mark Scheme),CERTIFIABLE_UNDER,canonical_is_number,IS,IS 2347,,F024,BIS_Schemes_Master.xlsx,BIS_Schemes_Master,8,1.00,
REL-IS_SCH-0000194,STD-00194,IS 12330,SCH-00001,Scheme – I (ISI Mark Scheme),CERTIFIABLE_UNDER,canonical_is_number,IS,IS 12330,,F024,BIS_Schemes_Master.xlsx,BIS_Schemes_Master,9,1.00,
REL-IS_SCH-0000195,STD-00214,IS 12600,SCH-00001,Scheme – I (ISI Mark Scheme),CERTIFIABLE_UNDER,canonical_is_number,IS,IS 12600,,F024,BIS_Schemes_Master.xlsx,BIS_Schemes_Master,10,1.00,
REL-IS_SCH-0000196,STD-00444,IS 1489 (Part 1),SCH-00001,Scheme – I (ISI Mark Scheme),CERTIFIABLE_UNDER,canonical_is_number,IS,IS 1489 (Part 1),,F024,BIS_Schemes_Master.xlsx,BIS_Schemes_Master,11,1.00,
REL-IS_SCH-0000197,STD-00445,IS 1489 (Part 2),SCH-00001,Scheme – I (ISI Mark Scheme),CERTIFIABLE_UNDER,canonical_is_number,IS,IS 1489 (Part 2),,F024,BIS_Schemes_Master.xlsx,BIS_Schemes_Master,12,1.00,
REL-IS_SCH-0000198,STD-01041,IS 269,SCH-00001,Scheme – I (ISI Mark Scheme),CERTIFIABLE_UNDER,canonical_is_number,IS,IS 269,,F024,BIS_Schemes_Master.xlsx,BIS_Schemes_Master,13,1.00,
REL-IS_SCH-0000199,STD-01273,IS 455,SCH-00001,Scheme – I (ISI Mark Scheme),CERTIFIABLE_UNDER,canonical_is_number,IS,IS 455,,F024,BIS_Schemes_Master.xlsx,BIS_Schemes_Master,14,1.00,
REL-IS_SCH-0000200,STD-01569,IS 8041,SCH-00001,Scheme – I (ISI Mark Scheme),CERTIFIABLE_UNDER,canonical_is_number,IS,IS 8041,,F024,BIS_Schemes_Master.xlsx,BIS_Schemes_Master,15,1.00,
REL-IS_SCH-0000201,STD-01570,IS 8042,SCH-00001,Scheme – I (ISI Mark Scheme),CERTIFIABLE_UNDER,canonical_is_number,IS,IS 8042,,F024,BIS_Schemes_Master.xlsx,BIS_Schemes_Master,16,1.00,
REL-IS_SCH-0000202,STD-01571,IS 8043,SCH-00001,Scheme – I (ISI Mark Scheme),CERTIFIABLE_UNDER,canonical_is_number,IS,IS 8043,,F024,BIS_Schemes_Master.xlsx,BIS_Schemes_Master,17,1.00,
REL-IS_SCH-0000203,STD-00656,IS 16415,SCH-00001,Scheme – I (ISI Mark Scheme),CERTIFIABLE_UNDER,canonical_is_number,IS,IS 16415,,F024,BIS_Schemes_Master.xlsx,BIS_Schemes_Master,18,1.00,
REL-IS_SCH-0000204,STD-01730,IS 9873 (Part 1),SCH-00001,Scheme – I (ISI Mark Scheme),CERTIFIABLE_UNDER,canonical_is_number,IS,IS 9873 (Part 1),,F024,BIS_Schemes_Master.xlsx,BIS_Schemes_Master,19,1.00,
REL-IS_SCH-0000205,STD-01731,IS 9873 (Part 2),SCH-00001,Scheme – I (ISI Mark Scheme),CERTIFIABLE_UNDER,canonical_is_number,IS,IS 9873 (Part 2),,F024,BIS_Schemes_Master.xlsx,BIS_Schemes_Master,20,1.00,
REL-IS_SCH-0000206,STD-01732,IS 9873 (Part 3),SCH-00001,Scheme – I (ISI Mark Scheme),CERTIFIABLE_UNDER,canonical_is_number,IS,IS 9873 (Part 3),,F024,BIS_Schemes_Master.xlsx,BIS_Schemes_Master,21,1.00,
REL-IS_SCH-0000207,STD-01733,IS 9873 (Part 4),SCH-00001,Scheme – I (ISI Mark Scheme),CERTIFIABLE_UNDER,canonical_is_number,IS,IS 9873 (Part 4),,F024,BIS_Schemes_Master.xlsx,BIS_Schemes_Master,22,1.00,
REL-IS_SCH-0000208,STD-00530,IS 15644,SCH-00001,Scheme – I (ISI Mark Scheme),CERTIFIABLE_UNDER,canonical_is_number,IS,IS 15644,,F024,BIS_Schemes_Master.xlsx,BIS_Schemes_Master,23,1.00,
REL-IS_SCH-0000209,STD-01069,IS 2835,SCH-00001,Scheme – I (ISI Mark Scheme),CERTIFIABLE_UNDER,canonical_is_number,IS,IS 2835,,F024,BIS_Schemes_Master.xlsx,BIS_Schemes_Master,24,1.00,
REL-IS_SCH-0000210,STD-01015,IS 2553 (Part 1),SCH-00001,Scheme – I (ISI Mark Scheme),CERTIFIABLE_UNDER,canonical_is_number,IS,IS 2553 (Part 1),,F024,BIS_Schemes_Master.xlsx,BIS_Schemes_Master,25,1.00,
REL-IS_SCH-0000211,STD-01016,IS 2553 (Part 2),SCH-00001,Scheme – I (ISI Mark Scheme),CERTIFIABLE_UNDER,canonical_is_number,IS,IS 2553 (Part 2),,F024,BIS_Schemes_Master.xlsx,BIS_Schemes_Master,26,1.00,
REL-IS_SCH-0000212,STD-01707,IS 9573 (Part 1),SCH-00001,Scheme – I (ISI Mark Scheme),CERTIFIABLE_UNDER,canonical_is_number,IS,IS 9573 (Part 1),,F024,BIS_Schemes_Master.xlsx,BIS_Schemes_Master,27,1.00,
REL-IS_SCH-0000213,STD-01708,IS 9573 (Part 2),SCH-00001,Scheme – I (ISI Mark Scheme),CERTIFIABLE_UNDER,canonical_is_number,IS,IS 9573 (Part 2),,F024,BIS_Schemes_Master.xlsx,BIS_Schemes_Master,28,1.00,
REL-IS_SCH-0000214,STD-00497,IS 15392,SCH-00001,Scheme – I (ISI Mark Scheme),CERTIFIABLE_UNDER,canonical_is_number,IS,IS 15392,,F024,BIS_Schemes_Master.xlsx,BIS_Schemes_Master,29,1.00,
REL-IS_SCH-0000215,STD-00836,IS 17875,SCH-00001,Scheme – I (ISI Mark Scheme),CERTIFIABLE_UNDER,canonical_is_number,IS,IS 17875,,F024,BIS_Schemes_Master.xlsx,BIS_Schemes_Master,30,1.00,
REL-IS_SCH-0000216,STD-00837,IS 17876,SCH-00001,Scheme – I (ISI Mark Scheme),CERTIFIABLE_UNDER,canonical_is_number,IS,IS 17876,,F024,BIS_Schemes_Master.xlsx,BIS_Schemes_Master,31,1.00,
REL-IS_SCH-0000217,STD-00947,IS 2083,SCH-00001,Scheme – I (ISI Mark Scheme),CERTIFIABLE_UNDER,canonical_is_number,IS,IS 2083,,F024,BIS_Schemes_Master.xlsx,BIS_Schemes_Master,32,1.00,
REL-IS_SCH-0000218,STD-01090,IS 302 (Part 1),SCH-00001,Scheme – I (ISI Mark Scheme),CERTIFIABLE_UNDER,canonical_is_number,IS,IS 302 (Part 1),,F024,BIS_Schemes_Master.xlsx,BIS_Schemes_Master,33,1.00,
REL-IS_SCH-0000219,STD-00558,IS 15844 (Part 1),SCH-00001,Scheme – I (ISI Mark Scheme),CERTIFIABLE_UNDER,canonical_is_number,IS,IS 15844 (Part 1),,F024,BIS_Schemes_Master.xlsx,BIS_Schemes_Master,34,1.00,
REL-IS_SCH-0000220,STD-00559,IS 15844 (Part 2),SCH-00001,Scheme – I (ISI Mark Scheme),CERTIFIABLE_UNDER,canonical_is_number,IS,IS 15844 (Part 2),,F024,BIS_Schemes_Master.xlsx,BIS_Schemes_Master,35,1.00,
REL-IS_SCH-0000221,STD-00560,IS 15844 (Part 3),SCH-00001,Scheme – I (ISI Mark Scheme),CERTIFIABLE_UNDER,canonical_is_number,IS,IS 15844 (Part 3),,F024,BIS_Schemes_Master.xlsx,BIS_Schemes_Master,36,1.00,
REL-IS_SCH-0000222,STD-00718,IS 17012,SCH-00001,Scheme – I (ISI Mark Scheme),CERTIFIABLE_UNDER,canonical_is_number,IS,IS 17012,,F024,BIS_Schemes_Master.xlsx,BIS_Schemes_Master,37,1.00,
REL-IS_SCH-0000223,STD-00722,IS 17037,SCH-00001,Scheme – I (ISI Mark Scheme),CERTIFIABLE_UNDER,canonical_is_number,IS,IS 17037,,F024,BIS_Schemes_Master.xlsx,BIS_Schemes_Master,38,1.00,
REL-IS_SCH-0000224,STD-00725,IS 17043 (Part 1),SCH-00001,Scheme – I (ISI Mark Scheme),CERTIFIABLE_UNDER,canonical_is_number,IS,IS 17043 (Part 1),,F024,BIS_Schemes_Master.xlsx,BIS_Schemes_Master,39,1.00,
REL-IS_SCH-0000225,STD-00726,IS 17043 (Part 2),SCH-00001,Scheme – I (ISI Mark Scheme),CERTIFIABLE_UNDER,canonical_is_number,IS,IS 17043 (Part 2),,F024,BIS_Schemes_Master.xlsx,BIS_Schemes_Master,40,1.00,
REL-IS_SCH-0000226,STD-00481,IS 15298 (Part 2),SCH-00001,Scheme – I (ISI Mark Scheme),CERTIFIABLE_UNDER,canonical_is_number,IS,IS 15298 (Part 2),,F024,BIS_Schemes_Master.xlsx,BIS_Schemes_Master,41,1.00,
REL-IS_SCH-0000227,STD-00807,IS 17631,SCH-00002,Scheme – II (Conformity Assessment/Registration),CERTIFIABLE_UNDER,canonical_is_number,IS,IS 17631,,F025,BIS_Schemes_Master_Scheme_2.xlsx,BIS_Schemes_Master_Scheme_2,2,1.00,
REL-IS_SCH-0000228,STD-00808,IS 17632,SCH-00002,Scheme – II (Conformity Assessment/Registration),CERTIFIABLE_UNDER,canonical_is_number,IS,IS 17632,,F025,BIS_Schemes_Master_Scheme_2.xlsx,BIS_Schemes_Master_Scheme_2,3,1.00,
REL-IS_SCH-0000229,STD-00809,IS 17633,SCH-00002,Scheme – II (Conformity Assessment/Registration),CERTIFIABLE_UNDER,canonical_is_number,IS,IS 17633,,F025,BIS_Schemes_Master_Scheme_2.xlsx,BIS_Schemes_Master_Scheme_2,4,1.00,
REL-IS_SCH-0000230,STD-00810,IS 17634,SCH-00002,Scheme – II (Conformity Assessment/Registration),CERTIFIABLE_UNDER,canonical_is_number,IS,IS 17634,,F025,BIS_Schemes_Master_Scheme_2.xlsx,BIS_Schemes_Master_Scheme_2,5,1.00,
REL-IS_SCH-0000231,STD-00811,IS 17635,SCH-00002,Scheme – II (Conformity Assessment/Registration),CERTIFIABLE_UNDER,canonical_is_number,IS,IS 17635,,F025,BIS_Schemes_Master_Scheme_2.xlsx,BIS_Schemes_Master_Scheme_2,6,1.00,
REL-IS_SCH-0000232,STD-00812,IS 17636,SCH-00002,Scheme – II (Conformity Assessment/Registration),CERTIFIABLE_UNDER,canonical_is_number,IS,IS 17636,,F025,BIS_Schemes_Master_Scheme_2.xlsx,BIS_Schemes_Master_Scheme_2,7,1.00,
REL-IS_SCH-0000233,STD-00982,IS 2347,SCH-00002,Scheme – II (Conformity Assessment/Registration),CERTIFIABLE_UNDER,canonical_is_number,IS,IS 2347,,F025,BIS_Schemes_Master_Scheme_2.xlsx,BIS_Schemes_Master_Scheme_2,8,1.00,
REL-IS_SCH-0000234,STD-00194,IS 12330,SCH-00002,Scheme – II (Conformity Assessment/Registration),CERTIFIABLE_UNDER,canonical_is_number,IS,IS 12330,,F025,BIS_Schemes_Master_Scheme_2.xlsx,BIS_Schemes_Master_Scheme_2,9,1.00,
REL-IS_SCH-0000235,STD-00214,IS 12600,SCH-00002,Scheme – II (Conformity Assessment/Registration),CERTIFIABLE_UNDER,canonical_is_number,IS,IS 12600,,F025,BIS_Schemes_Master_Scheme_2.xlsx,BIS_Schemes_Master_Scheme_2,10,1.00,
REL-IS_SCH-0000236,STD-00444,IS 1489 (Part 1),SCH-00002,Scheme – II (Conformity Assessment/Registration),CERTIFIABLE_UNDER,canonical_is_number,IS,IS 1489 (Part 1),,F025,BIS_Schemes_Master_Scheme_2.xlsx,BIS_Schemes_Master_Scheme_2,11,1.00,
REL-IS_SCH-0000237,STD-00445,IS 1489 (Part 2),SCH-00002,Scheme – II (Conformity Assessment/Registration),CERTIFIABLE_UNDER,canonical_is_number,IS,IS 1489 (Part 2),,F025,BIS_Schemes_Master_Scheme_2.xlsx,BIS_Schemes_Master_Scheme_2,12,1.00,
REL-IS_SCH-0000238,STD-01041,IS 269,SCH-00002,Scheme – II (Conformity Assessment/Registration),CERTIFIABLE_UNDER,canonical_is_number,IS,IS 269,,F025,BIS_Schemes_Master_Scheme_2.xlsx,BIS_Schemes_Master_Scheme_2,13,1.00,
REL-IS_SCH-0000239,STD-01273,IS 455,SCH-00002,Scheme – II (Conformity Assessment/Registration),CERTIFIABLE_UNDER,canonical_is_number,IS,IS 455,,F025,BIS_Schemes_Master_Scheme_2.xlsx,BIS_Schemes_Master_Scheme_2,14,1.00,
REL-IS_SCH-0000240,STD-01569,IS 8041,SCH-00002,Scheme – II (Conformity Assessment/Registration),CERTIFIABLE_UNDER,canonical_is_number,IS,IS 8041,,F025,BIS_Schemes_Master_Scheme_2.xlsx,BIS_Schemes_Master_Scheme_2,15,1.00,
REL-IS_SCH-0000241,STD-01570,IS 8042,SCH-00002,Scheme – II (Conformity Assessment/Registration),CERTIFIABLE_UNDER,canonical_is_number,IS,IS 8042,,F025,BIS_Schemes_Master_Scheme_2.xlsx,BIS_Schemes_Master_Scheme_2,16,1.00,
REL-IS_SCH-0000242,STD-01571,IS 8043,SCH-00002,Scheme – II (Conformity Assessment/Registration),CERTIFIABLE_UNDER,canonical_is_number,IS,IS 8043,,F025,BIS_Schemes_Master_Scheme_2.xlsx,BIS_Schemes_Master_Scheme_2,17,1.00,
REL-IS_SCH-0000243,STD-00656,IS 16415,SCH-00002,Scheme – II (Conformity Assessment/Registration),CERTIFIABLE_UNDER,canonical_is_number,IS,IS 16415,,F025,BIS_Schemes_Master_Scheme_2.xlsx,BIS_Schemes_Master_Scheme_2,18,1.00,
REL-IS_SCH-0000244,STD-01730,IS 9873 (Part 1),SCH-00002,Scheme – II (Conformity Assessment/Registration),CERTIFIABLE_UNDER,canonical_is_number,IS,IS 9873 (Part 1),,F025,BIS_Schemes_Master_Scheme_2.xlsx,BIS_Schemes_Master_Scheme_2,19,1.00,
REL-IS_SCH-0000245,STD-01731,IS 9873 (Part 2),SCH-00002,Scheme – II (Conformity Assessment/Registration),CERTIFIABLE_UNDER,canonical_is_number,IS,IS 9873 (Part 2),,F025,BIS_Schemes_Master_Scheme_2.xlsx,BIS_Schemes_Master_Scheme_2,20,1.00,
REL-IS_SCH-0000246,STD-01732,IS 9873 (Part 3),SCH-00002,Scheme – II (Conformity Assessment/Registration),CERTIFIABLE_UNDER,canonical_is_number,IS,IS 9873 (Part 3),,F025,BIS_Schemes_Master_Scheme_2.xlsx,BIS_Schemes_Master_Scheme_2,21,1.00,
REL-IS_SCH-0000247,STD-01733,IS 9873 (Part 4),SCH-00002,Scheme – II (Conformity Assessment/Registration),CERTIFIABLE_UNDER,canonical_is_number,IS,IS 9873 (Part 4),,F025,BIS_Schemes_Master_Scheme_2.xlsx,BIS_Schemes_Master_Scheme_2,22,1.00,
REL-IS_SCH-0000248,STD-00530,IS 15644,SCH-00002,Scheme – II (Conformity Assessment/Registration),CERTIFIABLE_UNDER,canonical_is_number,IS,IS 15644,,F025,BIS_Schemes_Master_Scheme_2.xlsx,BIS_Schemes_Master_Scheme_2,23,1.00,
REL-IS_SCH-0000249,STD-01069,IS 2835,SCH-00002,Scheme – II (Conformity Assessment/Registration),CERTIFIABLE_UNDER,canonical_is_number,IS,IS 2835,,F025,BIS_Schemes_Master_Scheme_2.xlsx,BIS_Schemes_Master_Scheme_2,24,1.00,
REL-IS_SCH-0000250,STD-01015,IS 2553 (Part 1),SCH-00002,Scheme – II (Conformity Assessment/Registration),CERTIFIABLE_UNDER,canonical_is_number,IS,IS 2553 (Part 1),,F025,BIS_Schemes_Master_Scheme_2.xlsx,BIS_Schemes_Master_Scheme_2,25,1.00,
REL-IS_SCH-0000251,STD-01016,IS 2553 (Part 2),SCH-00002,Scheme – II (Conformity Assessment/Registration),CERTIFIABLE_UNDER,canonical_is_number,IS,IS 2553 (Part 2),,F025,BIS_Schemes_Master_Scheme_2.xlsx,BIS_Schemes_Master_Scheme_2,26,1.00,
REL-IS_SCH-0000252,STD-01707,IS 9573 (Part 1),SCH-00002,Scheme – II (Conformity Assessment/Registration),CERTIFIABLE_UNDER,canonical_is_number,IS,IS 9573 (Part 1),,F025,BIS_Schemes_Master_Scheme_2.xlsx,BIS_Schemes_Master_Scheme_2,27,1.00,
REL-IS_SCH-0000253,STD-01708,IS 9573 (Part 2),SCH-00002,Scheme – II (Conformity Assessment/Registration),CERTIFIABLE_UNDER,canonical_is_number,IS,IS 9573 (Part 2),,F025,BIS_Schemes_Master_Scheme_2.xlsx,BIS_Schemes_Master_Scheme_2,28,1.00,
REL-IS_SCH-0000254,STD-00497,IS 15392,SCH-00002,Scheme – II (Conformity Assessment/Registration),CERTIFIABLE_UNDER,canonical_is_number,IS,IS 15392,,F025,BIS_Schemes_Master_Scheme_2.xlsx,BIS_Schemes_Master_Scheme_2,29,1.00,
REL-IS_SCH-0000255,STD-00836,IS 17875,SCH-00002,Scheme – II (Conformity Assessment/Registration),CERTIFIABLE_UNDER,canonical_is_number,IS,IS 17875,,F025,BIS_Schemes_Master_Scheme_2.xlsx,BIS_Schemes_Master_Scheme_2,30,1.00,
REL-IS_SCH-0000256,STD-00837,IS 17876,SCH-00002,Scheme – II (Conformity Assessment/Registration),CERTIFIABLE_UNDER,canonical_is_number,IS,IS 17876,,F025,BIS_Schemes_Master_Scheme_2.xlsx,BIS_Schemes_Master_Scheme_2,31,1.00,
REL-IS_SCH-0000257,STD-00947,IS 2083,SCH-00002,Scheme – II (Conformity Assessment/Registration),CERTIFIABLE_UNDER,canonical_is_number,IS,IS 2083,,F025,BIS_Schemes_Master_Scheme_2.xlsx,BIS_Schemes_Master_Scheme_2,32,1.00,
REL-IS_SCH-0000258,STD-01090,IS 302 (Part 1),SCH-00002,Scheme – II (Conformity Assessment/Registration),CERTIFIABLE_UNDER,canonical_is_number,IS,IS 302 (Part 1),,F025,BIS_Schemes_Master_Scheme_2.xlsx,BIS_Schemes_Master_Scheme_2,33,1.00,
REL-IS_SCH-0000259,STD-00558,IS 15844 (Part 1),SCH-00002,Scheme – II (Conformity Assessment/Registration),CERTIFIABLE_UNDER,canonical_is_number,IS,IS 15844 (Part 1),,F025,BIS_Schemes_Master_Scheme_2.xlsx,BIS_Schemes_Master_Scheme_2,34,1.00,
REL-IS_SCH-0000260,STD-00559,IS 15844 (Part 2),SCH-00002,Scheme – II (Conformity Assessment/Registration),CERTIFIABLE_UNDER,canonical_is_number,IS,IS 15844 (Part 2),,F025,BIS_Schemes_Master_Scheme_2.xlsx,BIS_Schemes_Master_Scheme_2,35,1.00,
REL-IS_SCH-0000261,STD-00560,IS 15844 (Part 3),SCH-00002,Scheme – II (Conformity Assessment/Registration),CERTIFIABLE_UNDER,canonical_is_number,IS,IS 15844 (Part 3),,F025,BIS_Schemes_Master_Scheme_2.xlsx,BIS_Schemes_Master_Scheme_2,36,1.00,
REL-IS_SCH-0000262,STD-00718,IS 17012,SCH-00002,Scheme – II (Conformity Assessment/Registration),CERTIFIABLE_UNDER,canonical_is_number,IS,IS 17012,,F025,BIS_Schemes_Master_Scheme_2.xlsx,BIS_Schemes_Master_Scheme_2,37,1.00,
REL-IS_SCH-0000263,STD-00722,IS 17037,SCH-00002,Scheme – II (Conformity Assessment/Registration),CERTIFIABLE_UNDER,canonical_is_number,IS,IS 17037,,F025,BIS_Schemes_Master_Scheme_2.xlsx,BIS_Schemes_Master_Scheme_2,38,1.00,
REL-IS_SCH-0000264,STD-00725,IS 17043 (Part 1),SCH-00002,Scheme – II (Conformity Assessment/Registration),CERTIFIABLE_UNDER,canonical_is_number,IS,IS 17043 (Part 1),,F025,BIS_Schemes_Master_Scheme_2.xlsx,BIS_Schemes_Master_Scheme_2,39,1.00,
REL-IS_SCH-0000265,STD-00726,IS 17043 (Part 2),SCH-00002,Scheme – II (Conformity Assessment/Registration),CERTIFIABLE_UNDER,canonical_is_number,IS,IS 17043 (Part 2),,F025,BIS_Schemes_Master_Scheme_2.xlsx,BIS_Schemes_Master_Scheme_2,40,1.00,
REL-IS_SCH-0000266,STD-00481,IS 15298 (Part 2),SCH-00002,Scheme – II (Conformity Assessment/Registration),CERTIFIABLE_UNDER,canonical_is_number,IS,IS 15298 (Part 2),,F025,BIS_Schemes_Master_Scheme_2.xlsx,BIS_Schemes_Master_Scheme_2,41,1.00,
REL-IS_SCH-0000267,STD-00807,IS 17631,SCH-00016,Scheme-I — BIS ISI Mark Certification,CERTIFIABLE_UNDER,related_scheme_text,related_scheme_text,Scheme-I — BIS ISI Mark Certification,,F030,BIS_Standards_Intelligence_Master.xlsx,BIS_Standards_Intelligence,2,1.00,
REL-IS_SCH-0000268,STD-00808,IS 17632,SCH-00014,Scheme-I,CERTIFIABLE_UNDER,related_scheme_text,related_scheme_text,Scheme-I,,F030,BIS_Standards_Intelligence_Master.xlsx,BIS_Standards_Intelligence,3,1.00,
REL-IS_SCH-0000269,STD-00809,IS 17633,SCH-00014,Scheme-I,CERTIFIABLE_UNDER,related_scheme_text,related_scheme_text,Scheme-I,,F030,BIS_Standards_Intelligence_Master.xlsx,BIS_Standards_Intelligence,4,1.00,
REL-IS_SCH-0000270,STD-00810,IS 17634,SCH-00014,Scheme-I,CERTIFIABLE_UNDER,related_scheme_text,related_scheme_text,Scheme-I,,F030,BIS_Standards_Intelligence_Master.xlsx,BIS_Standards_Intelligence,5,1.00,
REL-IS_SCH-0000271,STD-00811,IS 17635,SCH-00014,Scheme-I,CERTIFIABLE_UNDER,related_scheme_text,related_scheme_text,Scheme-I,,F030,BIS_Standards_Intelligence_Master.xlsx,BIS_Standards_Intelligence,6,1.00,
REL-IS_SCH-0000272,STD-00812,IS 17636,SCH-00014,Scheme-I,CERTIFIABLE_UNDER,related_scheme_text,related_scheme_text,Scheme-I,,F030,BIS_Standards_Intelligence_Master.xlsx,BIS_Standards_Intelligence,7,1.00,
REL-IS_SCH-0000273,STD-00982,IS 2347,SCH-00014,Scheme-I,CERTIFIABLE_UNDER,related_scheme_text,related_scheme_text,Scheme-I,,F030,BIS_Standards_Intelligence_Master.xlsx,BIS_Standards_Intelligence,8,1.00,
REL-IS_SCH-0000274,STD-00194,IS 12330,SCH-00014,Scheme-I,CERTIFIABLE_UNDER,related_scheme_text,related_scheme_text,Scheme-I,,F030,BIS_Standards_Intelligence_Master.xlsx,BIS_Standards_Intelligence,9,1.00,
REL-IS_SCH-0000275,STD-00214,IS 12600,SCH-00014,Scheme-I,CERTIFIABLE_UNDER,related_scheme_text,related_scheme_text,Scheme-I,,F030,BIS_Standards_Intelligence_Master.xlsx,BIS_Standards_Intelligence,10,1.00,
REL-IS_SCH-0000276,STD-00444,IS 1489 (Part 1),SCH-00014,Scheme-I,CERTIFIABLE_UNDER,related_scheme_text,related_scheme_text,Scheme-I,,F030,BIS_Standards_Intelligence_Master.xlsx,BIS_Standards_Intelligence,11,1.00,
REL-IS_SCH-0000277,STD-00445,IS 1489 (Part 2),SCH-00014,Scheme-I,CERTIFIABLE_UNDER,related_scheme_text,related_scheme_text,Scheme-I,,F030,BIS_Standards_Intelligence_Master.xlsx,BIS_Standards_Intelligence,12,1.00,
REL-IS_SCH-0000278,STD-01041,IS 269,SCH-00014,Scheme-I,CERTIFIABLE_UNDER,related_scheme_text,related_scheme_text,Scheme-I,,F030,BIS_Standards_Intelligence_Master.xlsx,BIS_Standards_Intelligence,13,1.00,
REL-IS_SCH-0000279,STD-01273,IS 455,SCH-00014,Scheme-I,CERTIFIABLE_UNDER,related_scheme_text,related_scheme_text,Scheme-I,,F030,BIS_Standards_Intelligence_Master.xlsx,BIS_Standards_Intelligence,14,1.00,
REL-IS_SCH-0000280,STD-01569,IS 8041,SCH-00014,Scheme-I,CERTIFIABLE_UNDER,related_scheme_text,related_scheme_text,Scheme-I,,F030,BIS_Standards_Intelligence_Master.xlsx,BIS_Standards_Intelligence,15,1.00,
REL-IS_SCH-0000281,STD-01570,IS 8042,SCH-00014,Scheme-I,CERTIFIABLE_UNDER,related_scheme_text,related_scheme_text,Scheme-I,,F030,BIS_Standards_Intelligence_Master.xlsx,BIS_Standards_Intelligence,16,1.00,
REL-IS_SCH-0000282,STD-01571,IS 8043,SCH-00014,Scheme-I,CERTIFIABLE_UNDER,related_scheme_text,related_scheme_text,Scheme-I,,F030,BIS_Standards_Intelligence_Master.xlsx,BIS_Standards_Intelligence,17,1.00,
REL-IS_SCH-0000283,STD-00656,IS 16415,SCH-00014,Scheme-I,CERTIFIABLE_UNDER,related_scheme_text,related_scheme_text,Scheme-I,,F030,BIS_Standards_Intelligence_Master.xlsx,BIS_Standards_Intelligence,18,1.00,
REL-IS_SCH-0000284,STD-01730,IS 9873 (Part 1),SCH-00014,Scheme-I,CERTIFIABLE_UNDER,related_scheme_text,related_scheme_text,Scheme-I,,F030,BIS_Standards_Intelligence_Master.xlsx,BIS_Standards_Intelligence,19,1.00,
REL-IS_SCH-0000285,STD-01731,IS 9873 (Part 2),SCH-00014,Scheme-I,CERTIFIABLE_UNDER,related_scheme_text,related_scheme_text,Scheme-I,,F030,BIS_Standards_Intelligence_Master.xlsx,BIS_Standards_Intelligence,20,1.00,
REL-IS_SCH-0000286,STD-01732,IS 9873 (Part 3),SCH-00014,Scheme-I,CERTIFIABLE_UNDER,related_scheme_text,related_scheme_text,Scheme-I,,F030,BIS_Standards_Intelligence_Master.xlsx,BIS_Standards_Intelligence,21,1.00,
REL-IS_SCH-0000287,STD-01733,IS 9873 (Part 4),SCH-00014,Scheme-I,CERTIFIABLE_UNDER,related_scheme_text,related_scheme_text,Scheme-I,,F030,BIS_Standards_Intelligence_Master.xlsx,BIS_Standards_Intelligence,22,1.00,
REL-IS_SCH-0000288,STD-00530,IS 15644,SCH-00014,Scheme-I,CERTIFIABLE_UNDER,related_scheme_text,related_scheme_text,Scheme-I,,F030,BIS_Standards_Intelligence_Master.xlsx,BIS_Standards_Intelligence,23,1.00,
REL-IS_SCH-0000289,STD-01069,IS 2835,SCH-00014,Scheme-I,CERTIFIABLE_UNDER,related_scheme_text,related_scheme_text,Scheme-I,,F030,BIS_Standards_Intelligence_Master.xlsx,BIS_Standards_Intelligence,24,1.00,
REL-IS_SCH-0000290,STD-01015,IS 2553 (Part 1),SCH-00014,Scheme-I,CERTIFIABLE_UNDER,related_scheme_text,related_scheme_text,Scheme-I,,F030,BIS_Standards_Intelligence_Master.xlsx,BIS_Standards_Intelligence,25,1.00,
REL-IS_SCH-0000291,STD-01016,IS 2553 (Part 2),SCH-00014,Scheme-I,CERTIFIABLE_UNDER,related_scheme_text,related_scheme_text,Scheme-I,,F030,BIS_Standards_Intelligence_Master.xlsx,BIS_Standards_Intelligence,26,1.00,
REL-IS_SCH-0000292,STD-01707,IS 9573 (Part 1),SCH-00014,Scheme-I,CERTIFIABLE_UNDER,related_scheme_text,related_scheme_text,Scheme-I,,F030,BIS_Standards_Intelligence_Master.xlsx,BIS_Standards_Intelligence,27,1.00,
REL-IS_SCH-0000293,STD-01708,IS 9573 (Part 2),SCH-00014,Scheme-I,CERTIFIABLE_UNDER,related_scheme_text,related_scheme_text,Scheme-I,,F030,BIS_Standards_Intelligence_Master.xlsx,BIS_Standards_Intelligence,28,1.00,
REL-IS_SCH-0000294,STD-00497,IS 15392,SCH-00014,Scheme-I,CERTIFIABLE_UNDER,related_scheme_text,related_scheme_text,Scheme-I,,F030,BIS_Standards_Intelligence_Master.xlsx,BIS_Standards_Intelligence,29,1.00,
REL-IS_SCH-0000295,STD-00836,IS 17875,SCH-00014,Scheme-I,CERTIFIABLE_UNDER,related_scheme_text,related_scheme_text,Scheme-I,,F030,BIS_Standards_Intelligence_Master.xlsx,BIS_Standards_Intelligence,30,1.00,
REL-IS_SCH-0000296,STD-00837,IS 17876,SCH-00014,Scheme-I,CERTIFIABLE_UNDER,related_scheme_text,related_scheme_text,Scheme-I,,F030,BIS_Standards_Intelligence_Master.xlsx,BIS_Standards_Intelligence,31,1.00,
REL-IS_SCH-0000297,STD-00947,IS 2083,SCH-00014,Scheme-I,CERTIFIABLE_UNDER,related_scheme_text,related_scheme_text,Scheme-I,,F030,BIS_Standards_Intelligence_Master.xlsx,BIS_Standards_Intelligence,32,1.00,
REL-IS_SCH-0000298,STD-01090,IS 302 (Part 1),SCH-00014,Scheme-I,CERTIFIABLE_UNDER,related_scheme_text,related_scheme_text,Scheme-I,,F030,BIS_Standards_Intelligence_Master.xlsx,BIS_Standards_Intelligence,33,1.00,
REL-IS_SCH-0000299,STD-00558,IS 15844 (Part 1),SCH-00014,Scheme-I,CERTIFIABLE_UNDER,related_scheme_text,related_scheme_text,Scheme-I,,F030,BIS_Standards_Intelligence_Master.xlsx,BIS_Standards_Intelligence,34,1.00,
REL-IS_SCH-0000300,STD-00559,IS 15844 (Part 2),SCH-00014,Scheme-I,CERTIFIABLE_UNDER,related_scheme_text,related_scheme_text,Scheme-I,,F030,BIS_Standards_Intelligence_Master.xlsx,BIS_Standards_Intelligence,35,1.00,
REL-IS_SCH-0000301,STD-00560,IS 15844 (Part 3),SCH-00014,Scheme-I,CERTIFIABLE_UNDER,related_scheme_text,related_scheme_text,Scheme-I,,F030,BIS_Standards_Intelligence_Master.xlsx,BIS_Standards_Intelligence,36,1.00,
REL-IS_SCH-0000302,STD-00718,IS 17012,SCH-00014,Scheme-I,CERTIFIABLE_UNDER,related_scheme_text,related_scheme_text,Scheme-I,,F030,BIS_Standards_Intelligence_Master.xlsx,BIS_Standards_Intelligence,37,1.00,
REL-IS_SCH-0000303,STD-00722,IS 17037,SCH-00014,Scheme-I,CERTIFIABLE_UNDER,related_scheme_text,related_scheme_text,Scheme-I,,F030,BIS_Standards_Intelligence_Master.xlsx,BIS_Standards_Intelligence,38,1.00,
REL-IS_SCH-0000304,STD-00725,IS 17043 (Part 1),SCH-00014,Scheme-I,CERTIFIABLE_UNDER,related_scheme_text,related_scheme_text,Scheme-I,,F030,BIS_Standards_Intelligence_Master.xlsx,BIS_Standards_Intelligence,39,1.00,
REL-IS_SCH-0000305,STD-00726,IS 17043 (Part 2),SCH-00014,Scheme-I,CERTIFIABLE_UNDER,related_scheme_text,related_scheme_text,Scheme-I,,F030,BIS_Standards_Intelligence_Master.xlsx,BIS_Standards_Intelligence,40,1.00,
REL-IS_SCH-0000306,STD-00481,IS 15298 (Part 2),SCH-00014,Scheme-I,CERTIFIABLE_UNDER,related_scheme_text,related_scheme_text,Scheme-I,,F030,BIS_Standards_Intelligence_Master.xlsx,BIS_Standards_Intelligence,41,1.00,
REL-IS_SCH-0000307,STD-01750,IS/IEC 60947 (Part 2),SCH-00025,Scheme-X/Electrical Equipment Quality Control Order,CERTIFIABLE_UNDER,related_scheme_text,related_scheme_text,Scheme-X / Electrical Equipment Quality Control Order,,F030,BIS_Standards_Intelligence_Master.xlsx,BIS_Standards_Intelligence,42,1.00,
REL-IS_SCH-0000308,STD-01751,IS/IEC 60947 (Part 3),SCH-00024,Scheme-X/EEQCO,CERTIFIABLE_UNDER,related_scheme_text,related_scheme_text,Scheme-X / EEQCO,,F030,BIS_Standards_Intelligence_Master.xlsx,BIS_Standards_Intelligence,43,1.00,
REL-IS_SCH-0000309,STD-01752,IS/IEC 60947 (Part 4),SCH-00024,Scheme-X/EEQCO,CERTIFIABLE_UNDER,related_scheme_text,related_scheme_text,Scheme-X / EEQCO,,F030,BIS_Standards_Intelligence_Master.xlsx,BIS_Standards_Intelligence,44,1.00,
REL-IS_SCH-0000310,STD-01753,IS/IEC 60947 (Part 5),SCH-00024,Scheme-X/EEQCO,CERTIFIABLE_UNDER,related_scheme_text,related_scheme_text,Scheme-X / EEQCO,,F030,BIS_Standards_Intelligence_Master.xlsx,BIS_Standards_Intelligence,45,1.00,
REL-IS_SCH-0000311,STD-01753,IS/IEC 60947 (Part 5),SCH-00024,Scheme-X/EEQCO,CERTIFIABLE_UNDER,related_scheme_text,related_scheme_text,Scheme-X / EEQCO,,F030,BIS_Standards_Intelligence_Master.xlsx,BIS_Standards_Intelligence,46,1.00,
REL-IS_SCH-0000312,STD-00807,IS 17631,SCH-00017,Scheme-II,CERTIFIABLE_UNDER,related_scheme_text,related_scheme_text,Scheme-II,,F031,BIS_Standards_Scheme_Mapping.xlsx,BIS_Standards_Scheme_Mapping,2,1.00,
REL-IS_SCH-0000313,STD-00808,IS 17632,SCH-00017,Scheme-II,CERTIFIABLE_UNDER,related_scheme_text,related_scheme_text,Scheme-II,,F031,BIS_Standards_Scheme_Mapping.xlsx,BIS_Standards_Scheme_Mapping,3,1.00,
REL-IS_SCH-0000314,STD-00809,IS 17633,SCH-00017,Scheme-II,CERTIFIABLE_UNDER,related_scheme_text,related_scheme_text,Scheme-II,,F031,BIS_Standards_Scheme_Mapping.xlsx,BIS_Standards_Scheme_Mapping,4,1.00,
REL-IS_SCH-0000315,STD-00810,IS 17634,SCH-00017,Scheme-II,CERTIFIABLE_UNDER,related_scheme_text,related_scheme_text,Scheme-II,,F031,BIS_Standards_Scheme_Mapping.xlsx,BIS_Standards_Scheme_Mapping,5,1.00,
REL-IS_SCH-0000316,STD-00811,IS 17635,SCH-00017,Scheme-II,CERTIFIABLE_UNDER,related_scheme_text,related_scheme_text,Scheme-II,,F031,BIS_Standards_Scheme_Mapping.xlsx,BIS_Standards_Scheme_Mapping,6,1.00,
REL-IS_SCH-0000317,STD-00812,IS 17636,SCH-00017,Scheme-II,CERTIFIABLE_UNDER,related_scheme_text,related_scheme_text,Scheme-II,,F031,BIS_Standards_Scheme_Mapping.xlsx,BIS_Standards_Scheme_Mapping,7,1.00,
REL-IS_SCH-0000318,STD-00982,IS 2347,SCH-00017,Scheme-II,CERTIFIABLE_UNDER,related_scheme_text,related_scheme_text,Scheme-II,,F031,BIS_Standards_Scheme_Mapping.xlsx,BIS_Standards_Scheme_Mapping,8,1.00,
REL-IS_SCH-0000319,STD-00194,IS 12330,SCH-00017,Scheme-II,CERTIFIABLE_UNDER,related_scheme_text,related_scheme_text,Scheme-II,,F031,BIS_Standards_Scheme_Mapping.xlsx,BIS_Standards_Scheme_Mapping,9,1.00,
REL-IS_SCH-0000320,STD-00214,IS 12600,SCH-00017,Scheme-II,CERTIFIABLE_UNDER,related_scheme_text,related_scheme_text,Scheme-II,,F031,BIS_Standards_Scheme_Mapping.xlsx,BIS_Standards_Scheme_Mapping,10,1.00,
REL-IS_SCH-0000321,STD-00443,IS 1489,SCH-00017,Scheme-II,CERTIFIABLE_UNDER,related_scheme_text,related_scheme_text,Scheme-II,,F031,BIS_Standards_Scheme_Mapping.xlsx,BIS_Standards_Scheme_Mapping,11,1.00,
REL-IS_SCH-0000322,STD-01041,IS 269,SCH-00017,Scheme-II,CERTIFIABLE_UNDER,related_scheme_text,related_scheme_text,Scheme-II,,F031,BIS_Standards_Scheme_Mapping.xlsx,BIS_Standards_Scheme_Mapping,12,1.00,
REL-IS_SCH-0000323,STD-01273,IS 455,SCH-00017,Scheme-II,CERTIFIABLE_UNDER,related_scheme_text,related_scheme_text,Scheme-II,,F031,BIS_Standards_Scheme_Mapping.xlsx,BIS_Standards_Scheme_Mapping,13,1.00,
REL-IS_SCH-0000324,STD-01569,IS 8041,SCH-00017,Scheme-II,CERTIFIABLE_UNDER,related_scheme_text,related_scheme_text,Scheme-II,,F031,BIS_Standards_Scheme_Mapping.xlsx,BIS_Standards_Scheme_Mapping,14,1.00,
REL-IS_SCH-0000325,STD-01570,IS 8042,SCH-00017,Scheme-II,CERTIFIABLE_UNDER,related_scheme_text,related_scheme_text,Scheme-II,,F031,BIS_Standards_Scheme_Mapping.xlsx,BIS_Standards_Scheme_Mapping,15,1.00,
REL-IS_SCH-0000326,STD-01571,IS 8043,SCH-00017,Scheme-II,CERTIFIABLE_UNDER,related_scheme_text,related_scheme_text,Scheme-II,,F031,BIS_Standards_Scheme_Mapping.xlsx,BIS_Standards_Scheme_Mapping,16,1.00,
REL-IS_SCH-0000327,STD-00656,IS 16415,SCH-00017,Scheme-II,CERTIFIABLE_UNDER,related_scheme_text,related_scheme_text,Scheme-II,,F031,BIS_Standards_Scheme_Mapping.xlsx,BIS_Standards_Scheme_Mapping,17,1.00,
REL-IS_SCH-0000328,STD-01729,IS 9873,SCH-00017,Scheme-II,CERTIFIABLE_UNDER,related_scheme_text,related_scheme_text,Scheme-II,,F031,BIS_Standards_Scheme_Mapping.xlsx,BIS_Standards_Scheme_Mapping,18,1.00,
REL-IS_SCH-0000329,STD-00530,IS 15644,SCH-00017,Scheme-II,CERTIFIABLE_UNDER,related_scheme_text,related_scheme_text,Scheme-II,,F031,BIS_Standards_Scheme_Mapping.xlsx,BIS_Standards_Scheme_Mapping,19,1.00,
REL-IS_SCH-0000330,STD-01069,IS 2835,SCH-00017,Scheme-II,CERTIFIABLE_UNDER,related_scheme_text,related_scheme_text,Scheme-II,,F031,BIS_Standards_Scheme_Mapping.xlsx,BIS_Standards_Scheme_Mapping,20,1.00,
REL-IS_SCH-0000331,STD-01014,IS 2553,SCH-00017,Scheme-II,CERTIFIABLE_UNDER,related_scheme_text,related_scheme_text,Scheme-II,,F031,BIS_Standards_Scheme_Mapping.xlsx,BIS_Standards_Scheme_Mapping,21,1.00,
REL-IS_SCH-0000332,STD-01706,IS 9573,SCH-00017,Scheme-II,CERTIFIABLE_UNDER,related_scheme_text,related_scheme_text,Scheme-II,,F031,BIS_Standards_Scheme_Mapping.xlsx,BIS_Standards_Scheme_Mapping,22,1.00,
REL-IS_SCH-0000333,STD-00497,IS 15392,SCH-00017,Scheme-II,CERTIFIABLE_UNDER,related_scheme_text,related_scheme_text,Scheme-II,,F031,BIS_Standards_Scheme_Mapping.xlsx,BIS_Standards_Scheme_Mapping,23,1.00,
REL-IS_SCH-0000334,STD-00836,IS 17875,SCH-00017,Scheme-II,CERTIFIABLE_UNDER,related_scheme_text,related_scheme_text,Scheme-II,,F031,BIS_Standards_Scheme_Mapping.xlsx,BIS_Standards_Scheme_Mapping,24,1.00,
REL-IS_SCH-0000335,STD-00837,IS 17876,SCH-00017,Scheme-II,CERTIFIABLE_UNDER,related_scheme_text,related_scheme_text,Scheme-II,,F031,BIS_Standards_Scheme_Mapping.xlsx,BIS_Standards_Scheme_Mapping,25,1.00,
REL-IS_SCH-0000336,STD-00947,IS 2083,SCH-00017,Scheme-II,CERTIFIABLE_UNDER,related_scheme_text,related_scheme_text,Scheme-II,,F031,BIS_Standards_Scheme_Mapping.xlsx,BIS_Standards_Scheme_Mapping,26,1.00,
REL-IS_SCH-0000337,STD-01090,IS 302 (Part 1),SCH-00017,Scheme-II,CERTIFIABLE_UNDER,related_scheme_text,related_scheme_text,Scheme-II,,F031,BIS_Standards_Scheme_Mapping.xlsx,BIS_Standards_Scheme_Mapping,27,1.00,
REL-IS_SCH-0000338,STD-00557,IS 15844,SCH-00017,Scheme-II,CERTIFIABLE_UNDER,related_scheme_text,related_scheme_text,Scheme-II,,F031,BIS_Standards_Scheme_Mapping.xlsx,BIS_Standards_Scheme_Mapping,28,1.00,
REL-IS_SCH-0000339,STD-00718,IS 17012,SCH-00017,Scheme-II,CERTIFIABLE_UNDER,related_scheme_text,related_scheme_text,Scheme-II,,F031,BIS_Standards_Scheme_Mapping.xlsx,BIS_Standards_Scheme_Mapping,29,1.00,
REL-IS_SCH-0000340,STD-00722,IS 17037,SCH-00017,Scheme-II,CERTIFIABLE_UNDER,related_scheme_text,related_scheme_text,Scheme-II,,F031,BIS_Standards_Scheme_Mapping.xlsx,BIS_Standards_Scheme_Mapping,30,1.00,
REL-IS_SCH-0000341,STD-00724,IS 17043,SCH-00017,Scheme-II,CERTIFIABLE_UNDER,related_scheme_text,related_scheme_text,Scheme-II,,F031,BIS_Standards_Scheme_Mapping.xlsx,BIS_Standards_Scheme_Mapping,31,1.00,
REL-IS_SCH-0000342,STD-00481,IS 15298 (Part 2),SCH-00017,Scheme-II,CERTIFIABLE_UNDER,related_scheme_text,related_scheme_text,Scheme-II,,F031,BIS_Standards_Scheme_Mapping.xlsx,BIS_Standards_Scheme_Mapping,32,1.00,
REL-IS_SCH-0000343,STD-01750,IS/IEC 60947 (Part 2),SCH-00022,Scheme-X/applicable EEQCO product-specific process,CERTIFIABLE_UNDER,related_scheme_text,related_scheme_text,Scheme-X / applicable EEQCO product-specific process,,F031,BIS_Standards_Scheme_Mapping.xlsx,BIS_Standards_Scheme_Mapping,33,1.00,
REL-IS_SCH-0000344,STD-01751,IS/IEC 60947 (Part 3),SCH-00022,Scheme-X/applicable EEQCO product-specific process,CERTIFIABLE_UNDER,related_scheme_text,related_scheme_text,Scheme-X / applicable EEQCO product-specific process,,F031,BIS_Standards_Scheme_Mapping.xlsx,BIS_Standards_Scheme_Mapping,34,1.00,
REL-IS_SCH-0000345,STD-01752,IS/IEC 60947 (Part 4),SCH-00022,Scheme-X/applicable EEQCO product-specific process,CERTIFIABLE_UNDER,related_scheme_text,related_scheme_text,Scheme-X / applicable EEQCO product-specific process,,F031,BIS_Standards_Scheme_Mapping.xlsx,BIS_Standards_Scheme_Mapping,35,1.00,
REL-IS_SCH-0000346,STD-01753,IS/IEC 60947 (Part 5),SCH-00022,Scheme-X/applicable EEQCO product-specific process,CERTIFIABLE_UNDER,related_scheme_text,related_scheme_text,Scheme-X / applicable EEQCO product-specific process,,F031,BIS_Standards_Scheme_Mapping.xlsx,BIS_Standards_Scheme_Mapping,36,1.00,
REL-IS_SCH-0000347,STD-01753,IS/IEC 60947 (Part 5),SCH-00022,Scheme-X/applicable EEQCO product-specific process,CERTIFIABLE_UNDER,related_scheme_text,related_scheme_text,Scheme-X / applicable EEQCO product-specific process,,F031,BIS_Standards_Scheme_Mapping.xlsx,BIS_Standards_Scheme_Mapping,37,1.00,
