relationship_id,scheme_id,scheme_name,product_id,product_name,relationship_type,relation_context,evidence_column,evidence_value,unmatched_reference,source_file_ids,source_files,source_sheets,source_rows,confidence,review_flag
REL-SCHEME-0000001,SCH-00015,Scheme-I (ISI Mark),PROD-00310,Work Chairs,CERTIFIABLE_UNDER,related_scheme_text,related_scheme_text,Scheme-I (ISI Mark),,F011,BIS_Products_Details.xlsx,Products_Details,2,1.00,
REL-SCHEME-0000002,SCH-00015,Scheme-I (ISI Mark),PROD-00106,General Purpose Chairs and Stools,CERTIFIABLE_UNDER,related_scheme_text,related_scheme_text,Scheme-I (ISI Mark),,F011,BIS_Products_Details.xlsx,Products_Details,3,1.00,
REL-SCHEME-0000003,SCH-00015,Scheme-I (ISI Mark),PROD-00285,Tables and Desks,CERTIFIABLE_UNDER,related_scheme_text,related_scheme_text,Scheme-I (ISI Mark),,F011,BIS_Products_Details.xlsx,Products_Details,4,1.00,
REL-SCHEME-0000004,SCH-00015,Scheme-I (ISI Mark),PROD-00274,Storage Units,CERTIFIABLE_UNDER,related_scheme_text,related_scheme_text,Scheme-I (ISI Mark),,F011,BIS_Products_Details.xlsx,Products_Details,5,1.00,
REL-SCHEME-0000005,SCH-00015,Scheme-I (ISI Mark),PROD-00051,Beds,CERTIFIABLE_UNDER,related_scheme_text,related_scheme_text,Scheme-I (ISI Mark),,F011,BIS_Products_Details.xlsx,Products_Details,6,1.00,
REL-SCHEME-0000006,SCH-00015,Scheme-I (ISI Mark),PROD-00056,Bunk Beds and High Beds,CERTIFIABLE_UNDER,related_scheme_text,related_scheme_text,Scheme-I (ISI Mark),,F011,BIS_Products_Details.xlsx,Products_Details,7,1.00,
REL-SCHEME-0000007,SCH-00015,Scheme-I (ISI Mark),PROD-00085,Domestic Pressure Cookers,CERTIFIABLE_UNDER,related_scheme_text,related_scheme_text,Scheme-I (ISI Mark),,F011,BIS_Products_Details.xlsx,Products_Details,8,1.00,
REL-SCHEME-0000008,SCH-00015,Scheme-I (ISI Mark),PROD-00276,Sulfate Resisting Portland Cement,CERTIFIABLE_UNDER,related_scheme_text,related_scheme_text,Scheme-I (ISI Mark),,F011,BIS_Products_Details.xlsx,Products_Details,9,1.00,
REL-SCHEME-0000009,SCH-00015,Scheme-I (ISI Mark),PROD-00123,Low Heat Portland Cement,CERTIFIABLE_UNDER,related_scheme_text,related_scheme_text,Scheme-I (ISI Mark),,F011,BIS_Products_Details.xlsx,Products_Details,10,1.00,
REL-SCHEME-0000010,SCH-00015,Scheme-I (ISI Mark),PROD-00150,Portland Pozzolana Cement (Part 1 - Flyash Based),CERTIFIABLE_UNDER,related_scheme_text,related_scheme_text,Scheme-I (ISI Mark),,F011,BIS_Products_Details.xlsx,Products_Details,11,1.00,
REL-SCHEME-0000011,SCH-00015,Scheme-I (ISI Mark),PROD-00151,Portland Pozzolana Cement (Part 2 - Calcined Clay Based),CERTIFIABLE_UNDER,related_scheme_text,related_scheme_text,Scheme-I (ISI Mark),,F011,BIS_Products_Details.xlsx,Products_Details,12,1.00,
REL-SCHEME-0000012,SCH-00015,Scheme-I (ISI Mark),PROD-00131,Ordinary Portland Cement,CERTIFIABLE_UNDER,related_scheme_text,related_scheme_text,Scheme-I (ISI Mark),,F011,BIS_Products_Details.xlsx,Products_Details,13,1.00,
REL-SCHEME-0000013,SCH-00015,Scheme-I (ISI Mark),PROD-00158,Portland Slag Cement,CERTIFIABLE_UNDER,related_scheme_text,related_scheme_text,Scheme-I (ISI Mark),,F011,BIS_Products_Details.xlsx,Products_Details,14,1.00,
REL-SCHEME-0000014,SCH-00015,Scheme-I (ISI Mark),PROD-00168,Rapid Hardening Portland Cement,CERTIFIABLE_UNDER,related_scheme_text,related_scheme_text,Scheme-I (ISI Mark),,F011,BIS_Products_Details.xlsx,Products_Details,15,1.00,
REL-SCHEME-0000015,SCH-00015,Scheme-I (ISI Mark),PROD-00305,White Portland Cement,CERTIFIABLE_UNDER,related_scheme_text,related_scheme_text,Scheme-I (ISI Mark),,F011,BIS_Products_Details.xlsx,Products_Details,16,1.00,
REL-SCHEME-0000016,SCH-00015,Scheme-I (ISI Mark),PROD-00111,Hydrophobic Portland Cement,CERTIFIABLE_UNDER,related_scheme_text,related_scheme_text,Scheme-I (ISI Mark),,F011,BIS_Products_Details.xlsx,Products_Details,17,1.00,
REL-SCHEME-0000017,SCH-00015,Scheme-I (ISI Mark),PROD-00066,Composite Cement,CERTIFIABLE_UNDER,related_scheme_text,related_scheme_text,Scheme-I (ISI Mark),,F011,BIS_Products_Details.xlsx,Products_Details,18,1.00,
REL-SCHEME-0000018,SCH-00015,Scheme-I (ISI Mark),PROD-00213,Safety of Toys (Part 1 - Mechanical and Physical Properties),CERTIFIABLE_UNDER,related_scheme_text,related_scheme_text,Scheme-I (ISI Mark),,F011,BIS_Products_Details.xlsx,Products_Details,19,1.00,
REL-SCHEME-0000019,SCH-00015,Scheme-I (ISI Mark),PROD-00215,Safety of Toys (Part 2 - Flammability),CERTIFIABLE_UNDER,related_scheme_text,related_scheme_text,Scheme-I (ISI Mark),,F011,BIS_Products_Details.xlsx,Products_Details,20,1.00,
REL-SCHEME-0000020,SCH-00015,Scheme-I (ISI Mark),PROD-00216,Safety of Toys (Part 3 - Migration of Certain Elements),CERTIFIABLE_UNDER,related_scheme_text,related_scheme_text,Scheme-I (ISI Mark),,F011,BIS_Products_Details.xlsx,Products_Details,21,1.00,
REL-SCHEME-0000021,SCH-00015,Scheme-I (ISI Mark),PROD-00218,"Safety of Toys (Part 4 - Swings, Slides & Activity Toys)",CERTIFIABLE_UNDER,related_scheme_text,related_scheme_text,Scheme-I (ISI Mark),,F011,BIS_Products_Details.xlsx,Products_Details,22,1.00,
REL-SCHEME-0000022,SCH-00015,Scheme-I (ISI Mark),PROD-00203,Safety of Electric Toys,CERTIFIABLE_UNDER,related_scheme_text,related_scheme_text,Scheme-I (ISI Mark),,F011,BIS_Products_Details.xlsx,Products_Details,23,1.00,
REL-SCHEME-0000023,SCH-00015,Scheme-I (ISI Mark),PROD-00102,Flat Transparent Sheet Glass,CERTIFIABLE_UNDER,related_scheme_text,related_scheme_text,Scheme-I (ISI Mark),,F011,BIS_Products_Details.xlsx,Products_Details,24,1.00,
REL-SCHEME-0000024,SCH-00015,Scheme-I (ISI Mark),PROD-00194,"Safety Glass (Part 1 - Architectural, Building & General)",CERTIFIABLE_UNDER,related_scheme_text,related_scheme_text,Scheme-I (ISI Mark),,F011,BIS_Products_Details.xlsx,Products_Details,25,1.00,
REL-SCHEME-0000025,SCH-00015,Scheme-I (ISI Mark),PROD-00195,Safety Glass (Part 2 - For Road Transport),CERTIFIABLE_UNDER,related_scheme_text,related_scheme_text,Scheme-I (ISI Mark),,F011,BIS_Products_Details.xlsx,Products_Details,26,1.00,
REL-SCHEME-0000026,SCH-00015,Scheme-I (ISI Mark),PROD-00184,Rubber Hoses for Fuel Dispensing (Part 1),CERTIFIABLE_UNDER,related_scheme_text,related_scheme_text,Scheme-I (ISI Mark),,F011,BIS_Products_Details.xlsx,Products_Details,27,1.00,
REL-SCHEME-0000027,SCH-00015,Scheme-I (ISI Mark),PROD-00185,Rubber Hoses for Fuel Dispensing (Part 2),CERTIFIABLE_UNDER,related_scheme_text,related_scheme_text,Scheme-I (ISI Mark),,F011,BIS_Products_Details.xlsx,Products_Details,28,1.00,
REL-SCHEME-0000028,SCH-00015,Scheme-I (ISI Mark),PROD-00011,Alcohol Based Hand Sanitizers,CERTIFIABLE_UNDER,related_scheme_text,related_scheme_text,Scheme-I (ISI Mark),,F011,BIS_Products_Details.xlsx,Products_Details,29,1.00,
REL-SCHEME-0000029,SCH-00015,Scheme-I (ISI Mark),PROD-00231,Seamless Stainless Steel Pipes and Tubes,CERTIFIABLE_UNDER,related_scheme_text,related_scheme_text,Scheme-I (ISI Mark),,F011,BIS_Products_Details.xlsx,Products_Details,30,1.00,
REL-SCHEME-0000030,SCH-00015,Scheme-I (ISI Mark),PROD-00303,Welded Stainless Steel Pipes and Tubes,CERTIFIABLE_UNDER,related_scheme_text,related_scheme_text,Scheme-I (ISI Mark),,F011,BIS_Products_Details.xlsx,Products_Details,31,1.00,
REL-SCHEME-0000031,SCH-00015,Scheme-I (ISI Mark),PROD-00122,Lithium Base Grease,CERTIFIABLE_UNDER,related_scheme_text,related_scheme_text,Scheme-I (ISI Mark),,F011,BIS_Products_Details.xlsx,Products_Details,32,1.00,
REL-SCHEME-0000032,SCH-00015,Scheme-I (ISI Mark),PROD-00205,Safety of Household and Similar Electrical Appliances (Part 1),CERTIFIABLE_UNDER,related_scheme_text,related_scheme_text,Scheme-I (ISI Mark),,F011,BIS_Products_Details.xlsx,Products_Details,33,1.00,
REL-SCHEME-0000033,SCH-00015,Scheme-I (ISI Mark),PROD-00250,Sports Footwear (Part 1 - General Purpose),CERTIFIABLE_UNDER,related_scheme_text,related_scheme_text,Scheme-I (ISI Mark),,F011,BIS_Products_Details.xlsx,Products_Details,34,1.00,
REL-SCHEME-0000034,SCH-00015,Scheme-I (ISI Mark),PROD-00251,Sports Footwear (Part 2 - Performance Shoes),CERTIFIABLE_UNDER,related_scheme_text,related_scheme_text,Scheme-I (ISI Mark),,F011,BIS_Products_Details.xlsx,Products_Details,35,1.00,
REL-SCHEME-0000035,SCH-00015,Scheme-I (ISI Mark),PROD-00252,Sports Footwear (Part 3 - Professional & Outdoor),CERTIFIABLE_UNDER,related_scheme_text,related_scheme_text,Scheme-I (ISI Mark),,F011,BIS_Products_Details.xlsx,Products_Details,36,1.00,
REL-SCHEME-0000036,SCH-00015,Scheme-I (ISI Mark),PROD-00078,Derby Shoes,CERTIFIABLE_UNDER,related_scheme_text,related_scheme_text,Scheme-I (ISI Mark),,F011,BIS_Products_Details.xlsx,Products_Details,37,1.00,
REL-SCHEME-0000037,SCH-00015,Scheme-I (ISI Mark),PROD-00059,Casual Footwear,CERTIFIABLE_UNDER,related_scheme_text,related_scheme_text,Scheme-I (ISI Mark),,F011,BIS_Products_Details.xlsx,Products_Details,38,1.00,
REL-SCHEME-0000038,SCH-00015,Scheme-I (ISI Mark),PROD-00237,Shoes (Part 1 - General Requirements),CERTIFIABLE_UNDER,related_scheme_text,related_scheme_text,Scheme-I (ISI Mark),,F011,BIS_Products_Details.xlsx,Products_Details,39,1.00,
REL-SCHEME-0000039,SCH-00015,Scheme-I (ISI Mark),PROD-00238,Shoes (Part 2 - Specific Footwear Types),CERTIFIABLE_UNDER,related_scheme_text,related_scheme_text,Scheme-I (ISI Mark),,F011,BIS_Products_Details.xlsx,Products_Details,40,1.00,
REL-SCHEME-0000040,SCH-00015,Scheme-I (ISI Mark),PROD-00138,Personal Protective Equipment - Safety Footwear (Part 2),CERTIFIABLE_UNDER,related_scheme_text,related_scheme_text,Scheme-I (ISI Mark),,F011,BIS_Products_Details.xlsx,Products_Details,41,1.00,
REL-SCHEME-0000041,SCH-00009,"Product Specification (Product Manual & SIT: 1, Active Licenses: 40, Labs: 13)",PROD-00313,Work Chairs - Specification,CERTIFIABLE_UNDER,related_scheme_text,related_scheme_text,"Product Specification (Product Manual & SIT: 1, Active Licenses: 40, Labs: 13)",,F012,BIS_Products_Full_Information.xlsx,Products_Details,2,1.00,
REL-SCHEME-0000042,SCH-00011,"Product Specification (Scheme-I, ISI Mark)",PROD-00107,General Purpose Chairs and Stools - Specification,CERTIFIABLE_UNDER,related_scheme_text,related_scheme_text,"Product Specification (Scheme-I, ISI Mark)",,F012,BIS_Products_Full_Information.xlsx,Products_Details,3,1.00,
REL-SCHEME-0000043,SCH-00010,"Product Specification (Product Manual & SIT: 1, Active Licenses: 79, Labs: 14)",PROD-00286,Tables and Desks - Specification,CERTIFIABLE_UNDER,related_scheme_text,related_scheme_text,"Product Specification (Product Manual & SIT: 1, Active Licenses: 79, Labs: 14)",,F012,BIS_Products_Full_Information.xlsx,Products_Details,4,1.00,
REL-SCHEME-0000044,SCH-00011,"Product Specification (Scheme-I, ISI Mark)",PROD-00275,Storage Units - Specification,CERTIFIABLE_UNDER,related_scheme_text,related_scheme_text,"Product Specification (Scheme-I, ISI Mark)",,F012,BIS_Products_Full_Information.xlsx,Products_Details,5,1.00,
REL-SCHEME-0000045,SCH-00011,"Product Specification (Scheme-I, ISI Mark)",PROD-00052,Beds - Specification,CERTIFIABLE_UNDER,related_scheme_text,related_scheme_text,"Product Specification (Scheme-I, ISI Mark)",,F012,BIS_Products_Full_Information.xlsx,Products_Details,6,1.00,
REL-SCHEME-0000046,SCH-00011,"Product Specification (Scheme-I, ISI Mark)",PROD-00057,Bunk Beds and High Beds - Specification,CERTIFIABLE_UNDER,related_scheme_text,related_scheme_text,"Product Specification (Scheme-I, ISI Mark)",,F012,BIS_Products_Full_Information.xlsx,Products_Details,7,1.00,
REL-SCHEME-0000047,SCH-00012,"Product Specification (Scheme-I, Mandatory ISI Mark, 440+ Licenses)",PROD-00084,Domestic Pressure Cooker - Specification (Seventh Revision),CERTIFIABLE_UNDER,related_scheme_text,related_scheme_text,"Product Specification (Scheme-I, Mandatory ISI Mark, 440+ Licenses)",,F012,BIS_Products_Full_Information.xlsx,Products_Details,8,1.00,
REL-SCHEME-0000048,SCH-00004,BIS Scheme-I (ISI Mark Certification Scheme),PROD-00277,Sulphate Resisting Portland Cement,CERTIFIABLE_UNDER,related_scheme_text,related_scheme_text,BIS Scheme-I (ISI Mark Certification Scheme),,F012,BIS_Products_Full_Information.xlsx,Products_Details,9,1.00,
REL-SCHEME-0000049,SCH-00003,BIS Scheme-I (ISI Mark),PROD-00123,Low Heat Portland Cement,CERTIFIABLE_UNDER,related_scheme_text,related_scheme_text,BIS Scheme-I (ISI Mark),,F012,BIS_Products_Full_Information.xlsx,Products_Details,10,1.00,
REL-SCHEME-0000050,SCH-00005,BIS Scheme-I (ISI Mark Scheme),PROD-00152,Portland Pozzolana Cement - Specification - Part 1: Fly Ash Based,CERTIFIABLE_UNDER,related_scheme_text,related_scheme_text,BIS Scheme-I (ISI Mark Scheme),,F012,BIS_Products_Full_Information.xlsx,Products_Details,11,1.00,
REL-SCHEME-0000051,SCH-00003,BIS Scheme-I (ISI Mark),PROD-00153,Portland Pozzolana Cement - Specification - Part 2: Calcined Clay Based,CERTIFIABLE_UNDER,related_scheme_text,related_scheme_text,BIS Scheme-I (ISI Mark),,F012,BIS_Products_Full_Information.xlsx,Products_Details,12,1.00,
REL-SCHEME-0000052,SCH-00003,BIS Scheme-I (ISI Mark),PROD-00133,Ordinary Portland Cement - Specification,CERTIFIABLE_UNDER,related_scheme_text,related_scheme_text,BIS Scheme-I (ISI Mark),,F012,BIS_Products_Full_Information.xlsx,Products_Details,13,1.00,
REL-SCHEME-0000053,SCH-00003,BIS Scheme-I (ISI Mark),PROD-00159,Portland Slag Cement - Specification,CERTIFIABLE_UNDER,related_scheme_text,related_scheme_text,BIS Scheme-I (ISI Mark),,F012,BIS_Products_Full_Information.xlsx,Products_Details,14,1.00,
REL-SCHEME-0000054,SCH-00003,BIS Scheme-I (ISI Mark),PROD-00169,Rapid Hardening Portland Cement - Specification,CERTIFIABLE_UNDER,related_scheme_text,related_scheme_text,BIS Scheme-I (ISI Mark),,F012,BIS_Products_Full_Information.xlsx,Products_Details,15,1.00,
REL-SCHEME-0000055,SCH-00003,BIS Scheme-I (ISI Mark),PROD-00306,White Portland Cement - Specification,CERTIFIABLE_UNDER,related_scheme_text,related_scheme_text,BIS Scheme-I (ISI Mark),,F012,BIS_Products_Full_Information.xlsx,Products_Details,16,1.00,
REL-SCHEME-0000056,SCH-00003,BIS Scheme-I (ISI Mark),PROD-00112,Hydrophobic Portland Cement - Specification,CERTIFIABLE_UNDER,related_scheme_text,related_scheme_text,BIS Scheme-I (ISI Mark),,F012,BIS_Products_Full_Information.xlsx,Products_Details,17,1.00,
REL-SCHEME-0000057,SCH-00003,BIS Scheme-I (ISI Mark),PROD-00067,Composite Cement - Specification,CERTIFIABLE_UNDER,related_scheme_text,related_scheme_text,BIS Scheme-I (ISI Mark),,F012,BIS_Products_Full_Information.xlsx,Products_Details,18,1.00,
REL-SCHEME-0000058,SCH-00005,BIS Scheme-I (ISI Mark Scheme),PROD-00214,Safety of Toys - Part 1: Safety Aspects Related to Mechanical and Physical Properties,CERTIFIABLE_UNDER,related_scheme_text,related_scheme_text,BIS Scheme-I (ISI Mark Scheme),,F012,BIS_Products_Full_Information.xlsx,Products_Details,19,1.00,
REL-SCHEME-0000059,SCH-00003,BIS Scheme-I (ISI Mark),PROD-00215,Safety of Toys (Part 2 - Flammability),CERTIFIABLE_UNDER,related_scheme_text,related_scheme_text,BIS Scheme-I (ISI Mark),,F012,BIS_Products_Full_Information.xlsx,Products_Details,20,1.00,
REL-SCHEME-0000060,SCH-00003,BIS Scheme-I (ISI Mark),PROD-00216,Safety of Toys (Part 3 - Migration of Certain Elements),CERTIFIABLE_UNDER,related_scheme_text,related_scheme_text,BIS Scheme-I (ISI Mark),,F012,BIS_Products_Full_Information.xlsx,Products_Details,21,1.00,
REL-SCHEME-0000061,SCH-00003,BIS Scheme-I (ISI Mark),PROD-00219,"Safety of Toys - Part 4: Swings, Slides and Similar Activity Toys for Domestic Use",CERTIFIABLE_UNDER,related_scheme_text,related_scheme_text,BIS Scheme-I (ISI Mark),,F012,BIS_Products_Full_Information.xlsx,Products_Details,22,1.00,
REL-SCHEME-0000062,SCH-00003,BIS Scheme-I (ISI Mark),PROD-00203,Safety of Electric Toys,CERTIFIABLE_UNDER,related_scheme_text,related_scheme_text,BIS Scheme-I (ISI Mark),,F012,BIS_Products_Full_Information.xlsx,Products_Details,23,1.00,
REL-SCHEME-0000063,SCH-00003,BIS Scheme-I (ISI Mark),PROD-00103,Flat Transparent Sheet Glass - Specification,CERTIFIABLE_UNDER,related_scheme_text,related_scheme_text,BIS Scheme-I (ISI Mark),,F012,BIS_Products_Full_Information.xlsx,Products_Details,24,1.00,
REL-SCHEME-0000064,SCH-00003,BIS Scheme-I (ISI Mark),PROD-00197,"Safety Glass - Specification - Part 1: Architectural, Building and General Purpose",CERTIFIABLE_UNDER,related_scheme_text,related_scheme_text,BIS Scheme-I (ISI Mark),,F012,BIS_Products_Full_Information.xlsx,Products_Details,25,1.00,
REL-SCHEME-0000065,SCH-00003,BIS Scheme-I (ISI Mark),PROD-00198,Safety Glass - Specification - Part 2: For Road Transport,CERTIFIABLE_UNDER,related_scheme_text,related_scheme_text,BIS Scheme-I (ISI Mark),,F012,BIS_Products_Full_Information.xlsx,Products_Details,26,1.00,
REL-SCHEME-0000066,SCH-00003,BIS Scheme-I (ISI Mark),PROD-00186,Rubber Hoses for Liquefied Petroleum Gas (LPG) - Specification - Part 1: For Commercial and Industrial Applications,CERTIFIABLE_UNDER,related_scheme_text,related_scheme_text,BIS Scheme-I (ISI Mark),,F012,BIS_Products_Full_Information.xlsx,Products_Details,27,1.00,
REL-SCHEME-0000067,SCH-00003,BIS Scheme-I (ISI Mark),PROD-00187,Rubber Hoses for Liquefied Petroleum Gas (LPG) - Specification - Part 2: For Domestic Applications,CERTIFIABLE_UNDER,related_scheme_text,related_scheme_text,BIS Scheme-I (ISI Mark),,F012,BIS_Products_Full_Information.xlsx,Products_Details,28,1.00,
REL-SCHEME-0000068,SCH-00003,BIS Scheme-I (ISI Mark),PROD-00045,Aluminium and Aluminium Alloy Corrugated Sheets - Specification,CERTIFIABLE_UNDER,related_scheme_text,related_scheme_text,BIS Scheme-I (ISI Mark),,F012,BIS_Products_Full_Information.xlsx,Products_Details,29,1.00,
REL-SCHEME-0000069,SCH-00005,BIS Scheme-I (ISI Mark Scheme),PROD-00232,Seamless Stainless Steel Pipes and Tubes - Specification,CERTIFIABLE_UNDER,related_scheme_text,related_scheme_text,BIS Scheme-I (ISI Mark Scheme),,F012,BIS_Products_Full_Information.xlsx,Products_Details,30,1.00,
REL-SCHEME-0000070,SCH-00005,BIS Scheme-I (ISI Mark Scheme),PROD-00304,Welded Stainless Steel Pipes and Tubes - Specification,CERTIFIABLE_UNDER,related_scheme_text,related_scheme_text,BIS Scheme-I (ISI Mark Scheme),,F012,BIS_Products_Full_Information.xlsx,Products_Details,31,1.00,
REL-SCHEME-0000071,SCH-00003,BIS Scheme-I (ISI Mark),PROD-00101,Flashlights - Specification,CERTIFIABLE_UNDER,related_scheme_text,related_scheme_text,BIS Scheme-I (ISI Mark),,F012,BIS_Products_Full_Information.xlsx,Products_Details,32,1.00,
REL-SCHEME-0000072,SCH-00005,BIS Scheme-I (ISI Mark Scheme),PROD-00206,Safety of Household and Similar Electrical Appliances - Part 1: General Requirements,CERTIFIABLE_UNDER,related_scheme_text,related_scheme_text,BIS Scheme-I (ISI Mark Scheme),,F012,BIS_Products_Full_Information.xlsx,Products_Details,33,1.00,
REL-SCHEME-0000073,SCH-00005,BIS Scheme-I (ISI Mark Scheme),PROD-00255,Sports Footwear - Specification - Part 1: General Purpose Sports Footwear,CERTIFIABLE_UNDER,related_scheme_text,related_scheme_text,BIS Scheme-I (ISI Mark Scheme),,F012,BIS_Products_Full_Information.xlsx,Products_Details,34,1.00,
REL-SCHEME-0000074,SCH-00003,BIS Scheme-I (ISI Mark),PROD-00256,Sports Footwear - Specification - Part 2: Performance Sports Footwear,CERTIFIABLE_UNDER,related_scheme_text,related_scheme_text,BIS Scheme-I (ISI Mark),,F012,BIS_Products_Full_Information.xlsx,Products_Details,35,1.00,
REL-SCHEME-0000075,SCH-00003,BIS Scheme-I (ISI Mark),PROD-00257,Sports Footwear - Specification - Part 3: Specialized/Outdoor & Trekking Footwear,CERTIFIABLE_UNDER,related_scheme_text,related_scheme_text,BIS Scheme-I (ISI Mark),,F012,BIS_Products_Full_Information.xlsx,Products_Details,36,1.00,
REL-SCHEME-0000076,SCH-00003,BIS Scheme-I (ISI Mark),PROD-00094,Ethylene Vinyl Acetate (EVA) Footwear - Specification,CERTIFIABLE_UNDER,related_scheme_text,related_scheme_text,BIS Scheme-I (ISI Mark),,F012,BIS_Products_Full_Information.xlsx,Products_Details,37,1.00,
REL-SCHEME-0000077,SCH-00003,BIS Scheme-I (ISI Mark),PROD-00146,Polyvinyl Chloride (PVC) Footwear - Specification,CERTIFIABLE_UNDER,related_scheme_text,related_scheme_text,BIS Scheme-I (ISI Mark),,F012,BIS_Products_Full_Information.xlsx,Products_Details,38,1.00,
REL-SCHEME-0000078,SCH-00003,BIS Scheme-I (ISI Mark),PROD-00060,Casual Footwear - Specification - Part 1: Direct Moulded Process,CERTIFIABLE_UNDER,related_scheme_text,related_scheme_text,BIS Scheme-I (ISI Mark),,F012,BIS_Products_Full_Information.xlsx,Products_Details,39,1.00,
REL-SCHEME-0000079,SCH-00003,BIS Scheme-I (ISI Mark),PROD-00061,Casual Footwear - Specification - Part 2: Stuck-On/Cemented Construction Process,CERTIFIABLE_UNDER,related_scheme_text,related_scheme_text,BIS Scheme-I (ISI Mark),,F012,BIS_Products_Full_Information.xlsx,Products_Details,40,1.00,
REL-SCHEME-0000080,SCH-00005,BIS Scheme-I (ISI Mark Scheme),PROD-00139,Personal Protective Equipment - Safety Footwear - Specification,CERTIFIABLE_UNDER,related_scheme_text,related_scheme_text,BIS Scheme-I (ISI Mark Scheme),,F012,BIS_Products_Full_Information.xlsx,Products_Details,41,1.00,
REL-SCHEME-0000081,SCH-00009,"Product Specification (Product Manual & SIT: 1, Active Licenses: 40, Labs: 13)",PROD-00313,Work Chairs - Specification,CERTIFIABLE_UNDER,related_scheme_text,related_scheme_text,"Product Specification (Product Manual & SIT: 1, Active Licenses: 40, Labs: 13)",,F013,BIS_Products_Full_Information_v2.xlsx,Products_Details,2,1.00,
REL-SCHEME-0000082,SCH-00011,"Product Specification (Scheme-I, ISI Mark)",PROD-00107,General Purpose Chairs and Stools - Specification,CERTIFIABLE_UNDER,related_scheme_text,related_scheme_text,"Product Specification (Scheme-I, ISI Mark)",,F013,BIS_Products_Full_Information_v2.xlsx,Products_Details,3,1.00,
REL-SCHEME-0000083,SCH-00010,"Product Specification (Product Manual & SIT: 1, Active Licenses: 79, Labs: 14)",PROD-00286,Tables and Desks - Specification,CERTIFIABLE_UNDER,related_scheme_text,related_scheme_text,"Product Specification (Product Manual & SIT: 1, Active Licenses: 79, Labs: 14)",,F013,BIS_Products_Full_Information_v2.xlsx,Products_Details,4,1.00,
REL-SCHEME-0000084,SCH-00011,"Product Specification (Scheme-I, ISI Mark)",PROD-00275,Storage Units - Specification,CERTIFIABLE_UNDER,related_scheme_text,related_scheme_text,"Product Specification (Scheme-I, ISI Mark)",,F013,BIS_Products_Full_Information_v2.xlsx,Products_Details,5,1.00,
REL-SCHEME-0000085,SCH-00011,"Product Specification (Scheme-I, ISI Mark)",PROD-00052,Beds - Specification,CERTIFIABLE_UNDER,related_scheme_text,related_scheme_text,"Product Specification (Scheme-I, ISI Mark)",,F013,BIS_Products_Full_Information_v2.xlsx,Products_Details,6,1.00,
REL-SCHEME-0000086,SCH-00011,"Product Specification (Scheme-I, ISI Mark)",PROD-00057,Bunk Beds and High Beds - Specification,CERTIFIABLE_UNDER,related_scheme_text,related_scheme_text,"Product Specification (Scheme-I, ISI Mark)",,F013,BIS_Products_Full_Information_v2.xlsx,Products_Details,7,1.00,
REL-SCHEME-0000087,SCH-00012,"Product Specification (Scheme-I, Mandatory ISI Mark, 440+ Licenses)",PROD-00084,Domestic Pressure Cooker - Specification (Seventh Revision),CERTIFIABLE_UNDER,related_scheme_text,related_scheme_text,"Product Specification (Scheme-I, Mandatory ISI Mark, 440+ Licenses)",,F013,BIS_Products_Full_Information_v2.xlsx,Products_Details,8,1.00,
REL-SCHEME-0000088,SCH-00004,BIS Scheme-I (ISI Mark Certification Scheme),PROD-00277,Sulphate Resisting Portland Cement,CERTIFIABLE_UNDER,related_scheme_text,related_scheme_text,BIS Scheme-I (ISI Mark Certification Scheme),,F013,BIS_Products_Full_Information_v2.xlsx,Products_Details,9,1.00,
REL-SCHEME-0000089,SCH-00003,BIS Scheme-I (ISI Mark),PROD-00123,Low Heat Portland Cement,CERTIFIABLE_UNDER,related_scheme_text,related_scheme_text,BIS Scheme-I (ISI Mark),,F013,BIS_Products_Full_Information_v2.xlsx,Products_Details,10,1.00,
REL-SCHEME-0000090,SCH-00005,BIS Scheme-I (ISI Mark Scheme),PROD-00152,Portland Pozzolana Cement - Specification - Part 1: Fly Ash Based,CERTIFIABLE_UNDER,related_scheme_text,related_scheme_text,BIS Scheme-I (ISI Mark Scheme),,F013,BIS_Products_Full_Information_v2.xlsx,Products_Details,11,1.00,
REL-SCHEME-0000091,SCH-00003,BIS Scheme-I (ISI Mark),PROD-00153,Portland Pozzolana Cement - Specification - Part 2: Calcined Clay Based,CERTIFIABLE_UNDER,related_scheme_text,related_scheme_text,BIS Scheme-I (ISI Mark),,F013,BIS_Products_Full_Information_v2.xlsx,Products_Details,12,1.00,
REL-SCHEME-0000092,SCH-00003,BIS Scheme-I (ISI Mark),PROD-00133,Ordinary Portland Cement - Specification,CERTIFIABLE_UNDER,related_scheme_text,related_scheme_text,BIS Scheme-I (ISI Mark),,F013,BIS_Products_Full_Information_v2.xlsx,Products_Details,13,1.00,
REL-SCHEME-0000093,SCH-00003,BIS Scheme-I (ISI Mark),PROD-00159,Portland Slag Cement - Specification,CERTIFIABLE_UNDER,related_scheme_text,related_scheme_text,BIS Scheme-I (ISI Mark),,F013,BIS_Products_Full_Information_v2.xlsx,Products_Details,14,1.00,
REL-SCHEME-0000094,SCH-00003,BIS Scheme-I (ISI Mark),PROD-00169,Rapid Hardening Portland Cement - Specification,CERTIFIABLE_UNDER,related_scheme_text,related_scheme_text,BIS Scheme-I (ISI Mark),,F013,BIS_Products_Full_Information_v2.xlsx,Products_Details,15,1.00,
REL-SCHEME-0000095,SCH-00003,BIS Scheme-I (ISI Mark),PROD-00306,White Portland Cement - Specification,CERTIFIABLE_UNDER,related_scheme_text,related_scheme_text,BIS Scheme-I (ISI Mark),,F013,BIS_Products_Full_Information_v2.xlsx,Products_Details,16,1.00,
REL-SCHEME-0000096,SCH-00003,BIS Scheme-I (ISI Mark),PROD-00112,Hydrophobic Portland Cement - Specification,CERTIFIABLE_UNDER,related_scheme_text,related_scheme_text,BIS Scheme-I (ISI Mark),,F013,BIS_Products_Full_Information_v2.xlsx,Products_Details,17,1.00,
REL-SCHEME-0000097,SCH-00003,BIS Scheme-I (ISI Mark),PROD-00067,Composite Cement - Specification,CERTIFIABLE_UNDER,related_scheme_text,related_scheme_text,BIS Scheme-I (ISI Mark),,F013,BIS_Products_Full_Information_v2.xlsx,Products_Details,18,1.00,
REL-SCHEME-0000098,SCH-00005,BIS Scheme-I (ISI Mark Scheme),PROD-00214,Safety of Toys - Part 1: Safety Aspects Related to Mechanical and Physical Properties,CERTIFIABLE_UNDER,related_scheme_text,related_scheme_text,BIS Scheme-I (ISI Mark Scheme),,F013,BIS_Products_Full_Information_v2.xlsx,Products_Details,19,1.00,
REL-SCHEME-0000099,SCH-00003,BIS Scheme-I (ISI Mark),PROD-00215,Safety of Toys (Part 2 - Flammability),CERTIFIABLE_UNDER,related_scheme_text,related_scheme_text,BIS Scheme-I (ISI Mark),,F013,BIS_Products_Full_Information_v2.xlsx,Products_Details,20,1.00,
REL-SCHEME-0000100,SCH-00003,BIS Scheme-I (ISI Mark),PROD-00216,Safety of Toys (Part 3 - Migration of Certain Elements),CERTIFIABLE_UNDER,related_scheme_text,related_scheme_text,BIS Scheme-I (ISI Mark),,F013,BIS_Products_Full_Information_v2.xlsx,Products_Details,21,1.00,
REL-SCHEME-0000101,SCH-00003,BIS Scheme-I (ISI Mark),PROD-00219,"Safety of Toys - Part 4: Swings, Slides and Similar Activity Toys for Domestic Use",CERTIFIABLE_UNDER,related_scheme_text,related_scheme_text,BIS Scheme-I (ISI Mark),,F013,BIS_Products_Full_Information_v2.xlsx,Products_Details,22,1.00,
REL-SCHEME-0000102,SCH-00003,BIS Scheme-I (ISI Mark),PROD-00203,Safety of Electric Toys,CERTIFIABLE_UNDER,related_scheme_text,related_scheme_text,BIS Scheme-I (ISI Mark),,F013,BIS_Products_Full_Information_v2.xlsx,Products_Details,23,1.00,
REL-SCHEME-0000103,SCH-00003,BIS Scheme-I (ISI Mark),PROD-00103,Flat Transparent Sheet Glass - Specification,CERTIFIABLE_UNDER,related_scheme_text,related_scheme_text,BIS Scheme-I (ISI Mark),,F013,BIS_Products_Full_Information_v2.xlsx,Products_Details,24,1.00,
REL-SCHEME-0000104,SCH-00003,BIS Scheme-I (ISI Mark),PROD-00197,"Safety Glass - Specification - Part 1: Architectural, Building and General Purpose",CERTIFIABLE_UNDER,related_scheme_text,related_scheme_text,BIS Scheme-I (ISI Mark),,F013,BIS_Products_Full_Information_v2.xlsx,Products_Details,25,1.00,
REL-SCHEME-0000105,SCH-00003,BIS Scheme-I (ISI Mark),PROD-00198,Safety Glass - Specification - Part 2: For Road Transport,CERTIFIABLE_UNDER,related_scheme_text,related_scheme_text,BIS Scheme-I (ISI Mark),,F013,BIS_Products_Full_Information_v2.xlsx,Products_Details,26,1.00,
REL-SCHEME-0000106,SCH-00003,BIS Scheme-I (ISI Mark),PROD-00186,Rubber Hoses for Liquefied Petroleum Gas (LPG) - Specification - Part 1: For Commercial and Industrial Applications,CERTIFIABLE_UNDER,related_scheme_text,related_scheme_text,BIS Scheme-I (ISI Mark),,F013,BIS_Products_Full_Information_v2.xlsx,Products_Details,27,1.00,
REL-SCHEME-0000107,SCH-00003,BIS Scheme-I (ISI Mark),PROD-00187,Rubber Hoses for Liquefied Petroleum Gas (LPG) - Specification - Part 2: For Domestic Applications,CERTIFIABLE_UNDER,related_scheme_text,related_scheme_text,BIS Scheme-I (ISI Mark),,F013,BIS_Products_Full_Information_v2.xlsx,Products_Details,28,1.00,
REL-SCHEME-0000108,SCH-00003,BIS Scheme-I (ISI Mark),PROD-00045,Aluminium and Aluminium Alloy Corrugated Sheets - Specification,CERTIFIABLE_UNDER,related_scheme_text,related_scheme_text,BIS Scheme-I (ISI Mark),,F013,BIS_Products_Full_Information_v2.xlsx,Products_Details,29,1.00,
REL-SCHEME-0000109,SCH-00005,BIS Scheme-I (ISI Mark Scheme),PROD-00232,Seamless Stainless Steel Pipes and Tubes - Specification,CERTIFIABLE_UNDER,related_scheme_text,related_scheme_text,BIS Scheme-I (ISI Mark Scheme),,F013,BIS_Products_Full_Information_v2.xlsx,Products_Details,30,1.00,
REL-SCHEME-0000110,SCH-00005,BIS Scheme-I (ISI Mark Scheme),PROD-00304,Welded Stainless Steel Pipes and Tubes - Specification,CERTIFIABLE_UNDER,related_scheme_text,related_scheme_text,BIS Scheme-I (ISI Mark Scheme),,F013,BIS_Products_Full_Information_v2.xlsx,Products_Details,31,1.00,
REL-SCHEME-0000111,SCH-00003,BIS Scheme-I (ISI Mark),PROD-00101,Flashlights - Specification,CERTIFIABLE_UNDER,related_scheme_text,related_scheme_text,BIS Scheme-I (ISI Mark),,F013,BIS_Products_Full_Information_v2.xlsx,Products_Details,32,1.00,
REL-SCHEME-0000112,SCH-00005,BIS Scheme-I (ISI Mark Scheme),PROD-00206,Safety of Household and Similar Electrical Appliances - Part 1: General Requirements,CERTIFIABLE_UNDER,related_scheme_text,related_scheme_text,BIS Scheme-I (ISI Mark Scheme),,F013,BIS_Products_Full_Information_v2.xlsx,Products_Details,33,1.00,
REL-SCHEME-0000113,SCH-00005,BIS Scheme-I (ISI Mark Scheme),PROD-00255,Sports Footwear - Specification - Part 1: General Purpose Sports Footwear,CERTIFIABLE_UNDER,related_scheme_text,related_scheme_text,BIS Scheme-I (ISI Mark Scheme),,F013,BIS_Products_Full_Information_v2.xlsx,Products_Details,34,1.00,
REL-SCHEME-0000114,SCH-00003,BIS Scheme-I (ISI Mark),PROD-00256,Sports Footwear - Specification - Part 2: Performance Sports Footwear,CERTIFIABLE_UNDER,related_scheme_text,related_scheme_text,BIS Scheme-I (ISI Mark),,F013,BIS_Products_Full_Information_v2.xlsx,Products_Details,35,1.00,
REL-SCHEME-0000115,SCH-00003,BIS Scheme-I (ISI Mark),PROD-00257,Sports Footwear - Specification - Part 3: Specialized/Outdoor & Trekking Footwear,CERTIFIABLE_UNDER,related_scheme_text,related_scheme_text,BIS Scheme-I (ISI Mark),,F013,BIS_Products_Full_Information_v2.xlsx,Products_Details,36,1.00,
REL-SCHEME-0000116,SCH-00003,BIS Scheme-I (ISI Mark),PROD-00094,Ethylene Vinyl Acetate (EVA) Footwear - Specification,CERTIFIABLE_UNDER,related_scheme_text,related_scheme_text,BIS Scheme-I (ISI Mark),,F013,BIS_Products_Full_Information_v2.xlsx,Products_Details,37,1.00,
REL-SCHEME-0000117,SCH-00003,BIS Scheme-I (ISI Mark),PROD-00146,Polyvinyl Chloride (PVC) Footwear - Specification,CERTIFIABLE_UNDER,related_scheme_text,related_scheme_text,BIS Scheme-I (ISI Mark),,F013,BIS_Products_Full_Information_v2.xlsx,Products_Details,38,1.00,
REL-SCHEME-0000118,SCH-00003,BIS Scheme-I (ISI Mark),PROD-00060,Casual Footwear - Specification - Part 1: Direct Moulded Process,CERTIFIABLE_UNDER,related_scheme_text,related_scheme_text,BIS Scheme-I (ISI Mark),,F013,BIS_Products_Full_Information_v2.xlsx,Products_Details,39,1.00,
REL-SCHEME-0000119,SCH-00003,BIS Scheme-I (ISI Mark),PROD-00061,Casual Footwear - Specification - Part 2: Stuck-On/Cemented Construction Process,CERTIFIABLE_UNDER,related_scheme_text,related_scheme_text,BIS Scheme-I (ISI Mark),,F013,BIS_Products_Full_Information_v2.xlsx,Products_Details,40,1.00,
REL-SCHEME-0000120,SCH-00005,BIS Scheme-I (ISI Mark Scheme),PROD-00139,Personal Protective Equipment - Safety Footwear - Specification,CERTIFIABLE_UNDER,related_scheme_text,related_scheme_text,BIS Scheme-I (ISI Mark Scheme),,F013,BIS_Products_Full_Information_v2.xlsx,Products_Details,41,1.00,
REL-SCHEME-0000121,SCH-00019,Foreign Manufacturers Certification Scheme (FMCS)/Certificate of Conformity,PROD-00310,Work Chairs,COVERS,related_product_text,related_product_text,Work Chairs,,F021,BIS_Scheme_IV_FMCS.xlsx,BIS_FMCS_Scheme_IV,2,1.00,
REL-SCHEME-0000122,SCH-00019,Foreign Manufacturers Certification Scheme (FMCS)/Certificate of Conformity,PROD-00106,General Purpose Chairs and Stools,COVERS,related_product_text,related_product_text,General Purpose Chairs and Stools,,F021,BIS_Scheme_IV_FMCS.xlsx,BIS_FMCS_Scheme_IV,3,1.00,
REL-SCHEME-0000123,SCH-00019,Foreign Manufacturers Certification Scheme (FMCS)/Certificate of Conformity,PROD-00285,Tables and Desks,COVERS,related_product_text,related_product_text,Tables and Desks,,F021,BIS_Scheme_IV_FMCS.xlsx,BIS_FMCS_Scheme_IV,4,1.00,
REL-SCHEME-0000124,SCH-00019,Foreign Manufacturers Certification Scheme (FMCS)/Certificate of Conformity,PROD-00274,Storage Units,COVERS,related_product_text,related_product_text,Storage Units,,F021,BIS_Scheme_IV_FMCS.xlsx,BIS_FMCS_Scheme_IV,5,1.00,
REL-SCHEME-0000125,SCH-00019,Foreign Manufacturers Certification Scheme (FMCS)/Certificate of Conformity,PROD-00051,Beds,COVERS,related_product_text,related_product_text,Beds,,F021,BIS_Scheme_IV_FMCS.xlsx,BIS_FMCS_Scheme_IV,6,1.00,
REL-SCHEME-0000126,SCH-00019,Foreign Manufacturers Certification Scheme (FMCS)/Certificate of Conformity,PROD-00055,Bunk Beds,COVERS,related_product_text,related_product_text,Bunk Beds,,F021,BIS_Scheme_IV_FMCS.xlsx,BIS_FMCS_Scheme_IV,7,1.00,
REL-SCHEME-0000127,SCH-00019,Foreign Manufacturers Certification Scheme (FMCS)/Certificate of Conformity,PROD-00085,Domestic Pressure Cookers,COVERS,related_product_text,related_product_text,Domestic Pressure Cookers,,F021,BIS_Scheme_IV_FMCS.xlsx,BIS_FMCS_Scheme_IV,8,1.00,
REL-SCHEME-0000128,SCH-00019,Foreign Manufacturers Certification Scheme (FMCS)/Certificate of Conformity,PROD-00277,Sulphate Resisting Portland Cement,COVERS,related_product_text,related_product_text,Sulphate Resisting Portland Cement,,F021,BIS_Scheme_IV_FMCS.xlsx,BIS_FMCS_Scheme_IV,9,1.00,
REL-SCHEME-0000129,SCH-00019,Foreign Manufacturers Certification Scheme (FMCS)/Certificate of Conformity,PROD-00123,Low Heat Portland Cement,COVERS,related_product_text,related_product_text,Low heat Portland Cement,,F021,BIS_Scheme_IV_FMCS.xlsx,BIS_FMCS_Scheme_IV,10,1.00,
REL-SCHEME-0000130,SCH-00019,Foreign Manufacturers Certification Scheme (FMCS)/Certificate of Conformity,PROD-00148,Portland Pozzolana Cement (Fly-ash based),COVERS,related_product_text,related_product_text,Portland Pozzolana Cement (Fly-ash based),,F021,BIS_Scheme_IV_FMCS.xlsx,BIS_FMCS_Scheme_IV,11,1.00,
REL-SCHEME-0000131,SCH-00019,Foreign Manufacturers Certification Scheme (FMCS)/Certificate of Conformity,PROD-00147,Portland Pozzolana Cement (Calcined clay based),COVERS,related_product_text,related_product_text,Portland Pozzolana Cement (Calcined clay based),,F021,BIS_Scheme_IV_FMCS.xlsx,BIS_FMCS_Scheme_IV,12,1.00,
REL-SCHEME-0000132,SCH-00019,Foreign Manufacturers Certification Scheme (FMCS)/Certificate of Conformity,PROD-00131,Ordinary Portland Cement,COVERS,related_product_text,related_product_text,Ordinary Portland Cement,,F021,BIS_Scheme_IV_FMCS.xlsx,BIS_FMCS_Scheme_IV,13,1.00,
REL-SCHEME-0000133,SCH-00019,Foreign Manufacturers Certification Scheme (FMCS)/Certificate of Conformity,PROD-00158,Portland Slag Cement,COVERS,related_product_text,related_product_text,Portland Slag Cement,,F021,BIS_Scheme_IV_FMCS.xlsx,BIS_FMCS_Scheme_IV,14,1.00,
REL-SCHEME-0000134,SCH-00019,Foreign Manufacturers Certification Scheme (FMCS)/Certificate of Conformity,PROD-00168,Rapid Hardening Portland Cement,COVERS,related_product_text,related_product_text,Rapid hardening Portland cement,,F021,BIS_Scheme_IV_FMCS.xlsx,BIS_FMCS_Scheme_IV,15,1.00,
REL-SCHEME-0000135,SCH-00019,Foreign Manufacturers Certification Scheme (FMCS)/Certificate of Conformity,PROD-00305,White Portland Cement,COVERS,related_product_text,related_product_text,White Portland Cement,,F021,BIS_Scheme_IV_FMCS.xlsx,BIS_FMCS_Scheme_IV,16,1.00,
REL-SCHEME-0000136,SCH-00019,Foreign Manufacturers Certification Scheme (FMCS)/Certificate of Conformity,PROD-00111,Hydrophobic Portland Cement,COVERS,related_product_text,related_product_text,Hydrophobic Portland Cement,,F021,BIS_Scheme_IV_FMCS.xlsx,BIS_FMCS_Scheme_IV,17,1.00,
REL-SCHEME-0000137,SCH-00019,Foreign Manufacturers Certification Scheme (FMCS)/Certificate of Conformity,PROD-00066,Composite Cement,COVERS,related_product_text,related_product_text,Composite Cement,,F021,BIS_Scheme_IV_FMCS.xlsx,BIS_FMCS_Scheme_IV,18,1.00,
REL-SCHEME-0000138,SCH-00019,Foreign Manufacturers Certification Scheme (FMCS)/Certificate of Conformity,PROD-00211,Safety of Toys - Mechanical and Physical Properties,COVERS,related_product_text,related_product_text,Safety of Toys: Mechanical and Physical Properties,,F021,BIS_Scheme_IV_FMCS.xlsx,BIS_FMCS_Scheme_IV,19,1.00,
REL-SCHEME-0000139,SCH-00019,Foreign Manufacturers Certification Scheme (FMCS)/Certificate of Conformity,PROD-00210,Safety of Toys - Flammability,COVERS,related_product_text,related_product_text,Safety of Toys: Flammability,,F021,BIS_Scheme_IV_FMCS.xlsx,BIS_FMCS_Scheme_IV,20,1.00,
REL-SCHEME-0000140,SCH-00019,Foreign Manufacturers Certification Scheme (FMCS)/Certificate of Conformity,PROD-00212,Safety of Toys - Migration of Certain Elements,COVERS,related_product_text,related_product_text,Safety of Toys: Migration of Certain Elements,,F021,BIS_Scheme_IV_FMCS.xlsx,BIS_FMCS_Scheme_IV,21,1.00,
REL-SCHEME-0000141,SCH-00019,Foreign Manufacturers Certification Scheme (FMCS)/Certificate of Conformity,PROD-00220,Safety of Toys: Swings,COVERS,related_product_text,related_product_text,Safety of Toys: Swings,,F021,BIS_Scheme_IV_FMCS.xlsx,BIS_FMCS_Scheme_IV,22,1.00,
REL-SCHEME-0000142,SCH-00019,Foreign Manufacturers Certification Scheme (FMCS)/Certificate of Conformity,PROD-00239,Slides and Similar Activity Toys,COVERS,related_product_text,related_product_text,Slides and Similar Activity Toys,,F021,BIS_Scheme_IV_FMCS.xlsx,BIS_FMCS_Scheme_IV,22,1.00,
REL-SCHEME-0000143,SCH-00019,Foreign Manufacturers Certification Scheme (FMCS)/Certificate of Conformity,PROD-00203,Safety of Electric Toys,COVERS,related_product_text,related_product_text,Safety of Electric Toys,,F021,BIS_Scheme_IV_FMCS.xlsx,BIS_FMCS_Scheme_IV,23,1.00,
REL-SCHEME-0000144,SCH-00019,Foreign Manufacturers Certification Scheme (FMCS)/Certificate of Conformity,PROD-00102,Flat Transparent Sheet Glass,COVERS,related_product_text,related_product_text,Flat Transparent Sheet Glass,,F021,BIS_Scheme_IV_FMCS.xlsx,BIS_FMCS_Scheme_IV,24,1.00,
REL-SCHEME-0000145,SCH-00019,Foreign Manufacturers Certification Scheme (FMCS)/Certificate of Conformity,PROD-00189,Safety Glass: Architectural,COVERS,related_product_text,related_product_text,Safety Glass: Architectural,,F021,BIS_Scheme_IV_FMCS.xlsx,BIS_FMCS_Scheme_IV,25,1.00,
REL-SCHEME-0000146,SCH-00019,Foreign Manufacturers Certification Scheme (FMCS)/Certificate of Conformity,PROD-00054,Building and General Uses,COVERS,related_product_text,related_product_text,Building and General Uses,,F021,BIS_Scheme_IV_FMCS.xlsx,BIS_FMCS_Scheme_IV,25,1.00,
REL-SCHEME-0000147,SCH-00019,Foreign Manufacturers Certification Scheme (FMCS)/Certificate of Conformity,PROD-00193,Safety Glass (For Road Transport),COVERS,related_product_text,related_product_text,Safety Glass: For Road Transport,,F021,BIS_Scheme_IV_FMCS.xlsx,BIS_FMCS_Scheme_IV,26,1.00,
REL-SCHEME-0000148,SCH-00019,Foreign Manufacturers Certification Scheme (FMCS)/Certificate of Conformity,PROD-00174,Rubber Hose for Liquefied Petroleum Gas (LPG): Industrial Application,COVERS,related_product_text,related_product_text,Rubber Hose for Liquefied Petroleum Gas (LPG): Industrial Application,,F021,BIS_Scheme_IV_FMCS.xlsx,BIS_FMCS_Scheme_IV,27,1.00,
REL-SCHEME-0000149,SCH-00019,Foreign Manufacturers Certification Scheme (FMCS)/Certificate of Conformity,PROD-00173,Rubber Hose for Liquefied Petroleum Gas (LPG): Domestic and Commercial Application,COVERS,related_product_text,related_product_text,Rubber Hose for Liquefied Petroleum Gas (LPG): Domestic and Commercial Application,,F021,BIS_Scheme_IV_FMCS.xlsx,BIS_FMCS_Scheme_IV,28,1.00,
REL-SCHEME-0000150,SCH-00019,Foreign Manufacturers Certification Scheme (FMCS)/Certificate of Conformity,PROD-00044,Aluminium and Aluminium Alloy Bare Foil for Food Packaging,COVERS,related_product_text,related_product_text,Aluminium and Aluminium Alloy Bare Foil for Food Packaging,,F021,BIS_Scheme_IV_FMCS.xlsx,BIS_FMCS_Scheme_IV,29,1.00,
REL-SCHEME-0000151,SCH-00019,Foreign Manufacturers Certification Scheme (FMCS)/Certificate of Conformity,PROD-00264,Stainless Steel Seamless Pipes and Tubes,COVERS,related_product_text,related_product_text,Stainless Steel Seamless Pipes and Tubes,,F021,BIS_Scheme_IV_FMCS.xlsx,BIS_FMCS_Scheme_IV,30,1.00,
REL-SCHEME-0000152,SCH-00019,Foreign Manufacturers Certification Scheme (FMCS)/Certificate of Conformity,PROD-00267,Stainless Steel Welded Pipes and Tubes,COVERS,related_product_text,related_product_text,Stainless Steel Welded Pipes and Tubes,,F021,BIS_Scheme_IV_FMCS.xlsx,BIS_FMCS_Scheme_IV,31,1.00,
REL-SCHEME-0000153,SCH-00019,Foreign Manufacturers Certification Scheme (FMCS)/Certificate of Conformity,PROD-00098,Flashlight: Specification,COVERS,related_product_text,related_product_text,Flashlight: Specification,,F021,BIS_Scheme_IV_FMCS.xlsx,BIS_FMCS_Scheme_IV,32,1.00,
REL-SCHEME-0000154,SCH-00019,Foreign Manufacturers Certification Scheme (FMCS)/Certificate of Conformity,PROD-00208,"Safety of Household, Commercial and Similar Electrical Appliances: General Requirements (aligned with IEC 60335-1:2020)",COVERS,related_product_text,related_product_text,"Safety of Household, Commercial and Similar Electrical Appliances: General Requirements (aligned with IEC 60335-1:2020)",,F021,BIS_Scheme_IV_FMCS.xlsx,BIS_FMCS_Scheme_IV,33,1.00,
REL-SCHEME-0000155,SCH-00019,Foreign Manufacturers Certification Scheme (FMCS)/Certificate of Conformity,PROD-00243,Sports Footwear for General Purpose,COVERS,related_product_text,related_product_text,Sports Footwear for General Purpose,,F021,BIS_Scheme_IV_FMCS.xlsx,BIS_FMCS_Scheme_IV,34,1.00,
REL-SCHEME-0000156,SCH-00019,Foreign Manufacturers Certification Scheme (FMCS)/Certificate of Conformity,PROD-00245,Sports Footwear for Performance Sports Footwear,COVERS,related_product_text,related_product_text,Sports Footwear for Performance Sports Footwear,,F021,BIS_Scheme_IV_FMCS.xlsx,BIS_FMCS_Scheme_IV,35,1.00,
REL-SCHEME-0000157,SCH-00019,Foreign Manufacturers Certification Scheme (FMCS)/Certificate of Conformity,PROD-00247,Sports Footwear for Professional Sports Footwear,COVERS,related_product_text,related_product_text,Sports Footwear for Professional Sports Footwear,,F021,BIS_Scheme_IV_FMCS.xlsx,BIS_FMCS_Scheme_IV,36,1.00,
REL-SCHEME-0000158,SCH-00019,Foreign Manufacturers Certification Scheme (FMCS)/Certificate of Conformity,PROD-00109,High Ankle Tactical Boots with PU-Rubber Sole,COVERS,related_product_text,related_product_text,High Ankle Tactical Boots with PU-Rubber Sole,,F021,BIS_Scheme_IV_FMCS.xlsx,BIS_FMCS_Scheme_IV,37,1.00,
REL-SCHEME-0000159,SCH-00019,Foreign Manufacturers Certification Scheme (FMCS)/Certificate of Conformity,PROD-00048,Antiriot shoes,COVERS,related_product_text,related_product_text,Antiriot Shoes,,F021,BIS_Scheme_IV_FMCS.xlsx,BIS_FMCS_Scheme_IV,38,1.00,
REL-SCHEME-0000160,SCH-00019,Foreign Manufacturers Certification Scheme (FMCS)/Certificate of Conformity,PROD-00236,Shoes for Services,COVERS,related_product_text,related_product_text,Shoes for Services,,F021,BIS_Scheme_IV_FMCS.xlsx,BIS_FMCS_Scheme_IV,39,1.00,
REL-SCHEME-0000161,SCH-00019,Foreign Manufacturers Certification Scheme (FMCS)/Certificate of Conformity,PROD-00235,Shoes for General Purpose,COVERS,related_product_text,related_product_text,Shoes for General Purpose,,F021,BIS_Scheme_IV_FMCS.xlsx,BIS_FMCS_Scheme_IV,40,1.00,
REL-SCHEME-0000162,SCH-00019,Foreign Manufacturers Certification Scheme (FMCS)/Certificate of Conformity,PROD-00137,Personal Protective Equipment - Safety Footwear,COVERS,related_product_text,related_product_text,Personal Protective Equipment: Safety Footwear,,F021,BIS_Scheme_IV_FMCS.xlsx,BIS_FMCS_Scheme_IV,41,1.00,
REL-SCHEME-0000163,SCH-00013,BIS Scheme X Certification (Imports and Heavy Industrial/Electrical Product Regulation),PROD-00002,AC Circuit-Breakers (Category A & B),COVERS,related_product_text,related_product_text,AC Circuit-Breakers (Category A & B),,F022,BIS_Scheme_X_Industrial.xlsx,BIS_Scheme_X,2,1.00,
REL-SCHEME-0000164,SCH-00013,BIS Scheme X Certification (Imports and Heavy Industrial/Electrical Product Regulation),PROD-00283,"Switches, Disconnectors, Switch-Disconnectors, and Fuse-Combination Units",COVERS,related_product_text,related_product_text,"Switches, Disconnectors, Switch-Disconnectors, and Fuse-Combination Units",,F022,BIS_Scheme_X_Industrial.xlsx,BIS_Scheme_X,3,1.00,
REL-SCHEME-0000165,SCH-00013,BIS Scheme X Certification (Imports and Heavy Industrial/Electrical Product Regulation),PROD-00071,Contactors and Motor-Starters (Electromechanical & Semiconductor),COVERS,related_product_text,related_product_text,Contactors and Motor-Starters (Electromechanical & Semiconductor),,F022,BIS_Scheme_X_Industrial.xlsx,BIS_Scheme_X,4,1.00,
REL-SCHEME-0000166,SCH-00013,BIS Scheme X Certification (Imports and Heavy Industrial/Electrical Product Regulation),PROD-00072,Control Circuit Devices and Proximity Switches,COVERS,related_product_text,related_product_text,Control Circuit Devices and Proximity Switches,,F022,BIS_Scheme_X_Industrial.xlsx,BIS_Scheme_X,5,1.00,
REL-SCHEME-0000167,SCH-00013,BIS Scheme X Certification (Imports and Heavy Industrial/Electrical Product Regulation),PROD-00167,"Pumps, Compressors, Furnaces, Centrifuges, Cranes, Earthmoving/Mining Machinery, Weaving/Textile Looms, Machine Tools, Rubber/Plastics Machinery, Gearboxes, Rotary Electrical Machines, Diesel Generators, Transformers, Power Semiconductor Converters, and Switchgear/Controlgear (>1000V & <=1000V)",COVERS,related_product_text,related_product_text,"Pumps, Compressors, Furnaces, Centrifuges, Cranes, Earthmoving/Mining Machinery, Weaving/Textile Looms, Machine Tools, Rubber/Plastics Machinery, Gearboxes, Rotary Electrical Machines, Diesel Generators, Transformers, Power Semiconductor Converters, and Switchgear/Controlgear (>1000V & <=1000V)",,F022,BIS_Scheme_X_Industrial.xlsx,BIS_Scheme_X,6,1.00,
REL-SCHEME-0000168,SCH-00013,BIS Scheme X Certification (Imports and Heavy Industrial/Electrical Product Regulation),PROD-00002,AC Circuit-Breakers (Category A & B),COVERS,related_product_text,related_product_text,AC Circuit-Breakers (Category A & B),,F023,BIS_Scheme_X_Industrial_v2.xlsx,BIS_Scheme_X,2,1.00,
REL-SCHEME-0000169,SCH-00013,BIS Scheme X Certification (Imports and Heavy Industrial/Electrical Product Regulation),PROD-00283,"Switches, Disconnectors, Switch-Disconnectors, and Fuse-Combination Units",COVERS,related_product_text,related_product_text,"Switches, Disconnectors, Switch-Disconnectors, and Fuse-Combination Units",,F023,BIS_Scheme_X_Industrial_v2.xlsx,BIS_Scheme_X,3,1.00,
REL-SCHEME-0000170,SCH-00013,BIS Scheme X Certification (Imports and Heavy Industrial/Electrical Product Regulation),PROD-00071,Contactors and Motor-Starters (Electromechanical & Semiconductor),COVERS,related_product_text,related_product_text,Contactors and Motor-Starters (Electromechanical & Semiconductor),,F023,BIS_Scheme_X_Industrial_v2.xlsx,BIS_Scheme_X,4,1.00,
REL-SCHEME-0000171,SCH-00013,BIS Scheme X Certification (Imports and Heavy Industrial/Electrical Product Regulation),PROD-00072,Control Circuit Devices and Proximity Switches,COVERS,related_product_text,related_product_text,Control Circuit Devices and Proximity Switches,,F023,BIS_Scheme_X_Industrial_v2.xlsx,BIS_Scheme_X,5,1.00,
REL-SCHEME-0000172,SCH-00013,BIS Scheme X Certification (Imports and Heavy Industrial/Electrical Product Regulation),PROD-00167,"Pumps, Compressors, Furnaces, Centrifuges, Cranes, Earthmoving/Mining Machinery, Weaving/Textile Looms, Machine Tools, Rubber/Plastics Machinery, Gearboxes, Rotary Electrical Machines, Diesel Generators, Transformers, Power Semiconductor Converters, and Switchgear/Controlgear (>1000V & <=1000V)",COVERS,related_product_text,related_product_text,"Pumps, Compressors, Furnaces, Centrifuges, Cranes, Earthmoving/Mining Machinery, Weaving/Textile Looms, Machine Tools, Rubber/Plastics Machinery, Gearboxes, Rotary Electrical Machines, Diesel Generators, Transformers, Power Semiconductor Converters, and Switchgear/Controlgear (>1000V & <=1000V)",,F023,BIS_Scheme_X_Industrial_v2.xlsx,BIS_Scheme_X,6,1.00,
REL-SCHEME-0000173,SCH-00001,Scheme – I (ISI Mark Scheme),PROD-00310,Work Chairs,COVERS,related_product_text,related_product_text,Work Chairs,,F024,BIS_Schemes_Master.xlsx,BIS_Schemes_Master,2,1.00,
REL-SCHEME-0000174,SCH-00001,Scheme – I (ISI Mark Scheme),PROD-00064,Chairs and Stools (General Purpose),COVERS,related_product_text,related_product_text,Chairs and Stools (General Purpose),,F024,BIS_Schemes_Master.xlsx,BIS_Schemes_Master,3,1.00,
REL-SCHEME-0000175,SCH-00001,Scheme – I (ISI Mark Scheme),PROD-00285,Tables and Desks,COVERS,related_product_text,related_product_text,Tables and Desks,,F024,BIS_Schemes_Master.xlsx,BIS_Schemes_Master,4,1.00,
REL-SCHEME-0000176,SCH-00001,Scheme – I (ISI Mark Scheme),PROD-00274,Storage Units,COVERS,related_product_text,related_product_text,Storage Units,,F024,BIS_Schemes_Master.xlsx,BIS_Schemes_Master,5,1.00,
REL-SCHEME-0000177,SCH-00001,Scheme – I (ISI Mark Scheme),PROD-00051,Beds,COVERS,related_product_text,related_product_text,Beds,,F024,BIS_Schemes_Master.xlsx,BIS_Schemes_Master,6,1.00,
REL-SCHEME-0000178,SCH-00001,Scheme – I (ISI Mark Scheme),PROD-00055,Bunk Beds,COVERS,related_product_text,related_product_text,Bunk Beds,,F024,BIS_Schemes_Master.xlsx,BIS_Schemes_Master,7,1.00,
REL-SCHEME-0000179,SCH-00001,Scheme – I (ISI Mark Scheme),PROD-00083,Domestic Pressure Cooker,COVERS,related_product_text,related_product_text,Domestic Pressure Cooker,,F024,BIS_Schemes_Master.xlsx,BIS_Schemes_Master,8,1.00,
REL-SCHEME-0000180,SCH-00001,Scheme – I (ISI Mark Scheme),PROD-00277,Sulphate Resisting Portland Cement,COVERS,related_product_text,related_product_text,Sulphate Resisting Portland Cement,,F024,BIS_Schemes_Master.xlsx,BIS_Schemes_Master,9,1.00,
REL-SCHEME-0000181,SCH-00001,Scheme – I (ISI Mark Scheme),PROD-00123,Low Heat Portland Cement,COVERS,related_product_text,related_product_text,Low Heat Portland Cement,,F024,BIS_Schemes_Master.xlsx,BIS_Schemes_Master,10,1.00,
REL-SCHEME-0000182,SCH-00001,Scheme – I (ISI Mark Scheme),PROD-00149,Portland Pozzolana Cement - Part 1 (Fly-ash based),COVERS,related_product_text,related_product_text,Portland Pozzolana Cement - Part 1 (Fly-ash based),,F024,BIS_Schemes_Master.xlsx,BIS_Schemes_Master,11,1.00,
REL-SCHEME-0000183,SCH-00001,Scheme – I (ISI Mark Scheme),PROD-00151,Portland Pozzolana Cement (Part 2 - Calcined Clay Based),COVERS,related_product_text,related_product_text,Portland Pozzolana Cement - Part 2 (Calcined clay based),,F024,BIS_Schemes_Master.xlsx,BIS_Schemes_Master,12,1.00,
REL-SCHEME-0000184,SCH-00001,Scheme – I (ISI Mark Scheme),PROD-00132,"Ordinary Portland Cement (33, 43, 53 grades)",COVERS,related_product_text,related_product_text,"Ordinary Portland Cement (33, 43, 53 grades)",,F024,BIS_Schemes_Master.xlsx,BIS_Schemes_Master,13,1.00,
REL-SCHEME-0000185,SCH-00001,Scheme – I (ISI Mark Scheme),PROD-00158,Portland Slag Cement,COVERS,related_product_text,related_product_text,Portland Slag Cement,,F024,BIS_Schemes_Master.xlsx,BIS_Schemes_Master,14,1.00,
REL-SCHEME-0000186,SCH-00001,Scheme – I (ISI Mark Scheme),PROD-00168,Rapid Hardening Portland Cement,COVERS,related_product_text,related_product_text,Rapid Hardening Portland Cement,,F024,BIS_Schemes_Master.xlsx,BIS_Schemes_Master,15,1.00,
REL-SCHEME-0000187,SCH-00001,Scheme – I (ISI Mark Scheme),PROD-00305,White Portland Cement,COVERS,related_product_text,related_product_text,White Portland Cement,,F024,BIS_Schemes_Master.xlsx,BIS_Schemes_Master,16,1.00,
REL-SCHEME-0000188,SCH-00001,Scheme – I (ISI Mark Scheme),PROD-00111,Hydrophobic Portland Cement,COVERS,related_product_text,related_product_text,Hydrophobic Portland Cement,,F024,BIS_Schemes_Master.xlsx,BIS_Schemes_Master,17,1.00,
REL-SCHEME-0000189,SCH-00001,Scheme – I (ISI Mark Scheme),PROD-00066,Composite Cement,COVERS,related_product_text,related_product_text,Composite Cement,,F024,BIS_Schemes_Master.xlsx,BIS_Schemes_Master,18,1.00,
REL-SCHEME-0000190,SCH-00001,Scheme – I (ISI Mark Scheme),PROD-00213,Safety of Toys (Part 1 - Mechanical and Physical Properties),COVERS,related_product_text,related_product_text,Safety of Toys - Part 1: Mechanical and Physical Properties,,F024,BIS_Schemes_Master.xlsx,BIS_Schemes_Master,19,1.00,
REL-SCHEME-0000191,SCH-00001,Scheme – I (ISI Mark Scheme),PROD-00215,Safety of Toys (Part 2 - Flammability),COVERS,related_product_text,related_product_text,Safety of Toys - Part 2: Flammability,,F024,BIS_Schemes_Master.xlsx,BIS_Schemes_Master,20,1.00,
REL-SCHEME-0000192,SCH-00001,Scheme – I (ISI Mark Scheme),PROD-00216,Safety of Toys (Part 3 - Migration of Certain Elements),COVERS,related_product_text,related_product_text,Safety of Toys - Part 3: Migration of Certain Elements,,F024,BIS_Schemes_Master.xlsx,BIS_Schemes_Master,21,1.00,
REL-SCHEME-0000193,SCH-00001,Scheme – I (ISI Mark Scheme),PROD-00217,Safety of Toys - Part 4: Swings,COVERS,related_product_text,related_product_text,Safety of Toys - Part 4: Swings,,F024,BIS_Schemes_Master.xlsx,BIS_Schemes_Master,22,1.00,
REL-SCHEME-0000194,SCH-00001,Scheme – I (ISI Mark Scheme),PROD-00239,Slides and Similar Activity Toys,COVERS,related_product_text,related_product_text,Slides and Similar Activity Toys,,F024,BIS_Schemes_Master.xlsx,BIS_Schemes_Master,22,1.00,
REL-SCHEME-0000195,SCH-00001,Scheme – I (ISI Mark Scheme),PROD-00203,Safety of Electric Toys,COVERS,related_product_text,related_product_text,Safety of Electric Toys,,F024,BIS_Schemes_Master.xlsx,BIS_Schemes_Master,23,1.00,
REL-SCHEME-0000196,SCH-00001,Scheme – I (ISI Mark Scheme),PROD-00102,Flat Transparent Sheet Glass,COVERS,related_product_text,related_product_text,Flat Transparent Sheet Glass,,F024,BIS_Schemes_Master.xlsx,BIS_Schemes_Master,24,1.00,
REL-SCHEME-0000197,SCH-00001,Scheme – I (ISI Mark Scheme),PROD-00192,"Safety Glass (Architectural, Building and General uses)",COVERS,related_product_text,related_product_text,"Safety Glass (Architectural, Building and General uses)",,F024,BIS_Schemes_Master.xlsx,BIS_Schemes_Master,25,1.00,
REL-SCHEME-0000198,SCH-00001,Scheme – I (ISI Mark Scheme),PROD-00193,Safety Glass (For Road Transport),COVERS,related_product_text,related_product_text,Safety Glass (For Road Transport),,F024,BIS_Schemes_Master.xlsx,BIS_Schemes_Master,26,1.00,
REL-SCHEME-0000199,SCH-00001,Scheme – I (ISI Mark Scheme),PROD-00178,Rubber Hose for LPG (Industrial Application),COVERS,related_product_text,related_product_text,Rubber Hose for LPG (Industrial Application),,F024,BIS_Schemes_Master.xlsx,BIS_Schemes_Master,27,1.00,
REL-SCHEME-0000200,SCH-00001,Scheme – I (ISI Mark Scheme),PROD-00175,Rubber Hose for LPG (Domestic and Commercial Application),COVERS,related_product_text,related_product_text,Rubber Hose for LPG (Domestic and Commercial Application),,F024,BIS_Schemes_Master.xlsx,BIS_Schemes_Master,28,1.00,
REL-SCHEME-0000201,SCH-00001,Scheme – I (ISI Mark Scheme),PROD-00044,Aluminium and Aluminium Alloy Bare Foil for Food Packaging,COVERS,related_product_text,related_product_text,Aluminium and Aluminium Alloy Bare Foil for Food Packaging,,F024,BIS_Schemes_Master.xlsx,BIS_Schemes_Master,29,1.00,
REL-SCHEME-0000202,SCH-00001,Scheme – I (ISI Mark Scheme),PROD-00265,Stainless Steel Seamless Pipes and Tubes for General Service,COVERS,related_product_text,related_product_text,Stainless Steel Seamless Pipes and Tubes for General Service,,F024,BIS_Schemes_Master.xlsx,BIS_Schemes_Master,30,1.00,
REL-SCHEME-0000203,SCH-00001,Scheme – I (ISI Mark Scheme),PROD-00268,Stainless Steel Welded Pipes and Tubes for General Service,COVERS,related_product_text,related_product_text,Stainless Steel Welded Pipes and Tubes for General Service,,F024,BIS_Schemes_Master.xlsx,BIS_Schemes_Master,31,1.00,
REL-SCHEME-0000204,SCH-00001,Scheme – I (ISI Mark Scheme),PROD-00099,Flashlights/Portable Lighting Devices,COVERS,related_product_text,related_product_text,Flashlights / Portable Lighting Devices,,F024,BIS_Schemes_Master.xlsx,BIS_Schemes_Master,32,1.00,
REL-SCHEME-0000205,SCH-00001,Scheme – I (ISI Mark Scheme),PROD-00108,General Safety Requirements for Household and Similar Electrical Appliances,COVERS,related_product_text,related_product_text,General Safety Requirements for Household and Similar Electrical Appliances,,F024,BIS_Schemes_Master.xlsx,BIS_Schemes_Master,33,1.00,
REL-SCHEME-0000206,SCH-00001,Scheme – I (ISI Mark Scheme),PROD-00243,Sports Footwear for General Purpose,COVERS,related_product_text,related_product_text,Sports Footwear for General Purpose,,F024,BIS_Schemes_Master.xlsx,BIS_Schemes_Master,34,1.00,
REL-SCHEME-0000207,SCH-00001,Scheme – I (ISI Mark Scheme),PROD-00244,Sports Footwear for Performance Sports,COVERS,related_product_text,related_product_text,Sports Footwear for Performance Sports,,F024,BIS_Schemes_Master.xlsx,BIS_Schemes_Master,35,1.00,
REL-SCHEME-0000208,SCH-00001,Scheme – I (ISI Mark Scheme),PROD-00246,Sports Footwear for Professional Sports,COVERS,related_product_text,related_product_text,Sports Footwear for Professional Sports,,F024,BIS_Schemes_Master.xlsx,BIS_Schemes_Master,36,1.00,
REL-SCHEME-0000209,SCH-00001,Scheme – I (ISI Mark Scheme),PROD-00109,High Ankle Tactical Boots with PU-Rubber Sole,COVERS,related_product_text,related_product_text,High Ankle Tactical Boots with PU-Rubber Sole,,F024,BIS_Schemes_Master.xlsx,BIS_Schemes_Master,37,1.00,
REL-SCHEME-0000210,SCH-00001,Scheme – I (ISI Mark Scheme),PROD-00048,Antiriot shoes,COVERS,related_product_text,related_product_text,Antiriot Shoes,,F024,BIS_Schemes_Master.xlsx,BIS_Schemes_Master,38,1.00,
REL-SCHEME-0000211,SCH-00001,Scheme – I (ISI Mark Scheme),PROD-00236,Shoes for Services,COVERS,related_product_text,related_product_text,Shoes for Services,,F024,BIS_Schemes_Master.xlsx,BIS_Schemes_Master,39,1.00,
REL-SCHEME-0000212,SCH-00001,Scheme – I (ISI Mark Scheme),PROD-00235,Shoes for General Purpose,COVERS,related_product_text,related_product_text,Shoes for General Purpose,,F024,BIS_Schemes_Master.xlsx,BIS_Schemes_Master,40,1.00,
REL-SCHEME-0000213,SCH-00001,Scheme – I (ISI Mark Scheme),PROD-00140,Personal Protective Equipment – Safety Footwear,COVERS,related_product_text,related_product_text,Personal Protective Equipment – Safety Footwear,,F024,BIS_Schemes_Master.xlsx,BIS_Schemes_Master,41,1.00,
REL-SCHEME-0000214,SCH-00002,Scheme – II (Conformity Assessment/Registration),PROD-00310,Work Chairs,COVERS,related_product_text,related_product_text,Work Chairs,,F025,BIS_Schemes_Master_Scheme_2.xlsx,BIS_Schemes_Master_Scheme_2,2,1.00,
REL-SCHEME-0000215,SCH-00002,Scheme – II (Conformity Assessment/Registration),PROD-00064,Chairs and Stools (General Purpose),COVERS,related_product_text,related_product_text,Chairs and Stools (General Purpose),,F025,BIS_Schemes_Master_Scheme_2.xlsx,BIS_Schemes_Master_Scheme_2,3,1.00,
REL-SCHEME-0000216,SCH-00002,Scheme – II (Conformity Assessment/Registration),PROD-00285,Tables and Desks,COVERS,related_product_text,related_product_text,Tables and Desks,,F025,BIS_Schemes_Master_Scheme_2.xlsx,BIS_Schemes_Master_Scheme_2,4,1.00,
REL-SCHEME-0000217,SCH-00002,Scheme – II (Conformity Assessment/Registration),PROD-00274,Storage Units,COVERS,related_product_text,related_product_text,Storage Units,,F025,BIS_Schemes_Master_Scheme_2.xlsx,BIS_Schemes_Master_Scheme_2,5,1.00,
REL-SCHEME-0000218,SCH-00002,Scheme – II (Conformity Assessment/Registration),PROD-00051,Beds,COVERS,related_product_text,related_product_text,Beds,,F025,BIS_Schemes_Master_Scheme_2.xlsx,BIS_Schemes_Master_Scheme_2,6,1.00,
REL-SCHEME-0000219,SCH-00002,Scheme – II (Conformity Assessment/Registration),PROD-00055,Bunk Beds,COVERS,related_product_text,related_product_text,Bunk Beds,,F025,BIS_Schemes_Master_Scheme_2.xlsx,BIS_Schemes_Master_Scheme_2,7,1.00,
REL-SCHEME-0000220,SCH-00002,Scheme – II (Conformity Assessment/Registration),PROD-00083,Domestic Pressure Cooker,COVERS,related_product_text,related_product_text,Domestic Pressure Cooker,,F025,BIS_Schemes_Master_Scheme_2.xlsx,BIS_Schemes_Master_Scheme_2,8,1.00,
REL-SCHEME-0000221,SCH-00002,Scheme – II (Conformity Assessment/Registration),PROD-00277,Sulphate Resisting Portland Cement,COVERS,related_product_text,related_product_text,Sulphate Resisting Portland Cement,,F025,BIS_Schemes_Master_Scheme_2.xlsx,BIS_Schemes_Master_Scheme_2,9,1.00,
REL-SCHEME-0000222,SCH-00002,Scheme – II (Conformity Assessment/Registration),PROD-00123,Low Heat Portland Cement,COVERS,related_product_text,related_product_text,Low Heat Portland Cement,,F025,BIS_Schemes_Master_Scheme_2.xlsx,BIS_Schemes_Master_Scheme_2,10,1.00,
REL-SCHEME-0000223,SCH-00002,Scheme – II (Conformity Assessment/Registration),PROD-00149,Portland Pozzolana Cement - Part 1 (Fly-ash based),COVERS,related_product_text,related_product_text,Portland Pozzolana Cement - Part 1 (Fly-ash based),,F025,BIS_Schemes_Master_Scheme_2.xlsx,BIS_Schemes_Master_Scheme_2,11,1.00,
REL-SCHEME-0000224,SCH-00002,Scheme – II (Conformity Assessment/Registration),PROD-00151,Portland Pozzolana Cement (Part 2 - Calcined Clay Based),COVERS,related_product_text,related_product_text,Portland Pozzolana Cement - Part 2 (Calcined clay based),,F025,BIS_Schemes_Master_Scheme_2.xlsx,BIS_Schemes_Master_Scheme_2,12,1.00,
REL-SCHEME-0000225,SCH-00002,Scheme – II (Conformity Assessment/Registration),PROD-00132,"Ordinary Portland Cement (33, 43, 53 grades)",COVERS,related_product_text,related_product_text,"Ordinary Portland Cement (33, 43, 53 grades)",,F025,BIS_Schemes_Master_Scheme_2.xlsx,BIS_Schemes_Master_Scheme_2,13,1.00,
REL-SCHEME-0000226,SCH-00002,Scheme – II (Conformity Assessment/Registration),PROD-00158,Portland Slag Cement,COVERS,related_product_text,related_product_text,Portland Slag Cement,,F025,BIS_Schemes_Master_Scheme_2.xlsx,BIS_Schemes_Master_Scheme_2,14,1.00,
REL-SCHEME-0000227,SCH-00002,Scheme – II (Conformity Assessment/Registration),PROD-00168,Rapid Hardening Portland Cement,COVERS,related_product_text,related_product_text,Rapid Hardening Portland Cement,,F025,BIS_Schemes_Master_Scheme_2.xlsx,BIS_Schemes_Master_Scheme_2,15,1.00,
REL-SCHEME-0000228,SCH-00002,Scheme – II (Conformity Assessment/Registration),PROD-00305,White Portland Cement,COVERS,related_product_text,related_product_text,White Portland Cement,,F025,BIS_Schemes_Master_Scheme_2.xlsx,BIS_Schemes_Master_Scheme_2,16,1.00,
REL-SCHEME-0000229,SCH-00002,Scheme – II (Conformity Assessment/Registration),PROD-00111,Hydrophobic Portland Cement,COVERS,related_product_text,related_product_text,Hydrophobic Portland Cement,,F025,BIS_Schemes_Master_Scheme_2.xlsx,BIS_Schemes_Master_Scheme_2,17,1.00,
REL-SCHEME-0000230,SCH-00002,Scheme – II (Conformity Assessment/Registration),PROD-00066,Composite Cement,COVERS,related_product_text,related_product_text,Composite Cement,,F025,BIS_Schemes_Master_Scheme_2.xlsx,BIS_Schemes_Master_Scheme_2,18,1.00,
REL-SCHEME-0000231,SCH-00002,Scheme – II (Conformity Assessment/Registration),PROD-00213,Safety of Toys (Part 1 - Mechanical and Physical Properties),COVERS,related_product_text,related_product_text,Safety of Toys - Part 1: Mechanical and Physical Properties,,F025,BIS_Schemes_Master_Scheme_2.xlsx,BIS_Schemes_Master_Scheme_2,19,1.00,
REL-SCHEME-0000232,SCH-00002,Scheme – II (Conformity Assessment/Registration),PROD-00215,Safety of Toys (Part 2 - Flammability),COVERS,related_product_text,related_product_text,Safety of Toys - Part 2: Flammability,,F025,BIS_Schemes_Master_Scheme_2.xlsx,BIS_Schemes_Master_Scheme_2,20,1.00,
REL-SCHEME-0000233,SCH-00002,Scheme – II (Conformity Assessment/Registration),PROD-00216,Safety of Toys (Part 3 - Migration of Certain Elements),COVERS,related_product_text,related_product_text,Safety of Toys - Part 3: Migration of Certain Elements,,F025,BIS_Schemes_Master_Scheme_2.xlsx,BIS_Schemes_Master_Scheme_2,21,1.00,
REL-SCHEME-0000234,SCH-00002,Scheme – II (Conformity Assessment/Registration),PROD-00217,Safety of Toys - Part 4: Swings,COVERS,related_product_text,related_product_text,Safety of Toys - Part 4: Swings,,F025,BIS_Schemes_Master_Scheme_2.xlsx,BIS_Schemes_Master_Scheme_2,22,1.00,
REL-SCHEME-0000235,SCH-00002,Scheme – II (Conformity Assessment/Registration),PROD-00239,Slides and Similar Activity Toys,COVERS,related_product_text,related_product_text,Slides and Similar Activity Toys,,F025,BIS_Schemes_Master_Scheme_2.xlsx,BIS_Schemes_Master_Scheme_2,22,1.00,
REL-SCHEME-0000236,SCH-00002,Scheme – II (Conformity Assessment/Registration),PROD-00203,Safety of Electric Toys,COVERS,related_product_text,related_product_text,Safety of Electric Toys,,F025,BIS_Schemes_Master_Scheme_2.xlsx,BIS_Schemes_Master_Scheme_2,23,1.00,
REL-SCHEME-0000237,SCH-00002,Scheme – II (Conformity Assessment/Registration),PROD-00102,Flat Transparent Sheet Glass,COVERS,related_product_text,related_product_text,Flat Transparent Sheet Glass,,F025,BIS_Schemes_Master_Scheme_2.xlsx,BIS_Schemes_Master_Scheme_2,24,1.00,
REL-SCHEME-0000238,SCH-00002,Scheme – II (Conformity Assessment/Registration),PROD-00192,"Safety Glass (Architectural, Building and General uses)",COVERS,related_product_text,related_product_text,"Safety Glass (Architectural, Building and General uses)",,F025,BIS_Schemes_Master_Scheme_2.xlsx,BIS_Schemes_Master_Scheme_2,25,1.00,
REL-SCHEME-0000239,SCH-00002,Scheme – II (Conformity Assessment/Registration),PROD-00193,Safety Glass (For Road Transport),COVERS,related_product_text,related_product_text,Safety Glass (For Road Transport),,F025,BIS_Schemes_Master_Scheme_2.xlsx,BIS_Schemes_Master_Scheme_2,26,1.00,
REL-SCHEME-0000240,SCH-00002,Scheme – II (Conformity Assessment/Registration),PROD-00178,Rubber Hose for LPG (Industrial Application),COVERS,related_product_text,related_product_text,Rubber Hose for LPG (Industrial Application),,F025,BIS_Schemes_Master_Scheme_2.xlsx,BIS_Schemes_Master_Scheme_2,27,1.00,
REL-SCHEME-0000241,SCH-00002,Scheme – II (Conformity Assessment/Registration),PROD-00175,Rubber Hose for LPG (Domestic and Commercial Application),COVERS,related_product_text,related_product_text,Rubber Hose for LPG (Domestic and Commercial Application),,F025,BIS_Schemes_Master_Scheme_2.xlsx,BIS_Schemes_Master_Scheme_2,28,1.00,
REL-SCHEME-0000242,SCH-00002,Scheme – II (Conformity Assessment/Registration),PROD-00044,Aluminium and Aluminium Alloy Bare Foil for Food Packaging,COVERS,related_product_text,related_product_text,Aluminium and Aluminium Alloy Bare Foil for Food Packaging,,F025,BIS_Schemes_Master_Scheme_2.xlsx,BIS_Schemes_Master_Scheme_2,29,1.00,
REL-SCHEME-0000243,SCH-00002,Scheme – II (Conformity Assessment/Registration),PROD-00265,Stainless Steel Seamless Pipes and Tubes for General Service,COVERS,related_product_text,related_product_text,Stainless Steel Seamless Pipes and Tubes for General Service,,F025,BIS_Schemes_Master_Scheme_2.xlsx,BIS_Schemes_Master_Scheme_2,30,1.00,
REL-SCHEME-0000244,SCH-00002,Scheme – II (Conformity Assessment/Registration),PROD-00268,Stainless Steel Welded Pipes and Tubes for General Service,COVERS,related_product_text,related_product_text,Stainless Steel Welded Pipes and Tubes for General Service,,F025,BIS_Schemes_Master_Scheme_2.xlsx,BIS_Schemes_Master_Scheme_2,31,1.00,
REL-SCHEME-0000245,SCH-00002,Scheme – II (Conformity Assessment/Registration),PROD-00099,Flashlights/Portable Lighting Devices,COVERS,related_product_text,related_product_text,Flashlights / Portable Lighting Devices,,F025,BIS_Schemes_Master_Scheme_2.xlsx,BIS_Schemes_Master_Scheme_2,32,1.00,
REL-SCHEME-0000246,SCH-00002,Scheme – II (Conformity Assessment/Registration),PROD-00108,General Safety Requirements for Household and Similar Electrical Appliances,COVERS,related_product_text,related_product_text,General Safety Requirements for Household and Similar Electrical Appliances,,F025,BIS_Schemes_Master_Scheme_2.xlsx,BIS_Schemes_Master_Scheme_2,33,1.00,
REL-SCHEME-0000247,SCH-00002,Scheme – II (Conformity Assessment/Registration),PROD-00243,Sports Footwear for General Purpose,COVERS,related_product_text,related_product_text,Sports Footwear for General Purpose,,F025,BIS_Schemes_Master_Scheme_2.xlsx,BIS_Schemes_Master_Scheme_2,34,1.00,
REL-SCHEME-0000248,SCH-00002,Scheme – II (Conformity Assessment/Registration),PROD-00244,Sports Footwear for Performance Sports,COVERS,related_product_text,related_product_text,Sports Footwear for Performance Sports,,F025,BIS_Schemes_Master_Scheme_2.xlsx,BIS_Schemes_Master_Scheme_2,35,1.00,
REL-SCHEME-0000249,SCH-00002,Scheme – II (Conformity Assessment/Registration),PROD-00246,Sports Footwear for Professional Sports,COVERS,related_product_text,related_product_text,Sports Footwear for Professional Sports,,F025,BIS_Schemes_Master_Scheme_2.xlsx,BIS_Schemes_Master_Scheme_2,36,1.00,
REL-SCHEME-0000250,SCH-00002,Scheme – II (Conformity Assessment/Registration),PROD-00109,High Ankle Tactical Boots with PU-Rubber Sole,COVERS,related_product_text,related_product_text,High Ankle Tactical Boots with PU-Rubber Sole,,F025,BIS_Schemes_Master_Scheme_2.xlsx,BIS_Schemes_Master_Scheme_2,37,1.00,
REL-SCHEME-0000251,SCH-00002,Scheme – II (Conformity Assessment/Registration),PROD-00048,Antiriot shoes,COVERS,related_product_text,related_product_text,Antiriot Shoes,,F025,BIS_Schemes_Master_Scheme_2.xlsx,BIS_Schemes_Master_Scheme_2,38,1.00,
REL-SCHEME-0000252,SCH-00002,Scheme – II (Conformity Assessment/Registration),PROD-00236,Shoes for Services,COVERS,related_product_text,related_product_text,Shoes for Services,,F025,BIS_Schemes_Master_Scheme_2.xlsx,BIS_Schemes_Master_Scheme_2,39,1.00,
REL-SCHEME-0000253,SCH-00002,Scheme – II (Conformity Assessment/Registration),PROD-00235,Shoes for General Purpose,COVERS,related_product_text,related_product_text,Shoes for General Purpose,,F025,BIS_Schemes_Master_Scheme_2.xlsx,BIS_Schemes_Master_Scheme_2,40,1.00,
REL-SCHEME-0000254,SCH-00002,Scheme – II (Conformity Assessment/Registration),PROD-00140,Personal Protective Equipment – Safety Footwear,COVERS,related_product_text,related_product_text,Personal Protective Equipment – Safety Footwear,,F025,BIS_Schemes_Master_Scheme_2.xlsx,BIS_Schemes_Master_Scheme_2,41,1.00,
