canonical_entity,canonical_entity_id,source_sheet,source_row,canonical_is_number,related_product_text,related_scheme_text,eligibility,application_procedure,required_documents,factory_requirements,infrastructure_requirements,process_controls,quality_control,testing,inspection,laboratory_testing,conformity_assessment,licence_or_coc_grant,surveillance,renewal,scope_extension,retesting,fees,forms,timelines,source_url
STANDARD,STD-00807,BIS_Standards_Intelligence,2,STD-17631,Work Chairs,Scheme-I — BIS ISI Mark Certification,"Manufacturer of Work Chairs conforming to IS 17631:2022 and, where compulsory, applicable QCO requirements.",Apply online through Manakonline → select IS 17631:2022 → submit application/factory/product information → pay prescribed application fee → BIS preliminary assessment/inspection → sample testing → resolve observations/non-conformities → BIS decision → licence grant.,Application; manufacturer/factory details; IS/product details; manufacturing process; in-house testing-facility details; QC arrangements; product-specific declarations; documents required by Product Manual and SIT.,Manufacturing facility capable of producing conforming work chairs; controlled production; inspection/QC arrangements; trained personnel; product-specific testing capability.,"Furniture production machinery, dimensional/inspection equipment, stability/static-load/durability equipment and material-performance testing arrangement as specified in PM Annex-B/SIT.",Control of raw/component materials; construction/workmanship; dimensions; upholstery/surface materials; assembly; traceability; equipment calibration; handling of non-conforming product.,"Routine inspection and SIT controls; maintain test/inspection records; verify dimensions, safety and performance before release.","Product Manual covers design/workmanship, dimensions, stability, static load and surface-performance testing; additional tests according to applicable SIT.","BIS assesses manufacturing/testing infrastructure, records, process controls and product conformity during inspection/surveillance.",Testing through manufacturer's facilities and/or BIS-recognized laboratory as prescribed by the certification route/SIT.,Manufacturing capability + process/QC capability + testing capability + sample/product conformity to IS 17631:2022.,BIS Licence to use Standard Mark (ISI Mark) for the defined scope/model/product.,BIS factory surveillance; factory sample testing; market sample testing where applicable; verification of continuing conformity.,Online renewal through Manakonline with production details and applicable fee; licence may be renewed according to Scheme-I provisions.,Apply for inclusion/addition/deletion of models/varieties under applicable Change in Scope guidelines; additional testing/assessment as required.,Retesting under BIS retesting guidelines where permitted after non-conformity/sample cases.,"Current Scheme-I FAQ: ₹1,000 application fee; ₹7,000 per man-day inspection fee; annual licence fee ₹1,000 + applicable minimum marking fee.",Manakonline application; BIS grant/renewal/scope-change/retesting forms and product-specific PM/SIT documents.,"BIS FAQ: average ~1 month for Option-2 and ~4 months for Option-1 from complete application/recording, subject to queries, inspection, testing and dues.",https://www.bis.gov.in/product-certification/product-certification-process/
STANDARD,STD-00808,BIS_Standards_Intelligence,3,STD-17632,General Purpose Chairs and Stools,Scheme-I,Manufacturer of general-purpose chairs/stools conforming to IS 17632:2022 and applicable compulsory requirements.,Online Manakonline application → technical/factory information → fee → BIS inspection → testing → conformity decision → licence.,Application; factory/manufacturing details; product specification/model list; process flow; QC plan; testing-facility details; Product Manual/SIT documents and declarations.,Controlled furniture manufacturing; adequate inspection/QC; documented production controls; testing capability.,Furniture production equipment; measuring instruments; stability/static-load/impact/fatigue/durability equipment; surface/material testing facilities or approved external facility.,Material receipt; construction; dimensions; joining/assembly; finishing; upholstery/material control; traceability; calibration.,Routine testing and inspection under SIT; maintain production/test records and control non-conforming lots.,Dimensions; surface performance; fabric/leather properties; overbalancing/stability; static load; impact; seat/back fatigue; arm-rest durability and applicable requirements.,"BIS verifies factory, production controls, QC and test facilities.",Manufacturer/BIS-recognized laboratory according to SIT and certification route.,Product conformity + manufacturing/testing capability + SIT compliance.,BIS ISI Mark licence with specified product/model scope.,BIS factory and market surveillance; sample testing where applicable.,Online Scheme-I renewal with production/fee information.,Inclusion/deletion of product varieties/models under applicable scope-change guideline.,Allowed according to BIS retesting procedure where applicable.,"Scheme-I current general fees: ₹1,000 application; ₹7,000/man-day inspection; ₹1,000 annual licence + product marking fee.",Manakonline + BIS Scheme-I forms + PM/SIT-specific documents.,"Option-2 ~1 month average; Option-1 ~4 months average, subject to case factors.",https://www.bis.gov.in/product-certification/product-certification-process/
STANDARD,STD-00809,BIS_Standards_Intelligence,4,STD-17633,Tables and Desks,Scheme-I,Manufacturer of tables/desks conforming to IS 17633:2022.,Online BIS application → factory/product assessment → testing → resolution → licence.,"Application, manufacturer details, product/model details, manufacturing process, QC/test arrangements, required declarations and PM/SIT documents.",Furniture manufacturing facility with controlled assembly/workmanship and inspection.,"Production machinery, dimensional equipment, stability/load test equipment and surface-performance facilities.",Raw material/component control; dimensions; construction; joining/assembly; finish; traceability; calibration.,Routine inspection/testing according to IS 17633 SIT.,Design/workmanship; dimensions; surface performance; stability under vertical load; stability for applicable table height categories and other SIT tests.,BIS factory inspection and verification of records/infrastructure.,In-house/recognized laboratory according to applicable SIT.,Factory capability + QC/testing + product test conformity.,ISI Mark licence.,Factory/market surveillance and product sample testing.,Manakonline Scheme-I renewal.,Product/model/variety inclusion according to scope-change process.,Under BIS retesting guidelines where permitted.,Scheme-I current general fee structure.,Manakonline + Scheme-I/product-specific documents.,Option-2 approximately one month; Option-1 approximately four months on average.,https://www.bis.gov.in/product-certification/product-certification-process/
STANDARD,STD-00810,BIS_Standards_Intelligence,5,STD-17634,Storage Units,Scheme-I,Manufacturer of storage units complying with IS 17634:2022.,Manakonline application → factory assessment → product testing → decision/licence.,Factory details; product/model details; manufacturing process; QC/test facilities; technical documents; declarations; Product Manual/SIT.,Furniture manufacturing/assembly facility; controlled storage-unit manufacturing; inspection/QC.,Dimensional equipment; surface-performance equipment; shelf/structural/door/extension/stability/dynamic test facilities.,Material/component verification; dimensions; assembly; shelf installation; door/locking mechanisms; wall attachment; finishing.,Routine inspection/testing and documentation under SIT.,"Dimensions, surface performance, shelves, tops/bottoms, clothes rails, structural strength, pivoted/sliding doors, locking/latching, pull force, stability and other applicable tests.",BIS factory verification and surveillance.,In-house and/or BIS-recognized laboratory according to SIT.,Product + process + testing conformity.,BIS ISI Mark licence.,Factory and market surveillance.,Scheme-I online renewal.,Addition/deletion of models/varieties under scope-change guideline.,According to BIS retesting procedure.,Scheme-I standard fees plus applicable marking fee.,Manakonline/Scheme-I forms and product-specific documents.,"Approx. 1 month Option-2 / 4 months Option-1 average, case dependent.",https://www.bis.gov.in/product-certification/product-certification-process/
STANDARD,STD-00811,BIS_Standards_Intelligence,6,STD-17635,Beds,Scheme-I,Manufacturer producing beds compliant with IS 17635:2022.,Manakonline application → document scrutiny → factory inspection → product/sample testing → non-conformity resolution → BIS licence.,Application; factory information; manufacturing/process details; product/model details; QC plan; test facilities; declarations; PM/SIT documentation.,Bed manufacturing facility capable of controlled construction and assembly; inspection/QC.,"Dimensional instruments, furniture stability/static-load equipment, durability and surface/material test facilities.",Material control; frame/joint/assembly control; dimensions; finish; upholstery/surface-material control; calibration.,Routine inspection/testing as specified in Product Manual/SIT.,"Design/workmanship, dimensions, surface performance, stability and static-load requirements; applicable durability/material tests.",BIS factory assessment and surveillance.,Manufacturer/recognized lab as prescribed.,Manufacturing/testing capability plus product conformity to IS 17635.,BIS licence for use of ISI Mark.,Factory surveillance + factory/market sample testing.,Manakonline renewal.,Addition/deletion of bed models/varieties.,BIS retesting process where permitted.,General Scheme-I fees + applicable product marking fee.,Manakonline and relevant BIS Scheme-I/Product Manual forms.,Approximately 1 month Option-2 / 4 months Option-1 average.,https://www.bis.gov.in/product-certification/product-certification-process/
STANDARD,STD-00812,BIS_Standards_Intelligence,7,STD-17636,Bunk Beds,Scheme-I,Manufacturer of bunk beds conforming to IS 17636:2022.,Online application → factory assessment → sample testing → resolution → licence.,"Application, factory/product information, model details, process information, QC/testing documents and Product Manual/SIT documentation.","Controlled bunk-bed manufacturing, safe assembly, inspection/QC.","Dimensional, stability, structural-strength and furniture-testing facilities.","Frame, joints, fasteners, ladders/treads, guard rails, assembly, dimensions and finish.",Routine inspections/testing and records per SIT.,"Design/workmanship, dimensions, stability, structural/strength and applicable surface/material tests.",BIS factory inspection and surveillance.,In-house/recognized laboratory where required.,Capability + product/sample conformity.,ISI Mark licence.,Factory and market surveillance.,Scheme-I renewal through Manakonline.,Product/model inclusion/deletion through CSoL procedure.,BIS permitted retesting route.,General Scheme-I fees and applicable marking fee.,Manakonline + Scheme-I/product-specific documents.,Option-2 ~1 month / Option-1 ~4 months average.,https://www.bis.gov.in/product-certification/product-certification-process/
STANDARD,STD-00982,BIS_Standards_Intelligence,8,STD-2347,Domestic Pressure Cooker,Scheme-I,Manufacturer of domestic pressure cookers conforming to IS 2347:2023.,Online Manakonline application → factory/product documentation → inspection/testing → conformity decision → licence.,"Application, manufacturer/factory details, pressure-cooker product/model information, raw-material/component details, QC arrangements, test-facility documents, declarations and PM/SIT records.","Pressure-cooker manufacturing/assembly facility with control over body, lid, gasket, pressure devices, handles/knobs and safety components.","Capacity measurement, dimensional, pressure, safety-relief, gasket, construction and electrical/induction testing facilities where applicable.",Body/lid formation; safety-device assembly; gasket installation; pressure regulating device; vent system; base/coating; final inspection.,Routine testing and SIT controls; safety-critical components require controlled conformity.,Capacity; body/lid/container/grid; safety relief device; gasket; handles/knobs; vent pipe; pressure regulating device; air/proof pressure; safety relief; bursting; lid removal and other IS tests.,"BIS verifies manufacturing/testing facilities, process controls, records and samples.",Manufacturer and/or recognized laboratory per applicable SIT.,Product conformity + manufacturing/process/testing capability.,BIS ISI Mark licence for Domestic Pressure Cooker.,BIS factory/market surveillance and sample testing.,Online Scheme-I renewal.,Additional cooker types/models/varieties through scope-change procedure.,According to BIS retesting guidelines where permitted.,General Scheme-I fee structure.,"Manakonline, Scheme-I and pressure-cooker-specific PM/SIT documentation.",Scheme-I average timelines subject to inspection/testing.,https://www.bis.gov.in/product-certification/product-certification-process/
STANDARD,STD-00194,BIS_Standards_Intelligence,9,STD-12330,Sulphate Resisting Portland Cement,Scheme-I,Cement manufacturer producing Sulphate Resisting Portland Cement conforming to applicable BIS standard.,Manakonline application → cement-factory assessment → sample testing → conformity decision → ISI licence.,Application; cement product/grade details; plant/factory information; process flow; raw-material details; QC/testing arrangements; SIT and PM records.,"Cement manufacturing, grinding/blending and QC infrastructure.","Cement chemical/physical testing laboratory, weighing, fineness, setting-time and strength equipment.","Raw-material control, clinker/cement composition, grinding, storage, packing and traceability.",Chemical/physical routine tests under SIT.,"Insoluble residue, LOI, fineness, setting time and applicable strength/other IS requirements.",BIS cement-factory inspection and surveillance.,Cement laboratory/in-house or BIS-recognized laboratory as prescribed.,Factory + process + QC/testing + cement conformity.,ISI Mark licence.,Factory and market surveillance/sample testing.,Online Scheme-I renewal.,Additional cement grade/variety where permitted.,BIS retesting procedure.,Scheme-I general fees + marking fee.,Manakonline and cement-specific documents.,"Scheme-I process timelines, case dependent.",https://www.bis.gov.in/product-certification/product-certification-process/
STANDARD,STD-00214,BIS_Standards_Intelligence,10,STD-12600,Low Heat Portland Cement,Scheme-I,Cement manufacturer,Manakonline application → cement-factory assessment → sample testing → conformity decision → ISI licence.,Application; plant/factory information; process flow; raw-material details; QC/testing arrangements; SIT and PM records.,"Cement manufacturing, grinding/blending and QC infrastructure.","Cement chemical/physical testing laboratory, weighing, fineness, setting-time and strength equipment.","Raw-material control, clinker/cement composition, grinding, storage, packing and traceability.",Chemical/physical routine tests under SIT.,"Chemical, physical and performance requirements per IS; see Annex/SIT.",BIS cement-factory inspection and surveillance.,Cement laboratory/in-house or BIS-recognized laboratory as prescribed.,Factory + process + QC/testing + cement conformity.,ISI Mark licence.,Factory and market surveillance/sample testing.,Online Scheme-I renewal.,Additional cement grade/variety where permitted.,BIS retesting procedure.,Scheme-I general fees + marking fee.,Manakonline and cement-specific documents.,"Scheme-I process timelines, case dependent.",https://www.bis.gov.in/product-certification/product-certification-process/
STANDARD,STD-00444,BIS_Standards_Intelligence,11,STD-1489-P1,Portland Pozzolana Cement — Fly Ash Based,Scheme-I,Cement manufacturer,Manakonline application → cement-factory assessment → sample testing → conformity decision → ISI licence.,Application; plant/factory information; process flow; raw-material details; QC/testing arrangements; SIT and PM records.,"Cement manufacturing, grinding/blending and QC infrastructure.","Cement chemical/physical testing laboratory, weighing, fineness, setting-time and strength equipment.","Raw-material control, clinker/cement composition, grinding, storage, packing and traceability.",Chemical/physical routine tests under SIT.,"Chemical, physical and strength requirements of IS 1489 Part 1.",BIS cement-factory inspection and surveillance.,Cement laboratory/in-house or BIS-recognized laboratory as prescribed.,Factory + process + QC/testing + cement conformity.,ISI Mark licence.,Factory and market surveillance/sample testing.,Online Scheme-I renewal.,Additional cement grade/variety where permitted.,BIS retesting procedure.,Scheme-I general fees + marking fee.,Manakonline and cement-specific documents.,"Scheme-I process timelines, case dependent.",https://www.bis.gov.in/product-certification/product-certification-process/
STANDARD,STD-00445,BIS_Standards_Intelligence,12,STD-1489-P2,Portland Pozzolana Cement — Calcined Clay Based,Scheme-I,Cement manufacturer,Manakonline application → cement-factory assessment → sample testing → conformity decision → ISI licence.,Application; plant/factory information; process flow; raw-material details; QC/testing arrangements; SIT and PM records.,"Cement manufacturing, grinding/blending and QC infrastructure.","Cement chemical/physical testing laboratory, weighing, fineness, setting-time and strength equipment.","Raw-material control, clinker/cement composition, grinding, storage, packing and traceability.",Chemical/physical routine tests under SIT.,"Chemical, physical and strength requirements.",BIS cement-factory inspection and surveillance.,Cement laboratory/in-house or BIS-recognized laboratory as prescribed.,Factory + process + QC/testing + cement conformity.,ISI Mark licence.,Factory and market surveillance/sample testing.,Online Scheme-I renewal.,Additional cement grade/variety where permitted.,BIS retesting procedure.,Scheme-I general fees + marking fee.,Manakonline and cement-specific documents.,"Scheme-I process timelines, case dependent.",https://www.bis.gov.in/product-certification/product-certification-process/
STANDARD,STD-01041,BIS_Standards_Intelligence,13,STD-269,Ordinary Portland Cement,Scheme-I,Cement manufacturer,Manakonline application → cement-factory assessment → sample testing → conformity decision → ISI licence.,Application; plant/factory information; process flow; raw-material details; QC/testing arrangements; SIT and PM records.,"Cement manufacturing, grinding/blending and QC infrastructure.","Cement chemical/physical testing laboratory, weighing, fineness, setting-time and strength equipment.","Raw-material control, clinker/cement composition, grinding, storage, packing and traceability.",Chemical/physical routine tests under SIT.,"Insoluble residue, LOI, fineness, setting time; all IS requirements.",BIS cement-factory inspection and surveillance.,Cement laboratory/in-house or BIS-recognized laboratory as prescribed.,Factory + process + QC/testing + cement conformity.,ISI Mark licence.,Factory and market surveillance/sample testing.,Online Scheme-I renewal.,Additional cement grade/variety where permitted.,BIS retesting procedure.,Scheme-I general fees + marking fee.,Manakonline and cement-specific documents.,"Scheme-I process timelines, case dependent.",https://www.bis.gov.in/product-certification/product-certification-process/
STANDARD,STD-01273,BIS_Standards_Intelligence,14,STD-455,Portland Slag Cement,Scheme-I,Cement manufacturer,Manakonline application → cement-factory assessment → sample testing → conformity decision → ISI licence.,Application; plant/factory information; process flow; raw-material details; QC/testing arrangements; SIT and PM records.,"Cement manufacturing, grinding/blending and QC infrastructure.","Cement chemical/physical testing laboratory, weighing, fineness, setting-time and strength equipment.","Raw-material control, clinker/cement composition, grinding, storage, packing and traceability.",Chemical/physical routine tests under SIT.,"Insoluble residue, LOI, fineness, setting time and IS requirements.",BIS cement-factory inspection and surveillance.,Cement laboratory/in-house or BIS-recognized laboratory as prescribed.,Factory + process + QC/testing + cement conformity.,ISI Mark licence.,Factory and market surveillance/sample testing.,Online Scheme-I renewal.,Additional cement grade/variety where permitted.,BIS retesting procedure.,Scheme-I general fees + marking fee.,Manakonline and cement-specific documents.,"Scheme-I process timelines, case dependent.",https://www.bis.gov.in/product-certification/product-certification-process/
STANDARD,STD-01569,BIS_Standards_Intelligence,15,STD-8041,Rapid Hardening Portland Cement,Scheme-I,Cement manufacturer,Manakonline application → cement-factory assessment → sample testing → conformity decision → ISI licence.,Application; plant/factory information; process flow; raw-material details; QC/testing arrangements; SIT and PM records.,"Cement manufacturing, grinding/blending and QC infrastructure.","Cement chemical/physical testing laboratory, weighing, fineness, setting-time and strength equipment.","Raw-material control, clinker/cement composition, grinding, storage, packing and traceability.",Chemical/physical routine tests under SIT.,"Insoluble residue, LOI, fineness, setting time; transverse strength optional by agreement.",BIS cement-factory inspection and surveillance.,Cement laboratory/in-house or BIS-recognized laboratory as prescribed.,Factory + process + QC/testing + cement conformity.,ISI Mark licence.,Factory and market surveillance/sample testing.,Online Scheme-I renewal.,Additional cement grade/variety where permitted.,BIS retesting procedure.,Scheme-I general fees + marking fee.,Manakonline and cement-specific documents.,"Scheme-I process timelines, case dependent.",https://www.bis.gov.in/product-certification/product-certification-process/
STANDARD,STD-01570,BIS_Standards_Intelligence,16,STD-8042,White Portland Cement,Scheme-I,Cement manufacturer,Manakonline application → cement-factory assessment → sample testing → conformity decision → ISI licence.,Application; plant/factory information; process flow; raw-material details; QC/testing arrangements; SIT and PM records.,"Cement manufacturing, grinding/blending and QC infrastructure.","Cement chemical/physical testing laboratory, weighing, fineness, setting-time and strength equipment.","Raw-material control, clinker/cement composition, grinding, storage, packing and traceability.",Chemical/physical routine tests under SIT.,"Insoluble residue, LOI, fineness, setting time, degree of whiteness.",BIS cement-factory inspection and surveillance.,Cement laboratory/in-house or BIS-recognized laboratory as prescribed.,Factory + process + QC/testing + cement conformity.,ISI Mark licence.,Factory and market surveillance/sample testing.,Online Scheme-I renewal.,Additional cement grade/variety where permitted.,BIS retesting procedure.,Scheme-I general fees + marking fee.,Manakonline and cement-specific documents.,"Scheme-I process timelines, case dependent.",https://www.bis.gov.in/product-certification/product-certification-process/
STANDARD,STD-01571,BIS_Standards_Intelligence,17,STD-8043,Hydrophobic Portland Cement,Scheme-I,Cement manufacturer,Manakonline application → cement-factory assessment → sample testing → conformity decision → ISI licence.,Application; plant/factory information; process flow; raw-material details; QC/testing arrangements; SIT and PM records.,"Cement manufacturing, grinding/blending and QC infrastructure.","Cement chemical/physical testing laboratory, weighing, fineness, setting-time and strength equipment.","Raw-material control, clinker/cement composition, grinding, storage, packing and traceability.",Chemical/physical routine tests under SIT.,Chemical/physical requirements and IS performance tests.,BIS cement-factory inspection and surveillance.,Cement laboratory/in-house or BIS-recognized laboratory as prescribed.,Factory + process + QC/testing + cement conformity.,ISI Mark licence.,Factory and market surveillance/sample testing.,Online Scheme-I renewal.,Additional cement grade/variety where permitted.,BIS retesting procedure.,Scheme-I general fees + marking fee.,Manakonline and cement-specific documents.,"Scheme-I process timelines, case dependent.",https://www.bis.gov.in/product-certification/product-certification-process/
STANDARD,STD-00656,BIS_Standards_Intelligence,18,STD-16415,Composite Cement,Scheme-I,Cement manufacturer,Manakonline application → cement-factory assessment → sample testing → conformity decision → ISI licence.,Application; plant/factory information; process flow; raw-material details; QC/testing arrangements; SIT and PM records.,"Cement manufacturing, grinding/blending and QC infrastructure.","Cement chemical/physical testing laboratory, weighing, fineness, setting-time and strength equipment.","Raw-material control, clinker/cement composition, grinding, storage, packing and traceability.",Chemical/physical routine tests under SIT.,"Insoluble residue, LOI, fineness, setting time, magnesia, sulphide sulphur.",BIS cement-factory inspection and surveillance.,Cement laboratory/in-house or BIS-recognized laboratory as prescribed.,Factory + process + QC/testing + cement conformity.,ISI Mark licence.,Factory and market surveillance/sample testing.,Online Scheme-I renewal.,Additional cement grade/variety where permitted.,BIS retesting procedure.,Scheme-I general fees + marking fee.,Manakonline and cement-specific documents.,"Scheme-I process timelines, case dependent.",https://www.bis.gov.in/product-certification/product-certification-process/
STANDARD,STD-01730,BIS_Standards_Intelligence,19,STD-9873-P1,Safety of Toys — Mechanical & Physical,Scheme-I,Manufacturer of toys conforming to IS 9873 Part 1,Manakonline → factory assessment → toy testing → conformity decision → licence,"Application, factory/product information, model details, process information, QC/testing documents and Product Manual/SIT documentation.",Toy manufacturing facility,Toy safety test equipment,"Manufacturing controls, toy construction and safety requirements",Routine inspection and testing,"Mechanical/physical, flammability, migration of elements, phthalates, electric-toy tests depending on applicable part.",BIS factory inspection and surveillance,Recognized/in-house toy laboratory,Toy safety conformity,ISI Mark licence,Factory + market surveillance and toy sample testing,Scheme-I renewal,CSoL,BIS retesting procedure,Scheme-I fees,Manakonline forms,Case dependent,https://www.bis.gov.in/product-certification/product-certification-process/
STANDARD,STD-01731,BIS_Standards_Intelligence,20,STD-9873-P2,Safety of Toys — Flammability,Scheme-I,Manufacturer of toys,Same Scheme-I procedure,"Application, factory/product information, model details, process information, QC/testing documents.",Toy manufacturing facility,Flammability test apparatus,Manufacturing controls to avoid prohibited/unsafe construction,Routine inspection,Flammability tests according to Part 2,BIS surveillance,Recognized/in-house toy laboratory,Toy safety conformity,ISI Mark,BIS surveillance,Scheme-I procedures,CSoL,BIS retesting procedure,Scheme-I fees,Manakonline forms,Case dependent,https://www.bis.gov.in/product-certification/product-certification-process/
STANDARD,STD-01732,BIS_Standards_Intelligence,21,STD-9873-P3,Safety of Toys — Migration of Certain Elements,Scheme-I,Manufacturer of toys,Same Scheme-I procedure,"Application, factory/product information, model details, process information, QC/testing documents.",Toy manufacturing facility,Chemical analysis equipment,Manufacturing/material controls,Routine inspection,Migration tests for specified elements,BIS surveillance,Recognized/in-house chemical laboratory,Toy safety conformity,ISI Mark,BIS surveillance,Scheme-I procedures,CSoL,BIS retesting procedure,Scheme-I fees,Manakonline forms,Case dependent,https://www.bis.gov.in/product-certification/product-certification-process/
STANDARD,STD-01733,BIS_Standards_Intelligence,22,STD-9873-P4,Swings | Slides and Similar Activity Toys,Scheme-I,Manufacturer of activity toys,Same Scheme-I procedure,"Application, factory/product information, model details, process information, QC/testing documents.",Activity toy manufacturing facility,Load/stability equipment,Structural/construction controls,Routine inspection,"Structural, stability, load and safety tests",BIS surveillance,Recognized/in-house laboratory,Toy safety conformity,ISI Mark,BIS surveillance,Scheme-I procedures,CSoL,BIS retesting procedure,Scheme-I fees,Manakonline forms,Case dependent,https://www.bis.gov.in/product-certification/product-certification-process/
STANDARD,STD-00530,BIS_Standards_Intelligence,23,STD-15644,Safety of Electric Toys,Scheme-I,Manufacturer of electric toys,Same Scheme-I procedure,"Application, factory/product information, model details, process information, QC/testing documents.",Electric toy manufacturing facility,Electrical safety test equipment,Electrical construction and safety controls,Routine inspection,Electrical safety/performance tests,BIS surveillance,Recognized/in-house electrical laboratory,Toy safety conformity,ISI Mark,BIS surveillance,Scheme-I procedures,CSoL,BIS retesting procedure,Scheme-I fees,Manakonline forms,Case dependent,https://www.bis.gov.in/product-certification/product-certification-process/
STANDARD,STD-01069,BIS_Standards_Intelligence,24,STD-2835,Flat Transparent Sheet Glass,Scheme-I,Manufacturer of flat transparent sheet glass,Manakonline → assessment → testing → grant,Factory/product/QC/test documents + PM/SIT,Glass production/processing facility,Glass measurement/inspection/testing facilities,Batch/process/quality controls,Routine conformity tests,"Dimensional, appearance, optical and applicable glass tests",BIS inspection,In-house/recognized lab,Factory + product conformity,ISI Mark,Factory/market surveillance,Online renewal,Applicable scope-change procedure,BIS procedure,Scheme-I fees,Manakonline forms,Case dependent,https://www.bis.gov.in/product-certification/product-certification-process/
STANDARD,STD-01015,BIS_Standards_Intelligence,25,STD-2553-P1,Safety Glass — Architectural | Building and General Uses,Scheme-I,Safety-glass manufacturer,Same,Same product-specific documentation,Glass processing/toughening/lamination as applicable,Safety-glass testing facility,Heat treatment/processing/inspection controls,Routine safety-glass tests,Optical/surface/fragmentation/safety characteristics,BIS inspection,Recognized laboratory where required,Product + process conformity,ISI Mark,Surveillance,Renewal,Scope change,Retesting,Scheme-I fees,Manakonline forms,Case dependent,https://www.bis.gov.in/product-certification/product-certification-process/
STANDARD,STD-01016,BIS_Standards_Intelligence,26,STD-2553-P2,Safety Glass for Road Transport,Scheme-I,Road-transport safety-glass manufacturer,Same,Product/factory/QC/testing docs,Safety-glass processing facility,"Optical, fragmentation, impact etc. equipment","Processing, dimensions, optical and safety controls",SIT testing,"Light transmittance, optical faults, shape, fragmentation, impact etc.",BIS factory inspection,Recognized/in-house laboratory,Product conformity + production/testing capability,ISI Mark,Surveillance,Renewal,CSoL,Retesting,Scheme-I fees,Manakonline forms,Case dependent,https://www.bis.gov.in/product-certification/product-certification-process/
STANDARD,STD-01707,BIS_Standards_Intelligence,27,STD-9573-P1,Rubber Hose for LPG — Industrial Application,Scheme-I,Industrial LPG rubber-hose manufacturer,Same,Factory/product/process/QC/SIT documents,Rubber hose manufacturing facility,"Rubber tensile, pressure, dimensional equipment",Compounding/extrusion/reinforcement/vulcanization,Routine rubber-hose tests,"Dimensions, tensile/pressure/grip/construction tests",BIS inspection,Suitable rubber-testing lab,Product/process conformity,ISI Mark,Surveillance,Renewal,CSoL,Retesting,Scheme-I fees,Manakonline forms,Case dependent,https://www.bis.gov.in/product-certification/product-certification-process/
STANDARD,STD-01708,BIS_Standards_Intelligence,28,STD-9573-P2,Rubber Hose for LPG — Domestic & Commercial Application,Scheme-I,Domestic/commercial LPG hose manufacturer,Same,Same,Rubber hose manufacturing,Pressure/flexibility/ozone/tensile testing facilities,Lining/reinforcement/cover/construction controls,SIT,"Material, dimensions, tensile, adhesion, flexibility, ozone, pressure, grip and burning tests",BIS inspection,In-house/recognized,Product + SIT conformity,ISI Mark,Surveillance,Renewal,CSoL,Retesting,Scheme-I fees,Manakonline forms,Case dependent,https://www.bis.gov.in/product-certification/product-certification-process/
STANDARD,STD-00497,BIS_Standards_Intelligence,29,STD-15392,Aluminium and Aluminium Alloy Bare Foil for Food Packaging,Scheme-I,Aluminium foil manufacturer,Same,Factory/process/product/QC documents,Foil rolling/finishing facility,"Thickness, tensile, chemical/surface testing","Rolling, finishing, lubricant and surface controls",Routine tests,"Pinhole, defects, thickness, dimensions, surface, tensile, alloying elements",BIS inspection,Metal/foil testing laboratory,Product + process conformity,ISI Mark,Surveillance,Renewal,CSoL,Retesting,Scheme-I fees,Manakonline forms,Case dependent,https://www.bis.gov.in/product-certification/product-certification-process/
STANDARD,STD-00836,BIS_Standards_Intelligence,30,STD-17875,Stainless Steel Seamless Pipes and Tubes for General Service,Scheme-I,Stainless-steel seamless pipe/tube manufacturer covered by applicable QCO,Manakonline → factory assessment → testing → grant,Technical/factory/QC/process/test documents,Seamless tube manufacturing/heat-treatment facility,"Chemical, tensile, hardness, corrosion, flattening/flaring, dimensional/NDT facilities","Steel grade, heat treatment, forming and finishing control",Routine chemical/mechanical/dimensional tests,"Chemistry, tensile, hardness, corrosion, flaring, flattening, grain size, dimensions",BIS inspection,Metal-testing laboratory,Factory + product conformity,ISI Mark,Factory/market surveillance,Renewal,Scope change,Retesting,Scheme-I fees,Manakonline/BIS forms,Case dependent,https://www.bis.gov.in/product-certification/product-certification-process/
STANDARD,STD-00837,BIS_Standards_Intelligence,31,STD-17876,Stainless Steel Welded Pipes and Tubes for General Service,Scheme-I,Stainless-steel welded pipe/tube manufacturer,Same,Same + welding/process documents,Welded-pipe production,"Chemistry, weld, mechanical/dimensional/NDT equipment","Forming, welding, heat treatment, finishing",Routine inspection/testing,"Chemical, dimensional, mechanical and weld/integrity tests",BIS inspection,Recognized/in-house metal lab,Product + process + testing conformity,ISI Mark,Surveillance,Renewal,CSoL,Retesting,Scheme-I fees,Manakonline,Case dependent,https://www.bis.gov.in/product-certification/product-certification-process/
STANDARD,STD-00947,BIS_Standards_Intelligence,32,STD-2083,Flashlight,Scheme-I,Flashlight manufacturer covered by Flashlight QCO,Online application → assessment/testing → licence,Factory/product/model/QC/testing documents,Flashlight assembly/manufacturing facility,"Electrical, dimensional, illumination/performance testing","Assembly, electrical components, batteries, housing and finishing controls",Routine electrical/performance checks,"Construction, dimensions, electrical/safety and performance tests",BIS inspection,Appropriate electrical/product lab,Product + factory conformity,ISI Mark,Factory/market surveillance,Renewal,Model/scope extension,Retesting,Scheme-I fees,Manakonline,Product-specific,https://www.bis.gov.in/product-certification/product-certification-process/
STANDARD,STD-01090,BIS_Standards_Intelligence,33,STD-302-P1,Household and Similar Electrical Appliances — General Requirements,Scheme-I,Manufacturer of covered household/commercial/similar electrical appliances,Manakonline → documentation → factory assessment/testing → licence,"Factory, appliance, component, technical, QC and testing documents",Appliance manufacturing facility,"Electrical safety, insulation, leakage, heating, dielectric, abnormal-operation facilities","Electrical construction, insulation, earthing and safety-process controls",Routine electrical safety checks,"Electric shock, heating, leakage, dielectric, abnormal operation, mechanical/electrical safety",BIS inspection,Competent electrical lab,Product + process + test conformity,ISI Mark,Factory + market surveillance,Renewal,Scope extension,Retesting,Scheme-I fees,Manakonline/BIS forms,Product-specific,https://www.bis.gov.in/product-certification/product-certification-process/
STANDARD,STD-00558,BIS_Standards_Intelligence,34,STD-15844-P1,Sports Footwear — General Purpose,Scheme-I,Sports footwear manufacturer,Manakonline → factory/sample assessment → testing → licence,"Application, raw-material declaration, factory/product/model details, QC/SIT records",Footwear manufacturing facility,Upper/sole/chemical/physical test facilities,"Cutting, stitching, lasting, sole attachment, finishing",Routine footwear inspections,Physical + chemical performance tests; PM sample requirement,BIS inspection,Recognized/in-house footwear lab,Product/factory conformity,ISI Mark,Surveillance,Renewal,Model/variety scope change,Retesting,Scheme-I fees,Manakonline + PM/SIT forms,Case dependent,https://www.bis.gov.in/product-certification/product-certification-process/
STANDARD,STD-00559,BIS_Standards_Intelligence,35,STD-15844-P2,Sports Footwear — Performance Sports Footwear,Scheme-I,Performance sports-footwear manufacturer,Same,Same,Footwear production,Physical/mechanical/performance equipment,Footwear construction/sole/upper controls,Routine QC,"Performance, bond, durability, material tests",BIS inspection,Suitable footwear laboratory,Product + process conformity,ISI Mark,Surveillance,Renewal,CSoL,Retesting,Scheme-I fees,Manakonline,Product-specific,https://www.bis.gov.in/product-certification/product-certification-process/
STANDARD,STD-00560,BIS_Standards_Intelligence,36,STD-15844-P3,Sports Footwear — Professional Sports Footwear,Scheme-I,Professional sports-footwear manufacturer,Same,Product/factory/raw-material/QC documents,Sports-footwear manufacturing,"Chemical, slip, abrasion, durability and material testing","Construction, material and finishing controls",Routine SIT/QC,Professional footwear performance and chemical requirements,BIS inspection,Footwear lab,Product/factory/test conformity,ISI Mark,Surveillance,Renewal,CSoL,Retesting,Scheme-I fees,Manakonline,Product-specific,https://www.bis.gov.in/product-certification/product-certification-process/
STANDARD,STD-00718,BIS_Standards_Intelligence,37,STD-17012,High Ankle Tactical Boots with PU-Rubber Sole,Scheme-I,High-ankle tactical boot manufacturer,Same,"Application, factory/model, material and QC documents",Tactical-footwear facility,Footwear physical/chemical/mechanical test equipment,"Material, construction, bonding, sole/upper controls",Routine footwear tests,"Innocuousness, dimensions, upper/sole/bond/performance tests",BIS inspection,Suitable footwear lab,Product + factory capability,ISI Mark,Surveillance,Renewal,CSoL,Retesting,Scheme-I fees,Manakonline,Product-specific,https://www.bis.gov.in/product-certification/product-certification-process/
STANDARD,STD-00722,BIS_Standards_Intelligence,38,STD-17037,Anti-Riot Shoes,Scheme-I,Anti-riot shoe manufacturer,Same,"Factory, product, raw-material/QC/testing documents",Footwear facility,Physical/mechanical/sole/upper test equipment,"Construction, sole/upper/bond/material controls",Routine testing,"Dimensions, material, upper/sole, bond and protective performance",BIS inspection,Footwear laboratory,Product conformity,ISI Mark,Surveillance,Renewal,CSoL,Retesting,Scheme-I fees,Manakonline,Product-specific,https://www.bis.gov.in/product-certification/product-certification-process/
STANDARD,STD-00725,BIS_Standards_Intelligence,39,STD-17043-P1,Shoes for Services,Scheme-I,Services-footwear manufacturer,Same,Product/factory/raw-material/QC documents,Footwear manufacturing,Physical/mechanical/chemical testing facilities,"Construction, material and finishing controls",Routine QC,"Shape/design, upper/outsole, interlayer bond and performance tests",BIS inspection,Footwear laboratory,Product + factory conformity,ISI Mark,Surveillance,Renewal,CSoL,Retesting,Scheme-I fees,Manakonline,Product-specific,https://www.bis.gov.in/product-certification/product-certification-process/
STANDARD,STD-00726,BIS_Standards_Intelligence,40,STD-17043-P2,Shoes for General Purpose,Scheme-I,General-purpose shoe manufacturer,Same,Factory/product/raw material/QC/test docs,Footwear facility,"Bond, abrasion, flexing, tear, fastening/component test equipment","Construction, upper/sole/component controls",SIT/QC,"Bond, abrasion, flexing, tear, strap/buckle/D-ring, Velcro, eyelet, heel pull-off, top-piece attachment etc.",BIS inspection,Footwear laboratory,Product + process + test conformity,ISI Mark,Surveillance,Renewal,CSoL,Retesting,Scheme-I fees,Manakonline,Product-specific,https://www.bis.gov.in/product-certification/product-certification-process/
STANDARD,STD-00481,BIS_Standards_Intelligence,41,STD-15298-P2,Personal Protective Equipment — Safety Footwear,Scheme-I,Safety-footwear/PPE manufacturer,Same,"Factory, PPE/product, material, QC/testing documents",PPE footwear facility,"Impact/compression, penetration, slip, sole/upper/material testing",Safety-footwear construction and component controls,Routine PPE-footwear QC,"Innocuousness, impact/compression, penetration, sole and slip requirements",BIS inspection,PPE/footwear testing lab,Product + factory + test conformity,ISI Mark,Surveillance,Renewal,CSoL,Retesting,Scheme-I fees,Manakonline,Product-specific,https://www.bis.gov.in/product-certification/product-certification-process/
STANDARD,STD-01750,BIS_Standards_Intelligence,42,STD-IEC-60947-P2,Circuit Breakers,Scheme-X / Electrical Equipment Quality Control Order,Manufacturer of low-voltage circuit breakers falling within the applicable EEQCO/product category.,Apply through Manakonline with required Technical File → BIS scrutiny → factory assessment → testing/witnessing → resolution of deficiencies → grant.,Application; Technical File; drawings/specifications; product ratings/category; component details; manufacturing/process details; QC/test information; in-house test report; testing-equipment list; undertakings.,"Adequate manufacturing facilities, controlled production, process/QC system and testing capability.","Product-specific circuit-breaker test capability, electrical/thermal/mechanical and high-current/short-circuit facilities as required.","Product configuration, ratings, components, assembly, electrical connections, insulation, protection mechanisms, testing and traceability.",Documented QC and in-house testing; maintain test records and calibrated instruments.,"All prescribed IS/IEC 60947-2 tests; BIS current table identifies category/rating-specific requirements and, for specified higher-rating categories, EMC Annex-J/application-specific tests.",BIS factory assessment and witnessing/verification of testing capability.,BIS-approved/recognized third-party laboratory or witnessing/testing at manufacturer facility as permitted.,Technical File + manufacturing capability + testing/witnessing + product conformity.,BIS Certification Marks Licence under Scheme-X.,BIS surveillance during operation of licence; factory/testing verification.,Scheme-X licence renewal under applicable BIS guidance.,Change in scope through Scheme-X product-specific procedure; technical-file review and further assessment/testing where required.,Product-specific Scheme-X/BIS retesting/reassessment where permitted.,"Scheme-X guidance lists application ₹2,000; certification grant/renewal ₹2,000; Technical File review ₹20,000 per Technical File; inspection/surveillance ₹20,000 per man-day.",Manakonline Scheme-X application; Technical File; testing-equipment list; in-house test report; applicable undertakings.,"Product/testing/site-specific; depends on Technical File completeness, assessment and testing duration.",https://www.bis.gov.in/scheme-x-certification/product-specific-information/
STANDARD,STD-01751,BIS_Standards_Intelligence,43,STD-IEC-60947-P3,Switches | Disconnectors | Switch-Disconnectors and Fuse-Combination Units,Scheme-X / EEQCO,"Manufacturer of covered low-voltage switches, disconnectors, switch-disconnectors and fuse-combination units.",Manakonline → Technical File → BIS scrutiny → factory assessment → testing/witnessing → licence.,Technical File; drawings; product/category/utilization category; ratings; manufacturing information; QC/testing details; in-house test report; equipment list; undertakings.,Adequate manufacturing infrastructure and controlled production process.,"Electrical/mechanical endurance, dielectric, temperature-rise and product-specific testing facilities.","Contact/switch construction, mechanical assembly, ratings, insulation, terminals, switching performance and traceability.",Routine quality/test controls under applicable Scheme-X/product guideline.,"BIS current product-specific framework refers to all tests of IS/IEC 60947 Part 3:2020 for applicable categories, with product-specific exceptions/requirements.",BIS factory assessment and test witnessing where applicable.,BIS-approved/recognized laboratory or permitted manufacturer-facility testing.,Technical File + factory + testing + product conformity.,Scheme-X BIS licence.,Scheme-X surveillance and continued compliance verification.,Scheme-X renewal procedure.,Scheme-X product-specific scope-change procedure.,BIS Scheme-X product-specific reassessment/retesting.,Scheme-X prescribed fees; Technical File review/site inspection fees apply.,Manakonline + Technical File + product-specific guidelines.,Product/site/testing dependent.,https://www.bis.gov.in/scheme-x-certification/product-specific-information/
STANDARD,STD-01752,BIS_Standards_Intelligence,44,STD-IEC-60947-P4,Contactors and Motor Starters,Scheme-X / EEQCO,Manufacturer of covered electromechanical contactors and motor starters.,Manakonline + Technical File → BIS scrutiny → factory assessment → testing → conformity decision.,"Technical File, drawings, ratings, utilization category, component information, production process, QC/test records, equipment list, in-house test report and declarations.",Controlled electromechanical switchgear manufacturing facility.,"Temperature-rise, dielectric, operating-performance, endurance and short-circuit coordination test facilities as applicable.","Coil/control circuit, contacts, enclosure, terminals, assembly, rated characteristics and traceability.",Routine electrical/mechanical QC and documentation.,"Applicable tests under IS/IEC 60947 Part 4-1, including electrical/mechanical performance and product-specific requirements.",BIS factory assessment/test witnessing.,Approved/recognized third-party laboratory or permitted manufacturer testing.,Technical File + factory + test conformity.,Scheme-X BIS Certification Marks Licence.,Continuing Scheme-X surveillance.,Scheme-X renewal.,Change/inclusion under product-specific Scheme-X procedure.,Scheme-X/BIS permitted retesting.,Scheme-X prescribed application/certification/Technical File/site-visit fees.,Manakonline Technical File and product-specific forms.,Product/testing dependent.,https://www.bis.gov.in/scheme-x-certification/product-specific-information/
STANDARD,STD-01753,BIS_Standards_Intelligence,45,STD-IEC-60947-P5,Electromechanical Control Circuit Devices,Scheme-X / EEQCO,Manufacturer of covered electromechanical control-circuit devices and switching elements.,Manakonline → Technical File → BIS scrutiny → assessment/testing → grant.,"Technical File, product ratings/specifications, drawings, manufacturing process, components, QC/test information, equipment list and test report.",Controlled electrical control-device manufacturing facility.,"Electrical characteristic, dielectric, temperature-rise, mechanical operation/endurance test capability.","Contact system, actuators, terminals, insulation, mechanical movement, electrical connection and rated-operation controls.",Routine inspection/testing and calibrated equipment.,Tests applicable to electromechanical control-circuit devices under IS/IEC 60947-5-1.,BIS factory assessment/witnessing.,BIS-approved/recognized laboratory or permitted manufacturer facility.,Technical File + factory + testing + standard conformity.,Scheme-X BIS licence.,Continuing Scheme-X surveillance.,Scheme-X renewal process.,Product/rating/category addition through CSoL/product-specific process.,Applicable Scheme-X/BIS retesting.,Scheme-X fee structure.,Manakonline + Technical File + product-specific application documents.,Product-specific.,https://www.bis.gov.in/scheme-x-certification/product-specific-information/
STANDARD,STD-01753,BIS_Standards_Intelligence,46,STD-IEC-60947-P5,Electrical Emergency Stop Devices,Scheme-X / EEQCO,Manufacturer of electromechanical control-circuit devices with mechanical latching function covered by IS/IEC 60947-5-5.,Manakonline → Technical File → BIS scrutiny → factory assessment → testing/witnessing → grant.,Technical File; product drawings/specifications; emergency-stop mechanism details; electrical/mechanical ratings; manufacturing process; QC/testing details; equipment list; in-house test report; undertakings.,Controlled manufacture of emergency-stop devices with appropriate mechanical/electrical testing.,"Mechanical latching/endurance, electrical, dielectric and functional test capability.","Mechanical latching mechanism, actuator, contact system, reset operation, enclosure, electrical connection and safety-critical assembly.","Functional, mechanical and electrical QC; traceability and calibrated test equipment.","Emergency-stop function, mechanical latching, endurance, dielectric/electrical characteristics and all applicable IS/IEC 60947-5-5 tests.",BIS factory assessment/testing verification.,Approved/recognized third-party laboratory or permitted manufacturer testing.,Technical File + manufacturing + functional/electrical testing + product conformity.,Scheme-X BIS Certification Marks Licence.,Continued Scheme-X surveillance.,Scheme-X renewal.,Product/model/rating inclusion through Scheme-X scope procedure.,Scheme-X/BIS permitted retesting/reassessment.,Scheme-X prescribed application/certification/Technical File/site-visit fees.,Manakonline + Technical File + product-specific guideline documents.,Product/testing/site dependent.,https://www.bis.gov.in/scheme-x-certification/product-specific-information/
