file_id,original_filename,primary_domain,rows,columns,populated_cells,sha256_16,groups_participating,canonical_status,fully_covered_by,contributes_unique_records_to,max_unique_records,unique_records_not_covered_elsewhere,conflicts_involving_file,different_entity_partners,decision_reason,archive_eligible,archive_precondition,phase3_action,phase4_action
F001,05_scheme_ii.csv,05_SCHEME_II_CRS,78,22,1621,a1d7f20c596ef1b7,3,KEEP_DISTINCT_ENTITY,NONE,06_scheme_iv.csv; 07_scheme_x.csv,78,06_scheme_iv.csv; 07_scheme_x.csv,0,06_scheme_iv.csv; 07_scheme_x.csv; BIS_Schemes_Master_Scheme_2.xlsx,"Checked against 06_scheme_iv.csv; 07_scheme_x.csv; BIS_Schemes_Master_Scheme_2.xlsx and cleared as a false duplicate: same keys, different entity identity. Both files are required.",NO,NOT_ARCHIVABLE,Include as a contributing source in the canonical schema,Load every record; write file_id + source row into provenance for each output row.
F002,06_scheme_iv.csv,06_SCHEME_IV_COC,6,23,127,fbd15b6affd5cab1,2,KEEP_DISTINCT_ENTITY,NONE,05_scheme_ii.csv; 07_scheme_x.csv,6,05_scheme_ii.csv; 07_scheme_x.csv,0,05_scheme_ii.csv; 07_scheme_x.csv,"Checked against 05_scheme_ii.csv; 07_scheme_x.csv and cleared as a false duplicate: same keys, different entity identity. Both files are required.",NO,NOT_ARCHIVABLE,Include as a contributing source in the canonical schema,Load every record; write file_id + source row into provenance for each output row.
F003,07_scheme_x.csv,07_SCHEME_X,52,23,1049,2f6ea9b562c7ec4e,4,KEEP_DISTINCT_ENTITY,NONE,05_scheme_ii.csv; 06_scheme_iv.csv,52,05_scheme_ii.csv; 06_scheme_iv.csv,0,05_scheme_ii.csv; 06_scheme_iv.csv,"Checked against 05_scheme_ii.csv; 06_scheme_iv.csv and cleared as a false duplicate: same keys, different entity identity. Both files are required.",NO,NOT_ARCHIVABLE,Include as a contributing source in the canonical schema,Load every record; write file_id + source row into provenance for each output row.
F004,17_source_conflicts.csv,OTHER_RELEVANT,2,14,26,5a57bdf14dfc54c9,0,KEEP_AS_CANONICAL_UNIQUE,NONE,NONE,0,NONE,0,NONE,No content link to any other file passed the deep-compare gate: this dataset is unique in the corpus.,NO,NOT_ARCHIVABLE,Include as a contributing source in the canonical schema,Load every record; write file_id + source row into provenance for each output row.
F005,BIS_Combined_Testing_Master.xlsx,10_TESTING,260,12,3120,35529a83d202de5f,17,KEEP_PENDING_REVIEW,NONE,NONE,0,NONE,0,NONE,Participates in 17 compared pairs with no relationship strong enough to establish coverage. Kept until Phase 3 review.,NO,NOT_ARCHIVABLE,Include as a contributing source in the canonical schema,Load every record; write file_id + source row into provenance for each output row.
F006,BIS_FAQs_Master.xlsx,12_CERTIFICATION_FAQ,98,10,980,82543bd4b195d979,1,KEEP_AND_MERGE_CONTRIBUTES_UNIQUE_RECORDS,NONE,bis_product_certification_faq (1).csv,98,bis_product_certification_faq (1).csv,0,NONE,Overlaps other files but holds up to 98 records they do not (bis_product_certification_faq (1).csv). Every one of those records must survive the merge.,NO,NOT_ARCHIVABLE,Include as a contributing source in the canonical schema,Load every record; write file_id + source row into provenance for each output row.
F007,BIS_Laboratory_Scopes.xlsx,13_LAB_SERVICES,45,12,540,7ea7a62fc3593248,17,KEEP_AND_MERGE_CONTRIBUTES_UNIQUE_RECORDS,NONE,BIS_Product_Manuals_Master.xlsx; BIS_QCO-schema_2.xlsx; BIS_QCO_Master_Records (1).xlsx; BIS_QCO_Master_Scheme_1.xlsx; BIS_Scheme_IV_FMCS.xlsx; BIS_Standards_Details_v2 (1).xlsx …(+5),43,BIS_Product_Manuals_Master.xlsx; BIS_QCO-schema_2.xlsx; BIS_QCO_Master_Records (1).xlsx; BIS_QCO_Master_Scheme_1.xlsx; BIS_Scheme_IV_FMCS.xlsx; BIS_Standards_Details_v2 (1).xlsx …(+5),418,NONE,Overlaps other files but holds up to 43 records they do not (BIS_Product_Manuals_Master.xlsx; BIS_QCO-schema_2.xlsx; BIS_QCO_Master_Records (1).xlsx; BIS_QCO_Master_Scheme_1.xlsx …(+7)). Every one of those records must survive the merge.,NO,NOT_ARCHIVABLE,Include as a contributing source in the canonical schema,Load every record; write file_id + source row into provenance for each output row.
F008,BIS_Mandatory_Hallmarking_Orders.xlsx,19_HALLMARKING_ORDERS,14,14,196,14adbee3f5abde39,0,KEEP_AS_CANONICAL_UNIQUE,NONE,NONE,0,NONE,0,NONE,No content link to any other file passed the deep-compare gate: this dataset is unique in the corpus.,NO,NOT_ARCHIVABLE,Include as a contributing source in the canonical schema,Load every record; write file_id + source row into provenance for each output row.
F009,BIS_Notifications_Master.xlsx,16_ACT_RULES_REGULATIONS,31,14,434,bbfe04d01949a678,18,KEEP_DISTINCT_ENTITY,NONE,NONE,0,NONE,0,bis_circulars (1).csv; bis_gazette_notification.csv,"Checked against bis_circulars (1).csv; bis_gazette_notification.csv and cleared as a false duplicate: same keys, different entity identity. Both files are required.",NO,NOT_ARCHIVABLE,Include as a contributing source in the canonical schema,Load every record; write file_id + source row into provenance for each output row.
F010,BIS_Product_Manuals_Master.xlsx,09_PRODUCT_MANUALS,40,20,795,a20efa5909c7bb9f,22,KEEP_AND_MERGE_CONTRIBUTES_UNIQUE_RECORDS,NONE,BIS_Laboratory_Scopes.xlsx; BIS_QCO-schema_2.xlsx; BIS_QCO_Master_Records (1).xlsx; BIS_QCO_Master_Records_v3.xlsx; BIS_QCO_Master_Scheme_1.xlsx; BIS_Scheme_IV_FMCS.xlsx …(+8),36,BIS_Laboratory_Scopes.xlsx; BIS_QCO-schema_2.xlsx; BIS_QCO_Master_Records (1).xlsx; BIS_QCO_Master_Records_v3.xlsx; BIS_QCO_Master_Scheme_1.xlsx; BIS_Scheme_IV_FMCS.xlsx …(+8),716,NONE,Overlaps other files but holds up to 36 records they do not (BIS_Laboratory_Scopes.xlsx; BIS_QCO-schema_2.xlsx; BIS_QCO_Master_Records (1).xlsx; BIS_QCO_Master_Records_v3.xlsx …(+10)). Every one of those records must survive the merge.,NO,NOT_ARCHIVABLE,Include as a contributing source in the canonical schema,Load every record; write file_id + source row into provenance for each output row.
F011,BIS_Products_Details.xlsx,02_PRODUCTS,40,11,440,2be2276be9016683,19,KEEP_AND_MERGE_CONTRIBUTES_UNIQUE_RECORDS,NONE,BIS_Products_Full_Information.xlsx; BIS_Products_Full_Information_v2.xlsx,38,BIS_Products_Full_Information.xlsx; BIS_Products_Full_Information_v2.xlsx,36,NONE,Overlaps other files but holds up to 38 records they do not (BIS_Products_Full_Information.xlsx; BIS_Products_Full_Information_v2.xlsx). Every one of those records must survive the merge.,NO,NOT_ARCHIVABLE,Include as a contributing source in the canonical schema,Load every record; write file_id + source row into provenance for each output row.
F012,BIS_Products_Full_Information.xlsx,02_PRODUCTS,40,11,440,9e1a9e0a8283d9d6,14,REDUNDANT_ARCHIVE_AFTER_VALIDATION,BIS_Products_Full_Information_v2.xlsx,BIS_Products_Details.xlsx,36,NONE,21,NONE,"Fully contained in BIS_Products_Full_Information_v2.xlsx by measured content. Every record it contributes to another file (1 partner(s)) is contributed at least as fully by that containing file, so archiving this copy removes no record from the corpus.",YES,Phase 6 export validated AND record counts reconciled AND file copied to 99_RAW_ORIGINALS/ARCHIVE_OR_DUPLICATES/ so it stays recoverable,Exclude from the canonical load; keep as an archived original,"Do not load. Verify the covering file first, then archive."
F013,BIS_Products_Full_Information_v2.xlsx,02_PRODUCTS,40,11,440,1e912b46d88eec95,14,KEEP_AND_MERGE_CONTRIBUTES_UNIQUE_RECORDS,NONE,BIS_Products_Details.xlsx,36,BIS_Products_Details.xlsx,21,NONE,Overlaps other files but holds up to 36 records they do not (BIS_Products_Details.xlsx). Every one of those records must survive the merge.,NO,NOT_ARCHIVABLE,Include as a contributing source in the canonical schema,Load every record; write file_id + source row into provenance for each output row.
F014,BIS_QCO-schema_2.xlsx,03_QCO,40,22,880,ed198a1dff9a6141,23,KEEP_AND_MERGE_CONTRIBUTES_UNIQUE_RECORDS,NONE,BIS_Laboratory_Scopes.xlsx; BIS_Product_Manuals_Master.xlsx; BIS_QCO_Master_Records (1).xlsx; BIS_QCO_Master_Records.xlsx; BIS_QCO_Master_Records_v3.xlsx; BIS_QCO_Master_Scheme_1.xlsx …(+5),39,BIS_Laboratory_Scopes.xlsx; BIS_Product_Manuals_Master.xlsx; BIS_QCO_Master_Records (1).xlsx; BIS_QCO_Master_Records.xlsx; BIS_QCO_Master_Records_v3.xlsx; BIS_QCO_Master_Scheme_1.xlsx …(+5),549,NONE,Overlaps other files but holds up to 39 records they do not (BIS_Laboratory_Scopes.xlsx; BIS_Product_Manuals_Master.xlsx; BIS_QCO_Master_Records (1).xlsx; BIS_QCO_Master_Records.xlsx …(+7)). Every one of those records must survive the merge.,NO,NOT_ARCHIVABLE,Include as a contributing source in the canonical schema,Load every record; write file_id + source row into provenance for each output row.
F015,BIS_QCO_Master_Records (1).xlsx,03_QCO,15,22,244,0f7620442e1faf97,18,KEEP_AND_MERGE_CONTRIBUTES_UNIQUE_RECORDS,NONE,BIS_Laboratory_Scopes.xlsx; BIS_Product_Manuals_Master.xlsx; BIS_QCO-schema_2.xlsx; BIS_QCO_Master_Records.xlsx; BIS_QCO_Master_Records_v3.xlsx; BIS_QCO_Master_Scheme_1.xlsx …(+3),15,BIS_Laboratory_Scopes.xlsx; BIS_Product_Manuals_Master.xlsx; BIS_QCO-schema_2.xlsx; BIS_QCO_Master_Records.xlsx; BIS_QCO_Master_Records_v3.xlsx; BIS_QCO_Master_Scheme_1.xlsx …(+3),98,NONE,Overlaps other files but holds up to 15 records they do not (BIS_Laboratory_Scopes.xlsx; BIS_Product_Manuals_Master.xlsx; BIS_QCO-schema_2.xlsx; BIS_QCO_Master_Records.xlsx …(+5)). Every one of those records must survive the merge.,NO,NOT_ARCHIVABLE,Include as a contributing source in the canonical schema,Load every record; write file_id + source row into provenance for each output row.
F016,BIS_QCO_Master_Records.xlsx,03_QCO,3,22,56,2719f13b4b6456fd,6,KEEP_AND_MERGE_CONTRIBUTES_UNIQUE_RECORDS,NONE,BIS_QCO-schema_2.xlsx; BIS_QCO_Master_Records (1).xlsx; BIS_QCO_Master_Records_v3.xlsx; BIS_QCO_Master_Scheme_1.xlsx,3,BIS_QCO-schema_2.xlsx; BIS_QCO_Master_Records (1).xlsx; BIS_QCO_Master_Records_v3.xlsx; BIS_QCO_Master_Scheme_1.xlsx,26,NONE,Overlaps other files but holds up to 3 records they do not (BIS_QCO-schema_2.xlsx; BIS_QCO_Master_Records (1).xlsx; BIS_QCO_Master_Records_v3.xlsx; BIS_QCO_Master_Scheme_1.xlsx). Every one of those records must survive the merge.,NO,NOT_ARCHIVABLE,Include as a contributing source in the canonical schema,Load every record; write file_id + source row into provenance for each output row.
F017,BIS_QCO_Master_Records_v3.xlsx,03_QCO,12,22,251,4af59cbea7a978a5,9,KEEP_AND_MERGE_CONTRIBUTES_UNIQUE_RECORDS,NONE,BIS_Product_Manuals_Master.xlsx; BIS_QCO_Master_Records (1).xlsx; BIS_QCO_Master_Records.xlsx; BIS_QCO_Master_Scheme_1.xlsx; BIS_Scheme_IV_FMCS.xlsx,12,BIS_Product_Manuals_Master.xlsx; BIS_QCO_Master_Records (1).xlsx; BIS_QCO_Master_Records.xlsx; BIS_QCO_Master_Scheme_1.xlsx; BIS_Scheme_IV_FMCS.xlsx,224,NONE,Overlaps other files but holds up to 12 records they do not (BIS_Product_Manuals_Master.xlsx; BIS_QCO_Master_Records (1).xlsx; BIS_QCO_Master_Records.xlsx; BIS_QCO_Master_Scheme_1.xlsx …(+1)). Every one of those records must survive the merge.,NO,NOT_ARCHIVABLE,Include as a contributing source in the canonical schema,Load every record; write file_id + source row into provenance for each output row.
F018,BIS_QCO_Master_Scheme_1.xlsx,03_QCO,40,11,440,afde41970b26d98a,21,KEEP_AND_MERGE_CONTRIBUTES_UNIQUE_RECORDS,NONE,BIS_Laboratory_Scopes.xlsx; BIS_Product_Manuals_Master.xlsx; BIS_QCO-schema_2.xlsx; BIS_QCO_Master_Records (1).xlsx; BIS_QCO_Master_Records.xlsx; BIS_QCO_Master_Records_v3.xlsx …(+8),39,BIS_Laboratory_Scopes.xlsx; BIS_Product_Manuals_Master.xlsx; BIS_QCO-schema_2.xlsx; BIS_QCO_Master_Records (1).xlsx; BIS_QCO_Master_Records.xlsx; BIS_QCO_Master_Records_v3.xlsx …(+8),292,NONE,Overlaps other files but holds up to 39 records they do not (BIS_Laboratory_Scopes.xlsx; BIS_Product_Manuals_Master.xlsx; BIS_QCO-schema_2.xlsx; BIS_QCO_Master_Records (1).xlsx …(+10)). Every one of those records must survive the merge.,NO,NOT_ARCHIVABLE,Include as a contributing source in the canonical schema,Load every record; write file_id + source row into provenance for each output row.
F019,BIS_QCO_Summary.xlsx,03_QCO,35,7,245,22081659d194b6fc,21,KEEP_PENDING_REVIEW,NONE,NONE,0,NONE,0,NONE,Participates in 21 compared pairs with no relationship strong enough to establish coverage. Kept until Phase 3 review.,NO,NOT_ARCHIVABLE,Include as a contributing source in the canonical schema,Load every record; write file_id + source row into provenance for each output row.
F020,BIS_Recognized_Laboratories.xlsx,14_LIMS_LABS,15,14,210,009487b3e969dff2,3,KEEP_DISTINCT_ENTITY,NONE,bis_laboratories.csv,13,bis_laboratories.csv,8,bis_topic17_hallmarking_centres.csv; bis_topic17_hallmarking_centres_cancelled_suspended.csv,"Checked against bis_topic17_hallmarking_centres.csv; bis_topic17_hallmarking_centres_cancelled_suspended.csv and cleared as a false duplicate: same keys, different entity identity. Both files are required.",NO,NOT_ARCHIVABLE,Include as a contributing source in the canonical schema,Load every record; write file_id + source row into provenance for each output row.
F021,BIS_Scheme_IV_FMCS.xlsx,22_FMCS,40,13,520,033fb29c0aebdb24,27,KEEP_DISTINCT_ENTITY,NONE,BIS_Laboratory_Scopes.xlsx; BIS_Product_Manuals_Master.xlsx; BIS_QCO-schema_2.xlsx; BIS_QCO_Master_Records (1).xlsx; BIS_QCO_Master_Records_v3.xlsx; BIS_Scheme_X_Industrial.xlsx …(+10),40,BIS_Laboratory_Scopes.xlsx; BIS_Product_Manuals_Master.xlsx; BIS_QCO-schema_2.xlsx; BIS_QCO_Master_Records (1).xlsx; BIS_QCO_Master_Records_v3.xlsx; BIS_Scheme_X_Industrial.xlsx …(+10),784,BIS_Scheme_X_Industrial.xlsx; BIS_Scheme_X_Industrial_v2.xlsx; output__fmcs_country_coverage.csv; output__topic19_official_documents.csv,"Checked against BIS_Scheme_X_Industrial.xlsx; BIS_Scheme_X_Industrial_v2.xlsx; output__fmcs_country_coverage.csv; output__topic19_official_documents.csv and cleared as a false duplicate: same keys, different entity identity. Both files are required.",NO,NOT_ARCHIVABLE,Include as a contributing source in the canonical schema,Load every record; write file_id + source row into provenance for each output row.
F022,BIS_Scheme_X_Industrial.xlsx,07_SCHEME_X,5,14,70,3d1362c48ef6504c,5,KEEP_DISTINCT_ENTITY,NONE,BIS_Scheme_IV_FMCS.xlsx; BIS_Schemes_Master.xlsx; BIS_Schemes_Master_Scheme_2.xlsx,5,BIS_Scheme_IV_FMCS.xlsx; BIS_Schemes_Master.xlsx; BIS_Schemes_Master_Scheme_2.xlsx,0,BIS_Scheme_IV_FMCS.xlsx; BIS_Schemes_Master.xlsx; BIS_Schemes_Master_Scheme_2.xlsx,"Checked against BIS_Scheme_IV_FMCS.xlsx; BIS_Schemes_Master.xlsx; BIS_Schemes_Master_Scheme_2.xlsx and cleared as a false duplicate: same keys, different entity identity. Both files are required.",NO,NOT_ARCHIVABLE,Include as a contributing source in the canonical schema,Load every record; write file_id + source row into provenance for each output row.
F023,BIS_Scheme_X_Industrial_v2.xlsx,07_SCHEME_X,5,14,70,8e11f9b275a5cd82,5,REDUNDANT_ARCHIVE_AFTER_VALIDATION,BIS_Scheme_X_Industrial.xlsx,BIS_Scheme_IV_FMCS.xlsx; BIS_Schemes_Master.xlsx; BIS_Schemes_Master_Scheme_2.xlsx,5,NONE,0,BIS_Scheme_IV_FMCS.xlsx; BIS_Schemes_Master.xlsx; BIS_Schemes_Master_Scheme_2.xlsx,"Fully contained in BIS_Scheme_X_Industrial.xlsx by measured content. Every record it contributes to another file (3 partner(s)) is contributed at least as fully by that containing file, so archiving this copy removes no record from the corpus.",YES,Phase 6 export validated AND record counts reconciled AND file copied to 99_RAW_ORIGINALS/ARCHIVE_OR_DUPLICATES/ so it stays recoverable,Exclude from the canonical load; keep as an archived original,"Do not load. Verify the covering file first, then archive."
F024,BIS_Schemes_Master.xlsx,04_SCHEME_I,40,14,560,6f76bbc33df50e3a,10,KEEP_DISTINCT_ENTITY,NONE,BIS_Product_Manuals_Master.xlsx; BIS_QCO-schema_2.xlsx; BIS_QCO_Master_Scheme_1.xlsx; BIS_Scheme_IV_FMCS.xlsx; BIS_Scheme_X_Industrial.xlsx; BIS_Scheme_X_Industrial_v2.xlsx …(+2),40,BIS_Product_Manuals_Master.xlsx; BIS_QCO-schema_2.xlsx; BIS_QCO_Master_Scheme_1.xlsx; BIS_Scheme_IV_FMCS.xlsx; BIS_Scheme_X_Industrial.xlsx; BIS_Scheme_X_Industrial_v2.xlsx …(+2),503,BIS_Scheme_X_Industrial.xlsx; BIS_Scheme_X_Industrial_v2.xlsx; BIS_Schemes_Master_Scheme_2.xlsx,"Checked against BIS_Scheme_X_Industrial.xlsx; BIS_Scheme_X_Industrial_v2.xlsx; BIS_Schemes_Master_Scheme_2.xlsx and cleared as a false duplicate: same keys, different entity identity. Both files are required.",NO,NOT_ARCHIVABLE,Include as a contributing source in the canonical schema,Load every record; write file_id + source row into provenance for each output row.
F025,BIS_Schemes_Master_Scheme_2.xlsx,05_SCHEME_II_CRS,40,14,560,2320645274a75b17,11,KEEP_DISTINCT_ENTITY,NONE,BIS_Product_Manuals_Master.xlsx; BIS_QCO-schema_2.xlsx; BIS_QCO_Master_Scheme_1.xlsx; BIS_Scheme_IV_FMCS.xlsx; BIS_Scheme_X_Industrial.xlsx; BIS_Scheme_X_Industrial_v2.xlsx …(+2),40,BIS_Product_Manuals_Master.xlsx; BIS_QCO-schema_2.xlsx; BIS_QCO_Master_Scheme_1.xlsx; BIS_Scheme_IV_FMCS.xlsx; BIS_Scheme_X_Industrial.xlsx; BIS_Scheme_X_Industrial_v2.xlsx …(+2),503,05_scheme_ii.csv; BIS_Scheme_X_Industrial.xlsx; BIS_Scheme_X_Industrial_v2.xlsx; BIS_Schemes_Master.xlsx,"Checked against 05_scheme_ii.csv; BIS_Scheme_X_Industrial.xlsx; BIS_Scheme_X_Industrial_v2.xlsx; BIS_Schemes_Master.xlsx and cleared as a false duplicate: same keys, different entity identity. Both files are required.",NO,NOT_ARCHIVABLE,Include as a contributing source in the canonical schema,Load every record; write file_id + source row into provenance for each output row.
F026,BIS_Standards_Amendments.xlsx,01_KNOW_YOUR_STANDARD,42,12,504,5d4ce591ded7b900,3,KEEP_DISTINCT_ENTITY,NONE,NONE,0,NONE,0,BIS_Standards_Details_v2 (1).xlsx; BIS_Standards_Details_v2.xlsx; BIS_Standards_Details_v3.xlsx,"Checked against BIS_Standards_Details_v2 (1).xlsx; BIS_Standards_Details_v2.xlsx; BIS_Standards_Details_v3.xlsx and cleared as a false duplicate: same keys, different entity identity. Both files are required.",NO,NOT_ARCHIVABLE,Include as a contributing source in the canonical schema,Load every record; write file_id + source row into provenance for each output row.
F027,BIS_Standards_Details_v2 (1).xlsx,01_KNOW_YOUR_STANDARD,40,19,701,2e1fc53b0d21aada,18,REDUNDANT_ARCHIVE_AFTER_VALIDATION,BIS_Standards_Details_v3.xlsx,BIS_Laboratory_Scopes.xlsx; BIS_Product_Manuals_Master.xlsx; BIS_QCO_Master_Scheme_1.xlsx; BIS_Scheme_IV_FMCS.xlsx; BIS_Standards_Intelligence_Master.xlsx; BIS_Standards_Scheme_Mapping.xlsx …(+1),18,NONE,123,BIS_Standards_Amendments.xlsx,"Fully contained in BIS_Standards_Details_v3.xlsx by measured content. Every record it contributes to another file (7 partner(s)) is contributed at least as fully by that containing file, so archiving this copy removes no record from the corpus.",YES,Phase 6 export validated AND record counts reconciled AND file copied to 99_RAW_ORIGINALS/ARCHIVE_OR_DUPLICATES/ so it stays recoverable,Exclude from the canonical load; keep as an archived original,"Do not load. Verify the covering file first, then archive."
F028,BIS_Standards_Details_v2.xlsx,01_KNOW_YOUR_STANDARD,40,19,701,2e1fc53b0d21aada,18,REDUNDANT_ARCHIVE_AFTER_VALIDATION,BIS_Standards_Details_v2 (1).xlsx; BIS_Standards_Details_v3.xlsx,BIS_Laboratory_Scopes.xlsx; BIS_Product_Manuals_Master.xlsx; BIS_QCO_Master_Scheme_1.xlsx; BIS_Scheme_IV_FMCS.xlsx; BIS_Standards_Intelligence_Master.xlsx; BIS_Standards_Scheme_Mapping.xlsx …(+1),18,NONE,123,BIS_Standards_Amendments.xlsx,"Fully contained in BIS_Standards_Details_v2 (1).xlsx; BIS_Standards_Details_v3.xlsx by measured content. Every record it contributes to another file (7 partner(s)) is contributed at least as fully by that containing file, so archiving this copy removes no record from the corpus.",YES,Phase 6 export validated AND record counts reconciled AND file copied to 99_RAW_ORIGINALS/ARCHIVE_OR_DUPLICATES/ so it stays recoverable,Exclude from the canonical load; keep as an archived original,"Do not load. Verify the covering file first, then archive."
F029,BIS_Standards_Details_v3.xlsx,01_KNOW_YOUR_STANDARD,40,19,701,d7bcbeeabdc1ff78,18,KEEP_DISTINCT_ENTITY,NONE,BIS_Laboratory_Scopes.xlsx; BIS_Product_Manuals_Master.xlsx; BIS_QCO_Master_Scheme_1.xlsx; BIS_Scheme_IV_FMCS.xlsx; BIS_Standards_Intelligence_Master.xlsx; BIS_Standards_Scheme_Mapping.xlsx …(+1),18,BIS_Laboratory_Scopes.xlsx; BIS_Product_Manuals_Master.xlsx; BIS_QCO_Master_Scheme_1.xlsx; BIS_Scheme_IV_FMCS.xlsx; BIS_Standards_Intelligence_Master.xlsx; BIS_Standards_Scheme_Mapping.xlsx …(+1),154,BIS_Standards_Amendments.xlsx,"Checked against BIS_Standards_Amendments.xlsx and cleared as a false duplicate: same keys, different entity identity. Both files are required.",NO,NOT_ARCHIVABLE,Include as a contributing source in the canonical schema,Load every record; write file_id + source row into provenance for each output row.
F030,BIS_Standards_Intelligence_Master.xlsx,08_PRODUCT_SPECIFIC,45,23,1035,73a163c5538469fd,21,KEEP_AND_MERGE_CONTRIBUTES_UNIQUE_RECORDS,NONE,BIS_Laboratory_Scopes.xlsx; BIS_Product_Manuals_Master.xlsx; BIS_QCO-schema_2.xlsx; BIS_QCO_Master_Records (1).xlsx; BIS_QCO_Master_Scheme_1.xlsx; BIS_Scheme_IV_FMCS.xlsx …(+7),42,BIS_Laboratory_Scopes.xlsx; BIS_Product_Manuals_Master.xlsx; BIS_QCO-schema_2.xlsx; BIS_QCO_Master_Records (1).xlsx; BIS_QCO_Master_Scheme_1.xlsx; BIS_Scheme_IV_FMCS.xlsx …(+7),673,NONE,Overlaps other files but holds up to 42 records they do not (BIS_Laboratory_Scopes.xlsx; BIS_Product_Manuals_Master.xlsx; BIS_QCO-schema_2.xlsx; BIS_QCO_Master_Records (1).xlsx …(+9)). Every one of those records must survive the merge.,NO,NOT_ARCHIVABLE,Include as a contributing source in the canonical schema,Load every record; write file_id + source row into provenance for each output row.
F031,BIS_Standards_Scheme_Mapping.xlsx,08_PRODUCT_SPECIFIC,36,23,828,a6e2988a35af3d16,15,KEEP_AND_MERGE_CONTRIBUTES_UNIQUE_RECORDS,NONE,BIS_Laboratory_Scopes.xlsx; BIS_Product_Manuals_Master.xlsx; BIS_QCO_Master_Scheme_1.xlsx; BIS_Scheme_IV_FMCS.xlsx; BIS_Standards_Details_v2 (1).xlsx; BIS_Standards_Details_v2.xlsx …(+3),14,BIS_Laboratory_Scopes.xlsx; BIS_Product_Manuals_Master.xlsx; BIS_QCO_Master_Scheme_1.xlsx; BIS_Scheme_IV_FMCS.xlsx; BIS_Standards_Details_v2 (1).xlsx; BIS_Standards_Details_v2.xlsx …(+3),480,NONE,Overlaps other files but holds up to 14 records they do not (BIS_Laboratory_Scopes.xlsx; BIS_Product_Manuals_Master.xlsx; BIS_QCO_Master_Scheme_1.xlsx; BIS_Scheme_IV_FMCS.xlsx …(+5)). Every one of those records must survive the merge.,NO,NOT_ARCHIVABLE,Include as a contributing source in the canonical schema,Load every record; write file_id + source row into provenance for each output row.
F032,BIS_Testing_Parameters_Master.xlsx,10_TESTING,45,18,787,45451502fe6bfe9b,19,KEEP_AND_MERGE_CONTRIBUTES_UNIQUE_RECORDS,NONE,BIS_Laboratory_Scopes.xlsx; BIS_Product_Manuals_Master.xlsx; BIS_QCO-schema_2.xlsx; BIS_QCO_Master_Records (1).xlsx; BIS_QCO_Master_Scheme_1.xlsx; BIS_Scheme_IV_FMCS.xlsx …(+7),42,BIS_Laboratory_Scopes.xlsx; BIS_Product_Manuals_Master.xlsx; BIS_QCO-schema_2.xlsx; BIS_QCO_Master_Records (1).xlsx; BIS_QCO_Master_Scheme_1.xlsx; BIS_Scheme_IV_FMCS.xlsx …(+7),304,NONE,Overlaps other files but holds up to 42 records they do not (BIS_Laboratory_Scopes.xlsx; BIS_Product_Manuals_Master.xlsx; BIS_QCO-schema_2.xlsx; BIS_QCO_Master_Records (1).xlsx …(+9)). Every one of those records must survive the merge.,NO,NOT_ARCHIVABLE,Include as a contributing source in the canonical schema,Load every record; write file_id + source row into provenance for each output row.
F033,bis_circulars (1).csv,16_ACT_RULES_REGULATIONS,160,11,1373,55a53134aa2ee8b2,3,KEEP_DISTINCT_ENTITY,NONE,NONE,0,NONE,0,BIS_Notifications_Master.xlsx,"Checked against BIS_Notifications_Master.xlsx and cleared as a false duplicate: same keys, different entity identity. Both files are required.",NO,NOT_ARCHIVABLE,Include as a contributing source in the canonical schema,Load every record; write file_id + source row into provenance for each output row.
F034,bis_gazette_notification.csv,16_ACT_RULES_REGULATIONS,1798,4,4844,0de9f095951722f4,6,KEEP_DISTINCT_ENTITY,NONE,NONE,0,NONE,0,BIS_Notifications_Master.xlsx,"Checked against BIS_Notifications_Master.xlsx and cleared as a false duplicate: same keys, different entity identity. Both files are required.",NO,NOT_ARCHIVABLE,Include as a contributing source in the canonical schema,Load every record; write file_id + source row into provenance for each output row.
F035,bis_laboratories.csv,14_LIMS_LABS,431,11,4256,4f2c0804744fb121,4,KEEP_DISTINCT_ENTITY,NONE,BIS_Recognized_Laboratories.xlsx,429,BIS_Recognized_Laboratories.xlsx,8,bis_topic17_hallmarking_centres.csv,"Checked against bis_topic17_hallmarking_centres.csv and cleared as a false duplicate: same keys, different entity identity. Both files are required.",NO,NOT_ARCHIVABLE,Include as a contributing source in the canonical schema,Load every record; write file_id + source row into provenance for each output row.
F036,bis_product_certification_faq (1).csv,12_CERTIFICATION_FAQ,28,8,224,95ad2cc425f9b593,6,KEEP_AND_MERGE_CONTRIBUTES_UNIQUE_RECORDS,NONE,BIS_FAQs_Master.xlsx,28,BIS_FAQs_Master.xlsx,0,NONE,Overlaps other files but holds up to 28 records they do not (BIS_FAQs_Master.xlsx). Every one of those records must survive the merge.,NO,NOT_ARCHIVABLE,Include as a contributing source in the canonical schema,Load every record; write file_id + source row into provenance for each output row.
F037,bis_product_certifications.csv,11_CERTIFICATION_PROCESS,71,9,511,e25696b6333dc8a5,4,KEEP_PENDING_REVIEW,NONE,NONE,0,NONE,0,NONE,Participates in 4 compared pairs with no relationship strong enough to establish coverage. Kept until Phase 3 review.,NO,NOT_ARCHIVABLE,Include as a contributing source in the canonical schema,Load every record; write file_id + source row into provenance for each output row.
F038,bis_topic17_hallmarking_centres.csv,20_HALLMARKING_CENTRES,1658,14,23212,f110ffab88f8163f,3,KEEP_DISTINCT_ENTITY,NONE,bis_topic17_hallmarking_centres_cancelled_suspended.csv,1522,bis_topic17_hallmarking_centres_cancelled_suspended.csv,273,BIS_Recognized_Laboratories.xlsx; bis_laboratories.csv,"Checked against BIS_Recognized_Laboratories.xlsx; bis_laboratories.csv and cleared as a false duplicate: same keys, different entity identity. Both files are required.",NO,NOT_ARCHIVABLE,Include as a contributing source in the canonical schema,Load every record; write file_id + source row into provenance for each output row.
F039,bis_topic17_hallmarking_centres_cancelled_suspended.csv,20_HALLMARKING_CENTRES,722,17,11551,c903091f9a03d45f,2,KEEP_DISTINCT_ENTITY,NONE,bis_topic17_hallmarking_centres.csv,586,bis_topic17_hallmarking_centres.csv,273,BIS_Recognized_Laboratories.xlsx,"Checked against BIS_Recognized_Laboratories.xlsx and cleared as a false duplicate: same keys, different entity identity. Both files are required.",NO,NOT_ARCHIVABLE,Include as a contributing source in the canonical schema,Load every record; write file_id + source row into provenance for each output row.
F040,data__raw__fmcs_all_fmcs_list_raw.csv,22_FMCS,3135,9,28215,167361888a3a034c,6,KEEP_DISTINCT_ENTITY,NONE,NONE,0,NONE,0,output__fmcs_country_coverage.csv; output__topic19_official_documents.csv,"Checked against output__fmcs_country_coverage.csv; output__topic19_official_documents.csv and cleared as a false duplicate: same keys, different entity identity. Both files are required.",NO,NOT_ARCHIVABLE,Include as a contributing source in the canonical schema,Load every record; write file_id + source row into provenance for each output row.
F041,output__extraction_log.csv,OTHER_RELEVANT,12,6,72,898b23b8dfb217d6,0,KEEP_AS_CANONICAL_UNIQUE,NONE,NONE,0,NONE,0,NONE,No content link to any other file passed the deep-compare gate: this dataset is unique in the corpus.,NO,NOT_ARCHIVABLE,Include as a contributing source in the canonical schema,Load every record; write file_id + source row into provenance for each output row.
F042,output__fmcs_country_coverage.csv,22_FMCS,74,3,222,99e5b1720ccb6b9c,5,KEEP_DISTINCT_ENTITY,NONE,NONE,0,NONE,0,BIS_Scheme_IV_FMCS.xlsx; data__raw__fmcs_all_fmcs_list_raw.csv; output__fmcs_is_coverage.csv; output__topic18_fmcs_manufacturers.csv …(+1),"Checked against BIS_Scheme_IV_FMCS.xlsx; data__raw__fmcs_all_fmcs_list_raw.csv; output__fmcs_is_coverage.csv; output__topic18_fmcs_manufacturers.csv …(+1) and cleared as a false duplicate: same keys, different entity identity. Both files are required.",NO,NOT_ARCHIVABLE,Include as a contributing source in the canonical schema,Load every record; write file_id + source row into provenance for each output row.
F043,output__fmcs_is_coverage.csv,22_FMCS,423,3,1269,a40a4b7c4afe3b51,6,KEEP_DISTINCT_ENTITY,NONE,BIS_Scheme_IV_FMCS.xlsx,420,BIS_Scheme_IV_FMCS.xlsx,0,output__fmcs_country_coverage.csv; output__topic19_official_documents.csv,"Checked against output__fmcs_country_coverage.csv; output__topic19_official_documents.csv and cleared as a false duplicate: same keys, different entity identity. Both files are required.",NO,NOT_ARCHIVABLE,Include as a contributing source in the canonical schema,Load every record; write file_id + source row into provenance for each output row.
F044,output__source_inventory.csv,OTHER_RELEVANT,46,12,464,627be3d4e0f61775,2,KEEP_PENDING_REVIEW,NONE,NONE,0,NONE,0,NONE,Participates in 2 compared pairs with no relationship strong enough to establish coverage. Kept until Phase 3 review.,NO,NOT_ARCHIVABLE,Include as a contributing source in the canonical schema,Load every record; write file_id + source row into provenance for each output row.
F045,output__topic18_fmcs_manufacturers.csv,22_FMCS,3135,17,53187,93950b662fba9fd4,6,KEEP_DISTINCT_ENTITY,NONE,NONE,0,NONE,0,output__fmcs_country_coverage.csv; output__topic19_official_documents.csv,"Checked against output__fmcs_country_coverage.csv; output__topic19_official_documents.csv and cleared as a false duplicate: same keys, different entity identity. Both files are required.",NO,NOT_ARCHIVABLE,Include as a contributing source in the canonical schema,Load every record; write file_id + source row into provenance for each output row.
F046,output__topic19_official_documents.csv,22_FMCS,22,17,214,f158416fc5eb11e2,7,KEEP_DISTINCT_ENTITY,NONE,NONE,0,NONE,0,BIS_Scheme_IV_FMCS.xlsx; data__raw__fmcs_all_fmcs_list_raw.csv; output__fmcs_country_coverage.csv; output__fmcs_is_coverage.csv …(+1),"Checked against BIS_Scheme_IV_FMCS.xlsx; data__raw__fmcs_all_fmcs_list_raw.csv; output__fmcs_country_coverage.csv; output__fmcs_is_coverage.csv …(+1) and cleared as a false duplicate: same keys, different entity identity. Both files are required.",NO,NOT_ARCHIVABLE,Include as a contributing source in the canonical schema,Load every record; write file_id + source row into provenance for each output row.
F047,output__topic20_provenance.csv,OTHER_RELEVANT,44154,19,564707,e1d1ef797ee80296,2,KEEP_PENDING_REVIEW,NONE,NONE,0,NONE,0,NONE,Participates in 2 compared pairs with no relationship strong enough to establish coverage. Kept until Phase 3 review.,NO,NOT_ARCHIVABLE,Include as a contributing source in the canonical schema,Load every record; write file_id + source row into provenance for each output row.
F048,output__unresolved_records.csv,OTHER_RELEVANT,22,6,129,8f6205fb736198fa,0,KEEP_AS_CANONICAL_UNIQUE,NONE,NONE,0,NONE,0,NONE,No content link to any other file passed the deep-compare gate: this dataset is unique in the corpus.,NO,NOT_ARCHIVABLE,Include as a contributing source in the canonical schema,Load every record; write file_id + source row into provenance for each output row.
F049,sih26107-project-analysis.pdf,OTHER_RELEVANT,0,0,0,5e9d360b1c37a4a5,0,NOT_TABULAR_KEEP_AS_REFERENCE,NONE,NONE,0,NONE,0,NONE,"Not a tabular dataset, so it takes no part in duplicate analysis. Retained unchanged as a source document.",NO,NOT_ARCHIVABLE,Include as a contributing source in the canonical schema,Load every record; write file_id + source row into provenance for each output row.
