file_id,original_filename,sheet_name,column_or_sheet,flag,metric,semantic_type,total_rows,phase4_action
F001,05_scheme_ii.csv,05_scheme_ii,table_caption,MULTIVALUE_COLUMN,ratio=0.987,TITLE,78,Explode into a 90_RELATIONSHIPS child table; do NOT keep as a comma-separated cell.
F001,05_scheme_ii.csv,05_scheme_ii,standard_year,HIGH_PLACEHOLDER_COLUMN,21.8% placeholder (17/78),YEAR,78,Convert placeholder cells to NULL + missing_reason; keep the 61 informative values.
F001,05_scheme_ii.csv,05_scheme_ii,title,MULTIVALUE_COLUMN,ratio=0.718,TITLE,78,Explode into a 90_RELATIONSHIPS child table; do NOT keep as a comma-separated cell.
F001,05_scheme_ii.csv,05_scheme_ii,notification_reference,HIGH_PLACEHOLDER_COLUMN,79.5% placeholder (62/78),FREE_TEXT,78,Convert placeholder cells to NULL + missing_reason; keep the 16 informative values.
F001,05_scheme_ii.csv,05_scheme_ii,notification_reference,MULTIVALUE_COLUMN,ratio=1.0,FREE_TEXT,78,Explode into a 90_RELATIONSHIPS child table; do NOT keep as a comma-separated cell.
F001,05_scheme_ii.csv,05_scheme_ii,missing_reason,HIGH_PLACEHOLDER_COLUMN,20.5% placeholder (16/78),MISSING_REASON,78,Convert placeholder cells to NULL + missing_reason; keep the 62 informative values.
F002,06_scheme_iv.csv,06_scheme_iv,title,FULLY_PLACEHOLDER_COLUMN,6/6 placeholder,TITLE,6,Zero informative values. Convert every cell to NULL + missing_reason=PLACEHOLDER_IN_SOURCE; never emit 'N/A'.
F002,06_scheme_iv.csv,06_scheme_iv,specific_requirement,MULTIVALUE_COLUMN,ratio=0.667,DESCRIPTIVE_TEXT,6,Explode into a 90_RELATIONSHIPS child table; do NOT keep as a comma-separated cell.
F002,06_scheme_iv.csv,06_scheme_iv,notified_by,MULTIVALUE_COLUMN,ratio=1.0,AUTHORITY_OR_PARTY,6,Explode into a 90_RELATIONSHIPS child table; do NOT keep as a comma-separated cell.
F002,06_scheme_iv.csv,06_scheme_iv,notification_reference,MULTIVALUE_COLUMN,ratio=0.833,FREE_TEXT,6,Explode into a 90_RELATIONSHIPS child table; do NOT keep as a comma-separated cell.
F002,06_scheme_iv.csv,06_scheme_iv,missing_reason,HIGH_PLACEHOLDER_COLUMN,83.3% placeholder (5/6),MISSING_REASON,6,Convert placeholder cells to NULL + missing_reason; keep the 1 informative values.
F003,07_scheme_x.csv,07_scheme_x,scheme_label,MULTIVALUE_COLUMN,ratio=0.385,SCHEME_NAME,52,Explode into a 90_RELATIONSHIPS child table; do NOT keep as a comma-separated cell.
F003,07_scheme_x.csv,07_scheme_x,raw_is_number,HIGH_PLACEHOLDER_COLUMN,36.5% placeholder (19/52),IS_NUMBER,52,Convert placeholder cells to NULL + missing_reason; keep the 33 informative values.
F003,07_scheme_x.csv,07_scheme_x,canonical_is_number,HIGH_PLACEHOLDER_COLUMN,36.5% placeholder (19/52),IS_NUMBER,52,Convert placeholder cells to NULL + missing_reason; keep the 33 informative values.
F003,07_scheme_x.csv,07_scheme_x,display_is_number,HIGH_PLACEHOLDER_COLUMN,36.5% placeholder (19/52),IS_NUMBER,52,Convert placeholder cells to NULL + missing_reason; keep the 33 informative values.
F003,07_scheme_x.csv,07_scheme_x,standard_year,HIGH_PLACEHOLDER_COLUMN,36.5% placeholder (19/52),YEAR,52,Convert placeholder cells to NULL + missing_reason; keep the 33 informative values.
F003,07_scheme_x.csv,07_scheme_x,title,HIGH_PLACEHOLDER_COLUMN,42.3% placeholder (22/52),TITLE,52,Convert placeholder cells to NULL + missing_reason; keep the 30 informative values.
F003,07_scheme_x.csv,07_scheme_x,title,MULTIVALUE_COLUMN,ratio=1.0,TITLE,52,Explode into a 90_RELATIONSHIPS child table; do NOT keep as a comma-separated cell.
F003,07_scheme_x.csv,07_scheme_x,product_name,MULTIVALUE_COLUMN,ratio=0.731,PRODUCT_NAME,52,Explode into a 90_RELATIONSHIPS child table; do NOT keep as a comma-separated cell.
F003,07_scheme_x.csv,07_scheme_x,specific_requirement,HIGH_PLACEHOLDER_COLUMN,38.5% placeholder (20/52),DESCRIPTIVE_TEXT,52,Convert placeholder cells to NULL + missing_reason; keep the 32 informative values.
F003,07_scheme_x.csv,07_scheme_x,notification_reference,MULTIVALUE_COLUMN,ratio=1.0,FREE_TEXT,52,Explode into a 90_RELATIONSHIPS child table; do NOT keep as a comma-separated cell.
F003,07_scheme_x.csv,07_scheme_x,missing_reason,HIGH_PLACEHOLDER_COLUMN,55.8% placeholder (29/52),MISSING_REASON,52,Convert placeholder cells to NULL + missing_reason; keep the 23 informative values.
F004,17_source_conflicts.csv,17_source_conflicts,entity_key,MULTIVALUE_COLUMN,ratio=1.0,IS_RELATIONSHIP,2,Explode into a 90_RELATIONSHIPS child table; do NOT keep as a comma-separated cell.
F004,17_source_conflicts.csv,17_source_conflicts,resolved_value,FULLY_PLACEHOLDER_COLUMN,2/2 placeholder,EMPTY_COLUMN,2,Zero informative values. Convert every cell to NULL + missing_reason=PLACEHOLDER_IN_SOURCE; never emit 'N/A'.
F004,17_source_conflicts.csv,17_source_conflicts,notes,MULTIVALUE_COLUMN,ratio=1.0,DESCRIPTIVE_TEXT,2,Explode into a 90_RELATIONSHIPS child table; do NOT keep as a comma-separated cell.
F006,BIS_FAQs_Master.xlsx,BIS_FAQs_Master,answer,MULTIVALUE_COLUMN,ratio=0.786,FAQ_ANSWER,98,Explode into a 90_RELATIONSHIPS child table; do NOT keep as a comma-separated cell.
F007,BIS_Laboratory_Scopes.xlsx,BIS_Laboratory_Scopes,test_name,MULTIVALUE_COLUMN,ratio=0.733,TEST_NAME,45,Explode into a 90_RELATIONSHIPS child table; do NOT keep as a comma-separated cell.
F008,BIS_Mandatory_Hallmarking_Orders.xlsx,Mandatory_Hallmarking_Orders,order_title,MULTIVALUE_COLUMN,ratio=1.0,TITLE,14,Explode into a 90_RELATIONSHIPS child table; do NOT keep as a comma-separated cell.
F009,BIS_Notifications_Master.xlsx,BIS_Notifications_Master,title,MULTIVALUE_COLUMN,ratio=0.774,TITLE,31,Explode into a 90_RELATIONSHIPS child table; do NOT keep as a comma-separated cell.
F009,BIS_Notifications_Master.xlsx,BIS_Notifications_Master,ministry,MULTIVALUE_COLUMN,ratio=1.0,AUTHORITY_OR_PARTY,31,Explode into a 90_RELATIONSHIPS child table; do NOT keep as a comma-separated cell.
F010,BIS_Product_Manuals_Master.xlsx,BIS_Product_Manuals,raw_material_requirements,MULTIVALUE_COLUMN,ratio=0.316,UNCLASSIFIED_STRING,40,Explode into a 90_RELATIONSHIPS child table; do NOT keep as a comma-separated cell.
F010,BIS_Product_Manuals_Master.xlsx,BIS_Product_Manuals,process_requirements,MULTIVALUE_COLUMN,ratio=0.575,UNCLASSIFIED_STRING,40,Explode into a 90_RELATIONSHIPS child table; do NOT keep as a comma-separated cell.
F010,BIS_Product_Manuals_Master.xlsx,BIS_Product_Manuals,testing_requirements,MULTIVALUE_COLUMN,ratio=0.85,UNCLASSIFIED_STRING,40,Explode into a 90_RELATIONSHIPS child table; do NOT keep as a comma-separated cell.
F011,BIS_Products_Details.xlsx,Products_Details,alternate_names,MULTIVALUE_COLUMN,ratio=0.65,PRODUCT_NAME,40,Explode into a 90_RELATIONSHIPS child table; do NOT keep as a comma-separated cell.
F011,BIS_Products_Details.xlsx,Products_Details,description,MULTIVALUE_COLUMN,ratio=0.925,DESCRIPTIVE_TEXT,40,Explode into a 90_RELATIONSHIPS child table; do NOT keep as a comma-separated cell.
F011,BIS_Products_Details.xlsx,Products_Details,keywords,MULTIVALUE_COLUMN,ratio=1.0,DESCRIPTIVE_TEXT,40,Explode into a 90_RELATIONSHIPS child table; do NOT keep as a comma-separated cell.
F012,BIS_Products_Full_Information.xlsx,Products_Details,alternate_names,MULTIVALUE_COLUMN,ratio=0.4,PRODUCT_NAME,40,Explode into a 90_RELATIONSHIPS child table; do NOT keep as a comma-separated cell.
F012,BIS_Products_Full_Information.xlsx,Products_Details,description,MULTIVALUE_COLUMN,ratio=1.0,DESCRIPTIVE_TEXT,40,Explode into a 90_RELATIONSHIPS child table; do NOT keep as a comma-separated cell.
F012,BIS_Products_Full_Information.xlsx,Products_Details,keywords,MULTIVALUE_COLUMN,ratio=1.0,DESCRIPTIVE_TEXT,40,Explode into a 90_RELATIONSHIPS child table; do NOT keep as a comma-separated cell.
F012,BIS_Products_Full_Information.xlsx,Products_Details,related_IS_numbers,MULTIVALUE_COLUMN,ratio=0.775,IS_RELATIONSHIP,40,Explode into a 90_RELATIONSHIPS child table; do NOT keep as a comma-separated cell.
F013,BIS_Products_Full_Information_v2.xlsx,Products_Details,alternate_names,MULTIVALUE_COLUMN,ratio=0.4,PRODUCT_NAME,40,Explode into a 90_RELATIONSHIPS child table; do NOT keep as a comma-separated cell.
F013,BIS_Products_Full_Information_v2.xlsx,Products_Details,description,MULTIVALUE_COLUMN,ratio=1.0,DESCRIPTIVE_TEXT,40,Explode into a 90_RELATIONSHIPS child table; do NOT keep as a comma-separated cell.
F013,BIS_Products_Full_Information_v2.xlsx,Products_Details,keywords,MULTIVALUE_COLUMN,ratio=1.0,DESCRIPTIVE_TEXT,40,Explode into a 90_RELATIONSHIPS child table; do NOT keep as a comma-separated cell.
F013,BIS_Products_Full_Information_v2.xlsx,Products_Details,related_IS_numbers,MULTIVALUE_COLUMN,ratio=0.775,IS_RELATIONSHIP,40,Explode into a 90_RELATIONSHIPS child table; do NOT keep as a comma-separated cell.
F014,BIS_QCO-schema_2.xlsx,BIS_QCO-schema_2,qco_name,MULTIVALUE_COLUMN,ratio=1.0,QCO_REFERENCE,40,Explode into a 90_RELATIONSHIPS child table; do NOT keep as a comma-separated cell.
F014,BIS_QCO-schema_2.xlsx,BIS_QCO-schema_2,ministry,MULTIVALUE_COLUMN,ratio=1.0,AUTHORITY_OR_PARTY,40,Explode into a 90_RELATIONSHIPS child table; do NOT keep as a comma-separated cell.
F014,BIS_QCO-schema_2.xlsx,BIS_QCO-schema_2,exclusions,MULTIVALUE_COLUMN,ratio=0.375,DESCRIPTIVE_TEXT,40,Explode into a 90_RELATIONSHIPS child table; do NOT keep as a comma-separated cell.
F014,BIS_QCO-schema_2.xlsx,BIS_QCO-schema_2,amendments,MULTIVALUE_COLUMN,ratio=0.4,UNCLASSIFIED_STRING,40,Explode into a 90_RELATIONSHIPS child table; do NOT keep as a comma-separated cell.
F014,BIS_QCO-schema_2.xlsx,BIS_QCO-schema_2,extensions,MULTIVALUE_COLUMN,ratio=0.35,UNCLASSIFIED_STRING,40,Explode into a 90_RELATIONSHIPS child table; do NOT keep as a comma-separated cell.
F015,BIS_QCO_Master_Records (1).xlsx,QCO_Master_Records,qco_name,MULTIVALUE_COLUMN,ratio=0.933,QCO_REFERENCE,15,Explode into a 90_RELATIONSHIPS child table; do NOT keep as a comma-separated cell.
F015,BIS_QCO_Master_Records (1).xlsx,QCO_Master_Records,product,MULTIVALUE_COLUMN,ratio=0.333,PRODUCT_NAME,15,Explode into a 90_RELATIONSHIPS child table; do NOT keep as a comma-separated cell.
F015,BIS_QCO_Master_Records (1).xlsx,QCO_Master_Records,effective_date,HIGH_PLACEHOLDER_COLUMN,93.3% placeholder (14/15),EFFECTIVE_DATE,15,Convert placeholder cells to NULL + missing_reason; keep the 1 informative values.
F015,BIS_QCO_Master_Records (1).xlsx,QCO_Master_Records,scope,MULTIVALUE_COLUMN,ratio=0.667,DESCRIPTIVE_TEXT,15,Explode into a 90_RELATIONSHIPS child table; do NOT keep as a comma-separated cell.
F015,BIS_QCO_Master_Records (1).xlsx,QCO_Master_Records,exclusions,HIGH_PLACEHOLDER_COLUMN,46.7% placeholder (7/15),DESCRIPTIVE_TEXT,15,Convert placeholder cells to NULL + missing_reason; keep the 8 informative values.
F015,BIS_QCO_Master_Records (1).xlsx,QCO_Master_Records,amendments,HIGH_PLACEHOLDER_COLUMN,46.7% placeholder (7/15),UNCLASSIFIED_STRING,15,Convert placeholder cells to NULL + missing_reason; keep the 8 informative values.
F015,BIS_QCO_Master_Records (1).xlsx,QCO_Master_Records,extensions,HIGH_PLACEHOLDER_COLUMN,93.3% placeholder (14/15),UNCLASSIFIED_STRING,15,Convert placeholder cells to NULL + missing_reason; keep the 1 informative values.
F015,BIS_QCO_Master_Records (1).xlsx,QCO_Master_Records,deferments,FULLY_PLACEHOLDER_COLUMN,15/15 placeholder,EMPTY_COLUMN,15,Zero informative values. Convert every cell to NULL + missing_reason=PLACEHOLDER_IN_SOURCE; never emit 'N/A'.
F015,BIS_QCO_Master_Records (1).xlsx,QCO_Master_Records,corrigendas,FULLY_PLACEHOLDER_COLUMN,15/15 placeholder,EMPTY_COLUMN,15,Zero informative values. Convert every cell to NULL + missing_reason=PLACEHOLDER_IN_SOURCE; never emit 'N/A'.
F015,BIS_QCO_Master_Records (1).xlsx,QCO_Master_Records,supersession,HIGH_PLACEHOLDER_COLUMN,93.3% placeholder (14/15),UNCLASSIFIED_STRING,15,Convert placeholder cells to NULL + missing_reason; keep the 1 informative values.
F016,BIS_QCO_Master_Records.xlsx,QCO_Master_Details,product,MULTIVALUE_COLUMN,ratio=0.333,PRODUCT_NAME,3,Explode into a 90_RELATIONSHIPS child table; do NOT keep as a comma-separated cell.
F016,BIS_QCO_Master_Records.xlsx,QCO_Master_Details,IS_numbers,MULTIVALUE_COLUMN,ratio=0.667,IS_RELATIONSHIP,3,Explode into a 90_RELATIONSHIPS child table; do NOT keep as a comma-separated cell.
F016,BIS_QCO_Master_Records.xlsx,QCO_Master_Details,ministry,MULTIVALUE_COLUMN,ratio=1.0,AUTHORITY_OR_PARTY,3,Explode into a 90_RELATIONSHIPS child table; do NOT keep as a comma-separated cell.
F016,BIS_QCO_Master_Records.xlsx,QCO_Master_Details,department,MULTIVALUE_COLUMN,ratio=1.0,AUTHORITY_OR_PARTY,3,Explode into a 90_RELATIONSHIPS child table; do NOT keep as a comma-separated cell.
F016,BIS_QCO_Master_Records.xlsx,QCO_Master_Details,scope,MULTIVALUE_COLUMN,ratio=0.333,DESCRIPTIVE_TEXT,3,Explode into a 90_RELATIONSHIPS child table; do NOT keep as a comma-separated cell.
F016,BIS_QCO_Master_Records.xlsx,QCO_Master_Details,exclusions,MULTIVALUE_COLUMN,ratio=0.333,DESCRIPTIVE_TEXT,3,Explode into a 90_RELATIONSHIPS child table; do NOT keep as a comma-separated cell.
F016,BIS_QCO_Master_Records.xlsx,QCO_Master_Details,amendments,HIGH_PLACEHOLDER_COLUMN,33.3% placeholder (1/3),UNCLASSIFIED_STRING,3,Convert placeholder cells to NULL + missing_reason; keep the 2 informative values.
F016,BIS_QCO_Master_Records.xlsx,QCO_Master_Details,deferments,FULLY_PLACEHOLDER_COLUMN,3/3 placeholder,EMPTY_COLUMN,3,Zero informative values. Convert every cell to NULL + missing_reason=PLACEHOLDER_IN_SOURCE; never emit 'N/A'.
F016,BIS_QCO_Master_Records.xlsx,QCO_Master_Details,corrigendas,FULLY_PLACEHOLDER_COLUMN,3/3 placeholder,EMPTY_COLUMN,3,Zero informative values. Convert every cell to NULL + missing_reason=PLACEHOLDER_IN_SOURCE; never emit 'N/A'.
F016,BIS_QCO_Master_Records.xlsx,QCO_Master_Details,supersession,FULLY_PLACEHOLDER_COLUMN,3/3 placeholder,EMPTY_COLUMN,3,Zero informative values. Convert every cell to NULL + missing_reason=PLACEHOLDER_IN_SOURCE; never emit 'N/A'.
F017,BIS_QCO_Master_Records_v3.xlsx,QCO_Master_Records,notification_date,MULTIVALUE_COLUMN,ratio=0.917,DATE,12,Explode into a 90_RELATIONSHIPS child table; do NOT keep as a comma-separated cell.
F017,BIS_QCO_Master_Records_v3.xlsx,QCO_Master_Records,ministry,MULTIVALUE_COLUMN,ratio=0.917,AUTHORITY_OR_PARTY,12,Explode into a 90_RELATIONSHIPS child table; do NOT keep as a comma-separated cell.
F017,BIS_QCO_Master_Records_v3.xlsx,QCO_Master_Records,scope,MULTIVALUE_COLUMN,ratio=1.0,DESCRIPTIVE_TEXT,12,Explode into a 90_RELATIONSHIPS child table; do NOT keep as a comma-separated cell.
F017,BIS_QCO_Master_Records_v3.xlsx,QCO_Master_Records,deferments,FULLY_PLACEHOLDER_COLUMN,12/12 placeholder,EMPTY_COLUMN,12,Zero informative values. Convert every cell to NULL + missing_reason=PLACEHOLDER_IN_SOURCE; never emit 'N/A'.
F018,BIS_QCO_Master_Scheme_1.xlsx,BIS_QCO_Master_Scheme_1,QCO / Order,MULTIVALUE_COLUMN,ratio=0.975,QCO_REFERENCE,40,Explode into a 90_RELATIONSHIPS child table; do NOT keep as a comma-separated cell.
F018,BIS_QCO_Master_Scheme_1.xlsx,BIS_QCO_Master_Scheme_1,Ministry,MULTIVALUE_COLUMN,ratio=0.95,AUTHORITY_OR_PARTY,40,Explode into a 90_RELATIONSHIPS child table; do NOT keep as a comma-separated cell.
F018,BIS_QCO_Master_Scheme_1.xlsx,BIS_QCO_Master_Scheme_1,Notification Number,MULTIVALUE_COLUMN,ratio=0.35,UNCLASSIFIED_STRING,40,Explode into a 90_RELATIONSHIPS child table; do NOT keep as a comma-separated cell.
F018,BIS_QCO_Master_Scheme_1.xlsx,BIS_QCO_Master_Scheme_1,Effective / Implementation Date,MULTIVALUE_COLUMN,ratio=0.775,EFFECTIVE_DATE,40,Explode into a 90_RELATIONSHIPS child table; do NOT keep as a comma-separated cell.
F018,BIS_QCO_Master_Scheme_1.xlsx,BIS_QCO_Master_Scheme_1,Scope,MULTIVALUE_COLUMN,ratio=0.725,DESCRIPTIVE_TEXT,40,Explode into a 90_RELATIONSHIPS child table; do NOT keep as a comma-separated cell.
F019,BIS_QCO_Summary.xlsx,QCO_Summary,QCO Name / Identifier,MULTIVALUE_COLUMN,ratio=0.971,QCO_REFERENCE,35,Explode into a 90_RELATIONSHIPS child table; do NOT keep as a comma-separated cell.
F019,BIS_QCO_Summary.xlsx,QCO_Summary,Key Scope / Exclusions / Amendments,MULTIVALUE_COLUMN,ratio=0.8,FREE_TEXT,35,Explode into a 90_RELATIONSHIPS child table; do NOT keep as a comma-separated cell.
F020,BIS_Recognized_Laboratories.xlsx,BIS_Recognized_Labs,lab_name,MULTIVALUE_COLUMN,ratio=0.333,LAB_IDENTITY,15,Explode into a 90_RELATIONSHIPS child table; do NOT keep as a comma-separated cell.
F020,BIS_Recognized_Laboratories.xlsx,BIS_Recognized_Labs,address,MULTIVALUE_COLUMN,ratio=0.867,ADDRESS,15,Explode into a 90_RELATIONSHIPS child table; do NOT keep as a comma-separated cell.
F021,BIS_Scheme_IV_FMCS.xlsx,BIS_FMCS_Scheme_IV,Scope,MULTIVALUE_COLUMN,ratio=1.0,DESCRIPTIVE_TEXT,40,Explode into a 90_RELATIONSHIPS child table; do NOT keep as a comma-separated cell.
F021,BIS_Scheme_IV_FMCS.xlsx,BIS_FMCS_Scheme_IV,Requirements,MULTIVALUE_COLUMN,ratio=1.0,DESCRIPTIVE_TEXT,40,Explode into a 90_RELATIONSHIPS child table; do NOT keep as a comma-separated cell.
F021,BIS_Scheme_IV_FMCS.xlsx,BIS_FMCS_Scheme_IV,Related QCO,MULTIVALUE_COLUMN,ratio=1.0,QCO_REFERENCE,40,Explode into a 90_RELATIONSHIPS child table; do NOT keep as a comma-separated cell.
F022,BIS_Scheme_X_Industrial.xlsx,BIS_Scheme_X,IS Number,MULTIVALUE_COLUMN,ratio=0.4,IS_RELATIONSHIP,5,Explode into a 90_RELATIONSHIPS child table; do NOT keep as a comma-separated cell.
F022,BIS_Scheme_X_Industrial.xlsx,BIS_Scheme_X,Product,MULTIVALUE_COLUMN,ratio=0.8,PRODUCT_NAME,5,Explode into a 90_RELATIONSHIPS child table; do NOT keep as a comma-separated cell.
F022,BIS_Scheme_X_Industrial.xlsx,BIS_Scheme_X,Scheme Name,MULTIVALUE_COLUMN,ratio=1.0,SCHEME_NAME,5,Explode into a 90_RELATIONSHIPS child table; do NOT keep as a comma-separated cell.
F022,BIS_Scheme_X_Industrial.xlsx,BIS_Scheme_X,Certification Type,MULTIVALUE_COLUMN,ratio=1.0,CERTIFICATION_TYPE,5,Explode into a 90_RELATIONSHIPS child table; do NOT keep as a comma-separated cell.
F022,BIS_Scheme_X_Industrial.xlsx,BIS_Scheme_X,Scope,MULTIVALUE_COLUMN,ratio=1.0,DESCRIPTIVE_TEXT,5,Explode into a 90_RELATIONSHIPS child table; do NOT keep as a comma-separated cell.
F022,BIS_Scheme_X_Industrial.xlsx,BIS_Scheme_X,Requirements,MULTIVALUE_COLUMN,ratio=1.0,DESCRIPTIVE_TEXT,5,Explode into a 90_RELATIONSHIPS child table; do NOT keep as a comma-separated cell.
F022,BIS_Scheme_X_Industrial.xlsx,BIS_Scheme_X,Related QCO,MULTIVALUE_COLUMN,ratio=0.4,QCO_REFERENCE,5,Explode into a 90_RELATIONSHIPS child table; do NOT keep as a comma-separated cell.
F022,BIS_Scheme_X_Industrial.xlsx,BIS_Scheme_X,Related SIT,MULTIVALUE_COLUMN,ratio=0.6,UNCLASSIFIED_STRING,5,Explode into a 90_RELATIONSHIPS child table; do NOT keep as a comma-separated cell.
F023,BIS_Scheme_X_Industrial_v2.xlsx,BIS_Scheme_X,IS Number,MULTIVALUE_COLUMN,ratio=0.4,IS_RELATIONSHIP,5,Explode into a 90_RELATIONSHIPS child table; do NOT keep as a comma-separated cell.
F023,BIS_Scheme_X_Industrial_v2.xlsx,BIS_Scheme_X,Product,MULTIVALUE_COLUMN,ratio=0.8,PRODUCT_NAME,5,Explode into a 90_RELATIONSHIPS child table; do NOT keep as a comma-separated cell.
F023,BIS_Scheme_X_Industrial_v2.xlsx,BIS_Scheme_X,Scheme Name,MULTIVALUE_COLUMN,ratio=1.0,SCHEME_NAME,5,Explode into a 90_RELATIONSHIPS child table; do NOT keep as a comma-separated cell.
F023,BIS_Scheme_X_Industrial_v2.xlsx,BIS_Scheme_X,Certification Type,MULTIVALUE_COLUMN,ratio=1.0,CERTIFICATION_TYPE,5,Explode into a 90_RELATIONSHIPS child table; do NOT keep as a comma-separated cell.
F023,BIS_Scheme_X_Industrial_v2.xlsx,BIS_Scheme_X,Scope,MULTIVALUE_COLUMN,ratio=1.0,DESCRIPTIVE_TEXT,5,Explode into a 90_RELATIONSHIPS child table; do NOT keep as a comma-separated cell.
F023,BIS_Scheme_X_Industrial_v2.xlsx,BIS_Scheme_X,Requirements,MULTIVALUE_COLUMN,ratio=1.0,DESCRIPTIVE_TEXT,5,Explode into a 90_RELATIONSHIPS child table; do NOT keep as a comma-separated cell.
F023,BIS_Scheme_X_Industrial_v2.xlsx,BIS_Scheme_X,Related QCO,MULTIVALUE_COLUMN,ratio=0.4,QCO_REFERENCE,5,Explode into a 90_RELATIONSHIPS child table; do NOT keep as a comma-separated cell.
F023,BIS_Scheme_X_Industrial_v2.xlsx,BIS_Scheme_X,Related SIT,MULTIVALUE_COLUMN,ratio=0.6,UNCLASSIFIED_STRING,5,Explode into a 90_RELATIONSHIPS child table; do NOT keep as a comma-separated cell.
F024,BIS_Schemes_Master.xlsx,BIS_Schemes_Master,scope,MULTIVALUE_COLUMN,ratio=0.575,DESCRIPTIVE_TEXT,40,Explode into a 90_RELATIONSHIPS child table; do NOT keep as a comma-separated cell.
F024,BIS_Schemes_Master.xlsx,BIS_Schemes_Master,requirements,MULTIVALUE_COLUMN,ratio=1.0,DESCRIPTIVE_TEXT,40,Explode into a 90_RELATIONSHIPS child table; do NOT keep as a comma-separated cell.
F025,BIS_Schemes_Master_Scheme_2.xlsx,BIS_Schemes_Master_Scheme_2,scope,MULTIVALUE_COLUMN,ratio=0.575,DESCRIPTIVE_TEXT,40,Explode into a 90_RELATIONSHIPS child table; do NOT keep as a comma-separated cell.
F025,BIS_Schemes_Master_Scheme_2.xlsx,BIS_Schemes_Master_Scheme_2,requirements,MULTIVALUE_COLUMN,ratio=1.0,DESCRIPTIVE_TEXT,40,Explode into a 90_RELATIONSHIPS child table; do NOT keep as a comma-separated cell.
F027,BIS_Standards_Details_v2 (1).xlsx,BIS Standards,part/section,HIGH_PLACEHOLDER_COLUMN,17.5% placeholder (7/40),UNCLASSIFIED_STRING,40,Convert placeholder cells to NULL + missing_reason; keep the 33 informative values.
F027,BIS_Standards_Details_v2 (1).xlsx,BIS Standards,revision date,HIGH_PLACEHOLDER_COLUMN,15.0% placeholder (6/40),DATE,40,Convert placeholder cells to NULL + missing_reason; keep the 34 informative values.
F027,BIS_Standards_Details_v2 (1).xlsx,BIS Standards,superseded standard,HIGH_PLACEHOLDER_COLUMN,15.0% placeholder (6/40),IS_RELATIONSHIP,40,Convert placeholder cells to NULL + missing_reason; keep the 34 informative values.
F027,BIS_Standards_Details_v2 (1).xlsx,BIS Standards,superseding standard,FULLY_PLACEHOLDER_COLUMN,40/40 placeholder,IS_RELATIONSHIP,40,Zero informative values. Convert every cell to NULL + missing_reason=PLACEHOLDER_IN_SOURCE; never emit 'N/A'.
F027,BIS_Standards_Details_v2 (1).xlsx,BIS Standards,technical committee,MULTIVALUE_COLUMN,ratio=0.6,UNCLASSIFIED_STRING,40,Explode into a 90_RELATIONSHIPS child table; do NOT keep as a comma-separated cell.
F028,BIS_Standards_Details_v2.xlsx,BIS Standards,part/section,HIGH_PLACEHOLDER_COLUMN,17.5% placeholder (7/40),UNCLASSIFIED_STRING,40,Convert placeholder cells to NULL + missing_reason; keep the 33 informative values.
F028,BIS_Standards_Details_v2.xlsx,BIS Standards,revision date,HIGH_PLACEHOLDER_COLUMN,15.0% placeholder (6/40),DATE,40,Convert placeholder cells to NULL + missing_reason; keep the 34 informative values.
F028,BIS_Standards_Details_v2.xlsx,BIS Standards,superseded standard,HIGH_PLACEHOLDER_COLUMN,15.0% placeholder (6/40),IS_RELATIONSHIP,40,Convert placeholder cells to NULL + missing_reason; keep the 34 informative values.
F028,BIS_Standards_Details_v2.xlsx,BIS Standards,superseding standard,FULLY_PLACEHOLDER_COLUMN,40/40 placeholder,IS_RELATIONSHIP,40,Zero informative values. Convert every cell to NULL + missing_reason=PLACEHOLDER_IN_SOURCE; never emit 'N/A'.
F028,BIS_Standards_Details_v2.xlsx,BIS Standards,technical committee,MULTIVALUE_COLUMN,ratio=0.6,UNCLASSIFIED_STRING,40,Explode into a 90_RELATIONSHIPS child table; do NOT keep as a comma-separated cell.
F029,BIS_Standards_Details_v3.xlsx,BIS Standards,part/section,HIGH_PLACEHOLDER_COLUMN,17.5% placeholder (7/40),UNCLASSIFIED_STRING,40,Convert placeholder cells to NULL + missing_reason; keep the 33 informative values.
F029,BIS_Standards_Details_v3.xlsx,BIS Standards,revision date,HIGH_PLACEHOLDER_COLUMN,15.0% placeholder (6/40),DATE,40,Convert placeholder cells to NULL + missing_reason; keep the 34 informative values.
F029,BIS_Standards_Details_v3.xlsx,BIS Standards,superseded standard,HIGH_PLACEHOLDER_COLUMN,15.0% placeholder (6/40),IS_RELATIONSHIP,40,Convert placeholder cells to NULL + missing_reason; keep the 34 informative values.
F029,BIS_Standards_Details_v3.xlsx,BIS Standards,superseding standard,FULLY_PLACEHOLDER_COLUMN,40/40 placeholder,IS_RELATIONSHIP,40,Zero informative values. Convert every cell to NULL + missing_reason=PLACEHOLDER_IN_SOURCE; never emit 'N/A'.
F029,BIS_Standards_Details_v3.xlsx,BIS Standards,technical committee,MULTIVALUE_COLUMN,ratio=0.6,UNCLASSIFIED_STRING,40,Explode into a 90_RELATIONSHIPS child table; do NOT keep as a comma-separated cell.
F030,BIS_Standards_Intelligence_Master.xlsx,BIS_Standards_Intelligence,required_documents,MULTIVALUE_COLUMN,ratio=0.711,FREE_TEXT,45,Explode into a 90_RELATIONSHIPS child table; do NOT keep as a comma-separated cell.
F030,BIS_Standards_Intelligence_Master.xlsx,BIS_Standards_Intelligence,factory_requirements,MULTIVALUE_COLUMN,ratio=0.422,UNCLASSIFIED_STRING,45,Explode into a 90_RELATIONSHIPS child table; do NOT keep as a comma-separated cell.
F030,BIS_Standards_Intelligence_Master.xlsx,BIS_Standards_Intelligence,infrastructure_requirements,MULTIVALUE_COLUMN,ratio=0.711,UNCLASSIFIED_STRING,45,Explode into a 90_RELATIONSHIPS child table; do NOT keep as a comma-separated cell.
F030,BIS_Standards_Intelligence_Master.xlsx,BIS_Standards_Intelligence,process_controls,MULTIVALUE_COLUMN,ratio=0.822,UNCLASSIFIED_STRING,45,Explode into a 90_RELATIONSHIPS child table; do NOT keep as a comma-separated cell.
F030,BIS_Standards_Intelligence_Master.xlsx,BIS_Standards_Intelligence,testing,MULTIVALUE_COLUMN,ratio=0.889,FREE_TEXT,45,Explode into a 90_RELATIONSHIPS child table; do NOT keep as a comma-separated cell.
F030,BIS_Standards_Intelligence_Master.xlsx,BIS_Standards_Intelligence,inspection,MULTIVALUE_COLUMN,ratio=0.444,UNCLASSIFIED_STRING,45,Explode into a 90_RELATIONSHIPS child table; do NOT keep as a comma-separated cell.
F030,BIS_Standards_Intelligence_Master.xlsx,BIS_Standards_Intelligence,surveillance,MULTIVALUE_COLUMN,ratio=0.422,UNCLASSIFIED_STRING,45,Explode into a 90_RELATIONSHIPS child table; do NOT keep as a comma-separated cell.
F030,BIS_Standards_Intelligence_Master.xlsx,BIS_Standards_Intelligence,forms,MULTIVALUE_COLUMN,ratio=0.356,UNCLASSIFIED_STRING,45,Explode into a 90_RELATIONSHIPS child table; do NOT keep as a comma-separated cell.
F030,BIS_Standards_Intelligence_Master.xlsx,BIS_Standards_Intelligence,timelines,MULTIVALUE_COLUMN,ratio=0.333,UNCLASSIFIED_STRING,45,Explode into a 90_RELATIONSHIPS child table; do NOT keep as a comma-separated cell.
F031,BIS_Standards_Scheme_Mapping.xlsx,BIS_Standards_Scheme_Mapping,eligibility,MULTIVALUE_COLUMN,ratio=1.0,FREE_TEXT,36,Explode into a 90_RELATIONSHIPS child table; do NOT keep as a comma-separated cell.
F031,BIS_Standards_Scheme_Mapping.xlsx,BIS_Standards_Scheme_Mapping,application_procedure,MULTIVALUE_COLUMN,ratio=1.0,FREE_TEXT,36,Explode into a 90_RELATIONSHIPS child table; do NOT keep as a comma-separated cell.
F031,BIS_Standards_Scheme_Mapping.xlsx,BIS_Standards_Scheme_Mapping,required_documents,MULTIVALUE_COLUMN,ratio=1.0,FREE_TEXT,36,Explode into a 90_RELATIONSHIPS child table; do NOT keep as a comma-separated cell.
F031,BIS_Standards_Scheme_Mapping.xlsx,BIS_Standards_Scheme_Mapping,factory_requirements,MULTIVALUE_COLUMN,ratio=1.0,FREE_TEXT,36,Explode into a 90_RELATIONSHIPS child table; do NOT keep as a comma-separated cell.
F031,BIS_Standards_Scheme_Mapping.xlsx,BIS_Standards_Scheme_Mapping,infrastructure_requirements,MULTIVALUE_COLUMN,ratio=1.0,FREE_TEXT,36,Explode into a 90_RELATIONSHIPS child table; do NOT keep as a comma-separated cell.
F031,BIS_Standards_Scheme_Mapping.xlsx,BIS_Standards_Scheme_Mapping,process_controls,MULTIVALUE_COLUMN,ratio=1.0,FREE_TEXT,36,Explode into a 90_RELATIONSHIPS child table; do NOT keep as a comma-separated cell.
F031,BIS_Standards_Scheme_Mapping.xlsx,BIS_Standards_Scheme_Mapping,quality_control,MULTIVALUE_COLUMN,ratio=1.0,FREE_TEXT,36,Explode into a 90_RELATIONSHIPS child table; do NOT keep as a comma-separated cell.
F031,BIS_Standards_Scheme_Mapping.xlsx,BIS_Standards_Scheme_Mapping,testing,MULTIVALUE_COLUMN,ratio=1.0,FREE_TEXT,36,Explode into a 90_RELATIONSHIPS child table; do NOT keep as a comma-separated cell.
F031,BIS_Standards_Scheme_Mapping.xlsx,BIS_Standards_Scheme_Mapping,inspection,MULTIVALUE_COLUMN,ratio=1.0,FREE_TEXT,36,Explode into a 90_RELATIONSHIPS child table; do NOT keep as a comma-separated cell.
F031,BIS_Standards_Scheme_Mapping.xlsx,BIS_Standards_Scheme_Mapping,laboratory_testing,MULTIVALUE_COLUMN,ratio=1.0,LAB_CAPABILITY,36,Explode into a 90_RELATIONSHIPS child table; do NOT keep as a comma-separated cell.
F031,BIS_Standards_Scheme_Mapping.xlsx,BIS_Standards_Scheme_Mapping,licence_or_CoC_grant,MULTIVALUE_COLUMN,ratio=0.861,FREE_TEXT,36,Explode into a 90_RELATIONSHIPS child table; do NOT keep as a comma-separated cell.
F031,BIS_Standards_Scheme_Mapping.xlsx,BIS_Standards_Scheme_Mapping,surveillance,MULTIVALUE_COLUMN,ratio=1.0,FREE_TEXT,36,Explode into a 90_RELATIONSHIPS child table; do NOT keep as a comma-separated cell.
F031,BIS_Standards_Scheme_Mapping.xlsx,BIS_Standards_Scheme_Mapping,renewal,MULTIVALUE_COLUMN,ratio=1.0,FREE_TEXT,36,Explode into a 90_RELATIONSHIPS child table; do NOT keep as a comma-separated cell.
F031,BIS_Standards_Scheme_Mapping.xlsx,BIS_Standards_Scheme_Mapping,scope_extension,MULTIVALUE_COLUMN,ratio=1.0,FREE_TEXT,36,Explode into a 90_RELATIONSHIPS child table; do NOT keep as a comma-separated cell.
F031,BIS_Standards_Scheme_Mapping.xlsx,BIS_Standards_Scheme_Mapping,retesting,MULTIVALUE_COLUMN,ratio=0.861,FREE_TEXT,36,Explode into a 90_RELATIONSHIPS child table; do NOT keep as a comma-separated cell.
F031,BIS_Standards_Scheme_Mapping.xlsx,BIS_Standards_Scheme_Mapping,fees,MULTIVALUE_COLUMN,ratio=1.0,FEE,36,Explode into a 90_RELATIONSHIPS child table; do NOT keep as a comma-separated cell.
F031,BIS_Standards_Scheme_Mapping.xlsx,BIS_Standards_Scheme_Mapping,forms,MULTIVALUE_COLUMN,ratio=1.0,FREE_TEXT,36,Explode into a 90_RELATIONSHIPS child table; do NOT keep as a comma-separated cell.
F031,BIS_Standards_Scheme_Mapping.xlsx,BIS_Standards_Scheme_Mapping,timeliness,MULTIVALUE_COLUMN,ratio=1.0,FREE_TEXT,36,Explode into a 90_RELATIONSHIPS child table; do NOT keep as a comma-separated cell.
F032,BIS_Testing_Parameters_Master.xlsx,BIS_Testing_Parameters,test_name,MULTIVALUE_COLUMN,ratio=0.978,TEST_NAME,45,Explode into a 90_RELATIONSHIPS child table; do NOT keep as a comma-separated cell.
F033,bis_circulars (1).csv,bis_circulars (1),circular_number,EMPTY_COLUMN,0/160 populated,EMPTY_COLUMN,160,Carry as NULL with missing_reason=NOT_PRESENT_IN_SOURCE; do not drop (schema evidence).
F033,bis_circulars (1).csv,bis_circulars (1),related_IS,MULTIVALUE_COLUMN,ratio=0.611,IS_RELATIONSHIP,160,Explode into a 90_RELATIONSHIPS child table; do NOT keep as a comma-separated cell.
F033,bis_circulars (1).csv,bis_circulars (1),implementation_instructions,MULTIVALUE_COLUMN,ratio=0.928,DESCRIPTIVE_TEXT,160,Explode into a 90_RELATIONSHIPS child table; do NOT keep as a comma-separated cell.
F034,bis_gazette_notification.csv,bis_gazette_notification,__unnamed_3,MULTIVALUE_COLUMN,ratio=1.0,FREE_TEXT,1798,Explode into a 90_RELATIONSHIPS child table; do NOT keep as a comma-separated cell.
F035,bis_laboratories.csv,bis_laboratories,lab_name,MULTIVALUE_COLUMN,ratio=0.745,LAB_IDENTITY,431,Explode into a 90_RELATIONSHIPS child table; do NOT keep as a comma-separated cell.
F035,bis_laboratories.csv,bis_laboratories,address,MULTIVALUE_COLUMN,ratio=1.0,ADDRESS,431,Explode into a 90_RELATIONSHIPS child table; do NOT keep as a comma-separated cell.
F035,bis_laboratories.csv,bis_laboratories,contact_details,MULTIVALUE_COLUMN,ratio=1.0,CONTACT,431,Explode into a 90_RELATIONSHIPS child table; do NOT keep as a comma-separated cell.
F035,bis_laboratories.csv,bis_laboratories,accreditation_validity,HIGH_PLACEHOLDER_COLUMN,15.5% placeholder (67/431),DATE,431,Convert placeholder cells to NULL + missing_reason; keep the 364 informative values.
F035,bis_laboratories.csv,bis_laboratories,accreditation_validity,MULTIVALUE_COLUMN,ratio=1.0,DATE,431,Explode into a 90_RELATIONSHIPS child table; do NOT keep as a comma-separated cell.
F035,bis_laboratories.csv,bis_laboratories,tested_IS_numbers,MULTIVALUE_COLUMN,ratio=0.995,IS_RELATIONSHIP,431,Explode into a 90_RELATIONSHIPS child table; do NOT keep as a comma-separated cell.
F036,bis_product_certification_faq (1).csv,bis_product_certification_faq (1),answer,MULTIVALUE_COLUMN,ratio=0.929,FAQ_ANSWER,28,Explode into a 90_RELATIONSHIPS child table; do NOT keep as a comma-separated cell.
F037,bis_product_certifications.csv,bis_product_certifications,applicability,MULTIVALUE_COLUMN,ratio=0.972,DESCRIPTIVE_TEXT,71,Explode into a 90_RELATIONSHIPS child table; do NOT keep as a comma-separated cell.
F037,bis_product_certifications.csv,bis_product_certifications,application_procedure,MULTIVALUE_COLUMN,ratio=1.0,FREE_TEXT,71,Explode into a 90_RELATIONSHIPS child table; do NOT keep as a comma-separated cell.
F037,bis_product_certifications.csv,bis_product_certifications,fee_structure,MULTIVALUE_COLUMN,ratio=0.938,FEE,71,Explode into a 90_RELATIONSHIPS child table; do NOT keep as a comma-separated cell.
F037,bis_product_certifications.csv,bis_product_certifications,inspection_testing_norm,MULTIVALUE_COLUMN,ratio=0.985,FREE_TEXT,71,Explode into a 90_RELATIONSHIPS child table; do NOT keep as a comma-separated cell.
F038,bis_topic17_hallmarking_centres.csv,bis_topic17_hallmarking_centres,address,MULTIVALUE_COLUMN,ratio=1.0,ADDRESS,1658,Explode into a 90_RELATIONSHIPS child table; do NOT keep as a comma-separated cell.
F039,bis_topic17_hallmarking_centres_cancelled_suspended.csv,bis_topic17_hallmarking_centres_cancelled_suspended,address,MULTIVALUE_COLUMN,ratio=1.0,ADDRESS,722,Explode into a 90_RELATIONSHIPS child table; do NOT keep as a comma-separated cell.
F039,bis_topic17_hallmarking_centres_cancelled_suspended.csv,bis_topic17_hallmarking_centres_cancelled_suspended,scope,FULLY_PLACEHOLDER_COLUMN,722/722 placeholder,DESCRIPTIVE_TEXT,722,Zero informative values. Convert every cell to NULL + missing_reason=PLACEHOLDER_IN_SOURCE; never emit 'N/A'.
F040,data__raw__fmcs_all_fmcs_list_raw.csv,data__raw__fmcs_all_fmcs_list_raw,name_address_raw,MULTIVALUE_COLUMN,ratio=1.0,ADDRESS,3135,Explode into a 90_RELATIONSHIPS child table; do NOT keep as a comma-separated cell.
F040,data__raw__fmcs_all_fmcs_list_raw.csv,data__raw__fmcs_all_fmcs_list_raw,variety_brand_raw,MULTIVALUE_COLUMN,ratio=0.635,PRODUCT_NAME,3135,Explode into a 90_RELATIONSHIPS child table; do NOT keep as a comma-separated cell.
F041,output__extraction_log.csv,output__extraction_log,notes,MULTIVALUE_COLUMN,ratio=0.917,DESCRIPTIVE_TEXT,12,Explode into a 90_RELATIONSHIPS child table; do NOT keep as a comma-separated cell.
F044,output__source_inventory.csv,output__source_inventory,bytes,HIGH_PLACEHOLDER_COLUMN,41.3% placeholder (19/46),PROVENANCE_META,46,Convert placeholder cells to NULL + missing_reason; keep the 27 informative values.
F044,output__source_inventory.csv,output__source_inventory,last_modified,HIGH_PLACEHOLDER_COLUMN,45.7% placeholder (21/46),UNCLASSIFIED_STRING,46,Convert placeholder cells to NULL + missing_reason; keep the 25 informative values.
F044,output__source_inventory.csv,output__source_inventory,last_modified,MULTIVALUE_COLUMN,ratio=1.0,UNCLASSIFIED_STRING,46,Explode into a 90_RELATIONSHIPS child table; do NOT keep as a comma-separated cell.
F044,output__source_inventory.csv,output__source_inventory,sha256,HIGH_PLACEHOLDER_COLUMN,45.7% placeholder (21/46),CONTENT_HASH,46,Convert placeholder cells to NULL + missing_reason; keep the 25 informative values.
F044,output__source_inventory.csv,output__source_inventory,canonical_document_id,HIGH_PLACEHOLDER_COLUMN,41.3% placeholder (19/46),PRIMARY_KEY_ID,46,Convert placeholder cells to NULL + missing_reason; keep the 27 informative values.
F044,output__source_inventory.csv,output__source_inventory,notes,HIGH_PLACEHOLDER_COLUMN,17.4% placeholder (8/46),DESCRIPTIVE_TEXT,46,Convert placeholder cells to NULL + missing_reason; keep the 38 informative values.
F044,output__source_inventory.csv,output__source_inventory,notes,MULTIVALUE_COLUMN,ratio=0.868,DESCRIPTIVE_TEXT,46,Explode into a 90_RELATIONSHIPS child table; do NOT keep as a comma-separated cell.
F045,output__topic18_fmcs_manufacturers.csv,output__topic18_fmcs_manufacturers,factory,MULTIVALUE_COLUMN,ratio=0.898,ADDRESS,3135,Explode into a 90_RELATIONSHIPS child table; do NOT keep as a comma-separated cell.
F045,output__topic18_fmcs_manufacturers.csv,output__topic18_fmcs_manufacturers,product,MULTIVALUE_COLUMN,ratio=0.653,PRODUCT_NAME,3135,Explode into a 90_RELATIONSHIPS child table; do NOT keep as a comma-separated cell.
F045,output__topic18_fmcs_manufacturers.csv,output__topic18_fmcs_manufacturers,eligibility,MULTIVALUE_COLUMN,ratio=1.0,FREE_TEXT,3135,Explode into a 90_RELATIONSHIPS child table; do NOT keep as a comma-separated cell.
F045,output__topic18_fmcs_manufacturers.csv,output__topic18_fmcs_manufacturers,machinery_requirements,MULTIVALUE_COLUMN,ratio=1.0,FREE_TEXT,3135,Explode into a 90_RELATIONSHIPS child table; do NOT keep as a comma-separated cell.
F045,output__topic18_fmcs_manufacturers.csv,output__topic18_fmcs_manufacturers,testing_facilities,MULTIVALUE_COLUMN,ratio=1.0,LAB_CAPABILITY,3135,Explode into a 90_RELATIONSHIPS child table; do NOT keep as a comma-separated cell.
F045,output__topic18_fmcs_manufacturers.csv,output__topic18_fmcs_manufacturers,competent_personnel,MULTIVALUE_COLUMN,ratio=1.0,FREE_TEXT,3135,Explode into a 90_RELATIONSHIPS child table; do NOT keep as a comma-separated cell.
F045,output__topic18_fmcs_manufacturers.csv,output__topic18_fmcs_manufacturers,AIR,MULTIVALUE_COLUMN,ratio=1.0,FREE_TEXT,3135,Explode into a 90_RELATIONSHIPS child table; do NOT keep as a comma-separated cell.
F045,output__topic18_fmcs_manufacturers.csv,output__topic18_fmcs_manufacturers,application_requirements,MULTIVALUE_COLUMN,ratio=1.0,FREE_TEXT,3135,Explode into a 90_RELATIONSHIPS child table; do NOT keep as a comma-separated cell.
F045,output__topic18_fmcs_manufacturers.csv,output__topic18_fmcs_manufacturers,fees,MULTIVALUE_COLUMN,ratio=1.0,FEE,3135,Explode into a 90_RELATIONSHIPS child table; do NOT keep as a comma-separated cell.
F046,output__topic19_official_documents.csv,output__topic19_official_documents,IS_number,FULLY_PLACEHOLDER_COLUMN,22/22 placeholder,IS_NUMBER,22,Zero informative values. Convert every cell to NULL + missing_reason=PLACEHOLDER_IN_SOURCE; never emit 'N/A'.
F046,output__topic19_official_documents.csv,output__topic19_official_documents,product,FULLY_PLACEHOLDER_COLUMN,22/22 placeholder,PRODUCT_NAME,22,Zero informative values. Convert every cell to NULL + missing_reason=PLACEHOLDER_IN_SOURCE; never emit 'N/A'.
F046,output__topic19_official_documents.csv,output__topic19_official_documents,scheme,MULTIVALUE_COLUMN,ratio=1.0,SCHEME_NAME,22,Explode into a 90_RELATIONSHIPS child table; do NOT keep as a comma-separated cell.
F046,output__topic19_official_documents.csv,output__topic19_official_documents,QCO,FULLY_PLACEHOLDER_COLUMN,22/22 placeholder,QCO_REFERENCE,22,Zero informative values. Convert every cell to NULL + missing_reason=PLACEHOLDER_IN_SOURCE; never emit 'N/A'.
F046,output__topic19_official_documents.csv,output__topic19_official_documents,version,FULLY_PLACEHOLDER_COLUMN,22/22 placeholder,EMPTY_COLUMN,22,Zero informative values. Convert every cell to NULL + missing_reason=PLACEHOLDER_IN_SOURCE; never emit 'N/A'.
F046,output__topic19_official_documents.csv,output__topic19_official_documents,date,FULLY_PLACEHOLDER_COLUMN,22/22 placeholder,DATE,22,Zero informative values. Convert every cell to NULL + missing_reason=PLACEHOLDER_IN_SOURCE; never emit 'N/A'.
F046,output__topic19_official_documents.csv,output__topic19_official_documents,effective_date,FULLY_PLACEHOLDER_COLUMN,22/22 placeholder,EFFECTIVE_DATE,22,Zero informative values. Convert every cell to NULL + missing_reason=PLACEHOLDER_IN_SOURCE; never emit 'N/A'.
F046,output__topic19_official_documents.csv,output__topic19_official_documents,local_file,FULLY_PLACEHOLDER_COLUMN,22/22 placeholder,EMPTY_COLUMN,22,Zero informative values. Convert every cell to NULL + missing_reason=PLACEHOLDER_IN_SOURCE; never emit 'N/A'.
F046,output__topic19_official_documents.csv,output__topic19_official_documents,license/access_restriction,MULTIVALUE_COLUMN,ratio=1.0,FREE_TEXT,22,Explode into a 90_RELATIONSHIPS child table; do NOT keep as a comma-separated cell.
F047,output__topic20_provenance.csv,output__topic20_provenance,field_value,MULTIVALUE_COLUMN,ratio=0.623,FREE_TEXT,44154,Explode into a 90_RELATIONSHIPS child table; do NOT keep as a comma-separated cell.
F047,output__topic20_provenance.csv,output__topic20_provenance,document_id,HIGH_PLACEHOLDER_COLUMN,99.4% placeholder (43890/44154),PRIMARY_KEY_ID,44154,Convert placeholder cells to NULL + missing_reason; keep the 264 informative values.
F047,output__topic20_provenance.csv,output__topic20_provenance,document_title,HIGH_PLACEHOLDER_COLUMN,99.4% placeholder (43890/44154),TITLE,44154,Convert placeholder cells to NULL + missing_reason; keep the 264 informative values.
F047,output__topic20_provenance.csv,output__topic20_provenance,page,FULLY_PLACEHOLDER_COLUMN,44154/44154 placeholder,DOC_LOCATOR,44154,Zero informative values. Convert every cell to NULL + missing_reason=PLACEHOLDER_IN_SOURCE; never emit 'N/A'.
F047,output__topic20_provenance.csv,output__topic20_provenance,clause,HIGH_PLACEHOLDER_COLUMN,92.9% placeholder (41019/44154),DOC_LOCATOR,44154,Convert placeholder cells to NULL + missing_reason; keep the 3135 informative values.
F047,output__topic20_provenance.csv,output__topic20_provenance,version,HIGH_PLACEHOLDER_COLUMN,92.9% placeholder (41019/44154),IS_NUMBER,44154,Convert placeholder cells to NULL + missing_reason; keep the 3135 informative values.
F047,output__topic20_provenance.csv,output__topic20_provenance,effective_date,HIGH_PLACEHOLDER_COLUMN,36.1% placeholder (15939/44154),EFFECTIVE_DATE,44154,Convert placeholder cells to NULL + missing_reason; keep the 28215 informative values.
F047,output__topic20_provenance.csv,output__topic20_provenance,effective_date,MULTIVALUE_COLUMN,ratio=0.777,EFFECTIVE_DATE,44154,Explode into a 90_RELATIONSHIPS child table; do NOT keep as a comma-separated cell.
F047,output__topic20_provenance.csv,output__topic20_provenance,document_hash,HIGH_PLACEHOLDER_COLUMN,99.5% placeholder (43914/44154),CONTENT_HASH,44154,Convert placeholder cells to NULL + missing_reason; keep the 240 informative values.
F047,output__topic20_provenance.csv,output__topic20_provenance,evidence_text,MULTIVALUE_COLUMN,ratio=0.553,PROVENANCE_META,44154,Explode into a 90_RELATIONSHIPS child table; do NOT keep as a comma-separated cell.
F048,output__unresolved_records.csv,output__unresolved_records,reason,MULTIVALUE_COLUMN,ratio=0.864,MISSING_REASON,22,Explode into a 90_RELATIONSHIPS child table; do NOT keep as a comma-separated cell.
F048,output__unresolved_records.csv,output__unresolved_records,attempted_source_URL,HIGH_PLACEHOLDER_COLUMN,13.6% placeholder (3/22),URL,22,Convert placeholder cells to NULL + missing_reason; keep the 19 informative values.
F048,output__unresolved_records.csv,output__unresolved_records,resolution_needed,MULTIVALUE_COLUMN,ratio=0.545,MISSING_REASON,22,Explode into a 90_RELATIONSHIPS child table; do NOT keep as a comma-separated cell.
F034,bis_gazette_notification.csv,bis_gazette_notification,(whole sheet),STRUCTURAL_REPAIR_REQUIRED,RAGGED_ROWS_WIDER_THAN_HEADER,,1798,Re-apply the recorded in-memory repair (pad ragged rows) on ingest; source file stays untouched.
F034,bis_gazette_notification.csv,bis_gazette_notification,(whole sheet),INTERNAL_DUPLICATE_ROWS,862 of 1798 rows repeat,,1798,Phase 2 must classify these as EXACT_DUPLICATE vs RELATED_RECORD before any de-duplication.
F038,bis_topic17_hallmarking_centres.csv,bis_topic17_hallmarking_centres,(whole sheet),STRUCTURAL_REPAIR_REQUIRED,SINGLE_LINE_ESCAPED_CSV,,1658,"Re-apply the recorded in-memory repair (strip_outer_quotes+unescape(\"" ,\n)) on ingest; source file stays untouched."
F039,bis_topic17_hallmarking_centres_cancelled_suspended.csv,bis_topic17_hallmarking_centres_cancelled_suspended,(whole sheet),STRUCTURAL_REPAIR_REQUIRED,SINGLE_LINE_ESCAPED_CSV,,722,"Re-apply the recorded in-memory repair (strip_outer_quotes+unescape(\"" ,\n)) on ingest; source file stays untouched."
