file_id,original_filename,sheet_index,sheet_name,sheet_state,row_count,column_count,headers,non_empty_rows,non_empty_columns,empty_columns,null_cell_count,placeholder_null_count,unique_row_count,duplicate_row_count,merged_cells,merged_ranges,formula_cells,hyperlink_cells,hidden_rows,hidden_columns,data_types,date_columns,url_columns,is_number_columns,qco_columns,scheme_columns,laboratory_columns,multivalue_columns,content_sha256_ordered,content_sha256_rowset,structural_issue,repair_rule,notes
F001,05_scheme_ii.csv,1,05_scheme_ii,visible,78,22,scheme_record_id | scheme_id | scheme_label | table_caption | sr_no | raw_is_number | canonical_is_number | display_is_number | standard_year | title | product_name | notified_by | notification_reference | mandatory_voluntary | certification_type | source_id | source_URL | retrieval_timestamp | scraper_engine | extraction_method | record_status | missing_reason,78,22,,0,95,78,0,0,,0,0,,,scheme_record_id:string;scheme_id:string;scheme_label:string;table_caption:string;sr_no:float;raw_is_number:string;canonical_is_number:string;display_is_number:string;standard_year:int;title:string;product_name:string;notified_by:string;notification_reference:string;mandatory_voluntary:string;certification_type:string;source_id:string;source_url:url;retrieval_timestamp:date;scraper_engine:string;extraction_method:string;record_status:string;missing_reason:string,standard_year;retrieval_timestamp,source_URL,raw_is_number;canonical_is_number;display_is_number,,scheme_record_id;scheme_id;scheme_label;certification_type,,table_caption;title;notification_reference,4969bf6b48857bb17c62257e1fc19af060d7f9e209c5394a46793ea5c3b5c8a6,2844681e04721ba5b1235db3733eca31a84ca33543d5c08ba96b438ce164d716,,,sheet fully analysed
F002,06_scheme_iv.csv,1,06_scheme_iv,visible,6,23,scheme_record_id | scheme_id | scheme_label | sr_no | raw_is_number | canonical_is_number | display_is_number | standard_year | title | product_name | specific_requirement | notified_by | notification_reference | notification_document_URL | mandatory_voluntary | certification_type | source_id | source_URL | retrieval_timestamp | scraper_engine | extraction_method | record_status | missing_reason,6,23,,0,11,6,0,0,,0,0,,,scheme_record_id:string;scheme_id:string;scheme_label:string;sr_no:float;raw_is_number:string;canonical_is_number:string;display_is_number:string;standard_year:int;title:empty;product_name:string;specific_requirement:string;notified_by:string;notification_reference:string;notification_document_url:url;mandatory_voluntary:string;certification_type:string;source_id:string;source_url:url;retrieval_timestamp:date;scraper_engine:string;extraction_method:string;record_status:string;missing_reason:string,standard_year;retrieval_timestamp,notification_document_URL;source_URL,raw_is_number;canonical_is_number;display_is_number,,scheme_record_id;scheme_id;scheme_label;certification_type,,specific_requirement;notified_by;notification_reference,1a27face7cb4f4843f75494cddfa6e545f51dd99841718c402cf8ce234765fed,6fca63653f3f129e165822fd751cdeaf269a40c9574e5464bacc56955fedf418,,,sheet fully analysed
F003,07_scheme_x.csv,1,07_scheme_x,visible,52,23,scheme_record_id | scheme_id | scheme_label | sr_no | raw_is_number | canonical_is_number | display_is_number | standard_year | title | product_name | specific_requirement | notified_by | notification_reference | notification_document_URL | mandatory_voluntary | certification_type | source_id | source_URL | retrieval_timestamp | scraper_engine | extraction_method | record_status | missing_reason,52,23,,0,147,52,0,0,,0,0,,,scheme_record_id:string;scheme_id:string;scheme_label:string;sr_no:mixed(float|int|string);raw_is_number:string;canonical_is_number:string;display_is_number:string;standard_year:int;title:string;product_name:string;specific_requirement:string;notified_by:string;notification_reference:string;notification_document_url:url;mandatory_voluntary:string;certification_type:string;source_id:string;source_url:url;retrieval_timestamp:date;scraper_engine:string;extraction_method:string;record_status:string;missing_reason:string,standard_year;retrieval_timestamp,notification_document_URL;source_URL,raw_is_number;canonical_is_number;display_is_number,,scheme_record_id;scheme_id;scheme_label;certification_type,,scheme_label;title;product_name;notification_reference,4b7fb13863b9dee74416d1cbfcf3135ff72d8685cd072f42f3aea157bff368c1,853f5186cbbf3cab16e70613e1f27120368423e0212b1c75c2bdd20b300ac211,,,sheet fully analysed
F004,17_source_conflicts.csv,1,17_source_conflicts,visible,2,14,conflict_id | entity_type | entity_key | field_name | value_a | source_a_id | source_a_URL | value_b | source_b_id | source_b_URL | resolution_rule | resolved_value | detected_at | notes,2,14,,0,2,2,0,0,,0,0,,,conflict_id:string;entity_type:string;entity_key:string;field_name:string;value_a:mixed(int|string);source_a_id:string;source_a_url:url;value_b:mixed(int|string);source_b_id:string;source_b_url:url;resolution_rule:string;resolved_value:empty;detected_at:date;notes:string,detected_at,source_a_URL;source_b_URL,entity_key,,,,entity_key;notes,b33530e7f465136b36356d41ccb6c365f7a64d6456e74e4e0faec4ae6ee0675f,8b6a47317ef7d9b98a2c36a0c7267397268e825e4d58c7f4110dbd118e4db00c,,,sheet fully analysed
F005,BIS_Combined_Testing_Master.xlsx,1,Combined_Testing_Master,visible,260,12,test_id | test_name | parameter | method | method_standard | clause | sample_size | frequency | acceptance_criteria | required_equipment | remarks | source_URL,260,12,,0,0,260,0,0,,0,0,,,test_id:string;test_name:string;parameter:string;method:string;method_standard:string;clause:string;sample_size:string;frequency:string;acceptance_criteria:string;required_equipment:string;remarks:string;source_url:string,,source_URL,,,,,,16752b78272d0bdd4791c23b67465e1441b8b506342896d029bfd96beec1b8ec,c742abad741cb64ed9f6793bbba8c5c7c86f3e438888530913cd7487093381ca,,,sheet fully analysed
F006,BIS_FAQs_Master.xlsx,1,BIS_FAQs_Master,visible,98,10,faq_id | question | answer | category | related_IS | related_product | related_QCO | related_scheme | document_reference | source_URL,98,10,,0,0,98,0,0,,0,0,,,faq_id:string;question:string;answer:string;category:string;related_is:string;related_product:string;related_qco:string;related_scheme:string;document_reference:string;source_url:url,,source_URL,related_IS,related_QCO,,,answer,99736f8475cab5b56740678bb6630c94f48e07b5b6306c4196b717f556db1a2b,718c35586527524cd4cbf007a24d1c30421c7845ed0f9914f980b938eca33dd6,,,sheet fully analysed
F007,BIS_Laboratory_Scopes.xlsx,1,BIS_Laboratory_Scopes,visible,45,12,scope_id | lab_id | IS_number | product | test_name | test_method | clause | capability | scope_status | scope_validity | testing_charge | source_URL,45,12,,0,0,45,0,0,,0,0,,,scope_id:string;lab_id:string;is_number:string;product:string;test_name:string;test_method:string;clause:string;capability:string;scope_status:string;scope_validity:string;testing_charge:string;source_url:url,scope_validity,source_URL,IS_number,,,lab_id,test_name,95095f720dca4cd4a026ec123d1e0d5d490d343e58d56d3900903f9c624fed0d,43dec27b87d1a9dc1c9c2b246d4163bb0006408d5d0df37c947eca2e4bb79e82,,,sheet fully analysed
F008,BIS_Mandatory_Hallmarking_Orders.xlsx,1,Mandatory_Hallmarking_Orders,visible,14,14,order_id | order_title | order_number | metal | fineness | mandatory_status | geographical_applicability | district_phase | effective_date | amendment | exemption | supersession | document_URL | source_URL,14,14,,0,0,14,0,0,,0,0,,,order_id:string;order_title:string;order_number:string;metal:string;fineness:string;mandatory_status:string;geographical_applicability:string;district_phase:string;effective_date:string;amendment:string;exemption:string;supersession:string;document_url:string;source_url:url,effective_date,document_URL;source_URL,fineness,,,,order_title,b9a87145924649abc02134b477cf33a0c6827ef311ab3f58f9bfd3b8ebe45be3,91cce66f33a4c09f1c7285fcff053fd6a73e95892a920b0ebd96b67f38162030,,,sheet fully analysed
F009,BIS_Notifications_Master.xlsx,1,BIS_Notifications_Master,visible,31,14,notification_id | notification_number | title | type | date | effective_date | ministry | department | subject | related_QCO | related_IS | related_amendment | document_URL | source_URL,31,14,,0,0,31,0,0,,0,0,,,notification_id:string;notification_number:string;title:string;type:string;date:string;effective_date:string;ministry:string;department:string;subject:string;related_qco:string;related_is:string;related_amendment:string;document_url:string;source_url:string,date;effective_date,document_URL;source_URL,related_IS,related_QCO,,,title;ministry,7c9d9a9d9a86c75486b3816f1ff44bf9f58e66dc817bb71b2cf34eb69d938175,2acd880cad79b83de47b2f689833ef353582b78411bb956aca2a6ddc117b2c4a,,,sheet fully analysed
F010,BIS_Product_Manuals_Master.xlsx,1,BIS_Product_Manuals,visible,40,20,manual_id | IS_number | product | manual_title | version | revision_date | scheme | scope | raw_material_requirements | process_requirements | testing_requirements | sampling_guidelines | test_equipment | marking_requirements | SIT_STI | grouping_guidelines | licensing_requirements | inspection_requirements | document_URL | source_URL,40,20,,0,5,40,0,0,,0,0,,,manual_id:string;is_number:string;product:string;manual_title:string;version:mixed(int|string);revision_date:string;scheme:string;scope:string;raw_material_requirements:string;process_requirements:string;testing_requirements:string;sampling_guidelines:string;test_equipment:string;marking_requirements:string;sit_sti:string;grouping_guidelines:string;licensing_requirements:string;inspection_requirements:string;document_url:string;source_url:string,revision_date,document_URL;source_URL,IS_number,,scheme,,raw_material_requirements;process_requirements;testing_requirements,51a5031f6655a11c4bbd370386652376dbb2e3ac3f7d51d4086b2a2e66deb201,b37fdd33b5c1f766648368a03cad5c24a22c153a0aa8a8490e19dc9f8870bb6f,,,sheet fully analysed
F011,BIS_Products_Details.xlsx,1,Products_Details,visible,40,11,product_id | product_name | alternate_names | category | subcategory | description | keywords | related_IS_numbers | related_QCOs | related_schemes | source_URL,40,11,,0,0,40,0,0,,0,0,,,product_id:string;product_name:string;alternate_names:string;category:string;subcategory:string;description:string;keywords:string;related_is_numbers:string;related_qcos:string;related_schemes:string;source_url:string,,source_URL,related_IS_numbers,related_QCOs,,,alternate_names;description;keywords,304572c7a397ac9d4eee8c4f62940a8a08bda082220b07d830f81eda97fb246a,a8425d4823ef3314f86ef4f0db2ac5fa924cce8212585424d13ea1d87bf32877,,,sheet fully analysed
F012,BIS_Products_Full_Information.xlsx,1,Products_Details,visible,40,11,product_id | product_name | alternate_names | category | subcategory | description | keywords | related_IS_numbers | related_QCOs | related_schemes | source_URL,40,11,,0,0,40,0,0,,0,0,,,product_id:string;product_name:string;alternate_names:string;category:string;subcategory:string;description:string;keywords:string;related_is_numbers:string;related_qcos:string;related_schemes:string;source_url:string,,source_URL,related_IS_numbers,related_QCOs,,,alternate_names;description;keywords;related_IS_numbers,45421859c177083c4cb759f99115c2a8320dd3e79079ed718404477c575479f1,774c8f345ac349b05f427558a9a0b31404d2097d28796abbe10f068f8026e804,,,sheet fully analysed
F013,BIS_Products_Full_Information_v2.xlsx,1,Products_Details,visible,40,11,product_id | product_name | alternate_names | category | subcategory | description | keywords | related_IS_numbers | related_QCOs | related_schemes | source_URL,40,11,,0,0,40,0,0,,0,0,,,product_id:string;product_name:string;alternate_names:string;category:string;subcategory:string;description:string;keywords:string;related_is_numbers:string;related_qcos:string;related_schemes:string;source_url:string,,source_URL,related_IS_numbers,related_QCOs,,,alternate_names;description;keywords;related_IS_numbers,70a3d88d14f78dc483dcca8c697d447081239387d36761dbd032008a1c454f6c,224732af1413e50982b921d3055cf8c519c1612c906499fa7cd193f8f9fd99db,,,sheet fully analysed
F014,BIS_QCO-schema_2.xlsx,1,BIS_QCO-schema_2,visible,40,22,qco_id | qco_name | qco_number | product | IS_numbers | notification_number | notification_date | effective_date | ministry | department | mandatory_status | schemes | scope | exclusions | amendments | extensions | deferments | corrigendas | supersession | current_status | official_document_URL | source_URL,40,22,,0,0,40,0,0,,0,0,,,qco_id:string;qco_name:string;qco_number:string;product:string;is_numbers:string;notification_number:string;notification_date:string;effective_date:string;ministry:string;department:string;mandatory_status:string;schemes:string;scope:string;exclusions:string;amendments:string;extensions:string;deferments:string;corrigendas:string;supersession:string;current_status:string;official_document_url:string;source_url:string,notification_date;effective_date,official_document_URL;source_URL,IS_numbers,qco_id;qco_name;qco_number,schemes,,qco_name;ministry;exclusions;amendments;extensions,8d8781dd4cfc156e4171c82094098aefd2da11afee21b7252d8b5d1639fd2891,43bd2f658bcb5686f4b6cc36e2327f98ba4fd19e75a141636682e9b98d62a295,,,sheet fully analysed
F015,BIS_QCO_Master_Records (1).xlsx,1,QCO_Master_Records,visible,15,22,qco_id | qco_name | qco_number | product | IS_numbers | notification_number | notification_date | effective_date | ministry | department | mandatory_status | schemes | scope | exclusions | amendments | extensions | deferments | corrigendas | supersession | current_status | official_document_URL | source_URL,15,22,,0,86,15,0,0,,0,0,,,qco_id:int;qco_name:string;qco_number:string;product:string;is_numbers:string;notification_number:string;notification_date:mixed(date|int|string);effective_date:string;ministry:string;department:string;mandatory_status:string;schemes:string;scope:string;exclusions:string;amendments:string;extensions:string;deferments:empty;corrigendas:empty;supersession:string;current_status:string;official_document_url:string;source_url:string,notification_date;effective_date,official_document_URL;source_URL,IS_numbers,qco_id;qco_name;qco_number,schemes,,qco_name;product;scope,926c58e525c5931d5dff210c671f7760a384a46b5a79e1425a5add0cd297f340,ff0381fdcc818d96084621e624da1cb354f0505bade2c64cbb9ed8b2b9cb86ea,,,sheet fully analysed
F016,BIS_QCO_Master_Records.xlsx,1,QCO_Master_Details,visible,3,22,qco_id | qco_name | qco_number | product | IS_numbers | notification_number | notification_date | effective_date | ministry | department | mandatory_status | schemes | scope | exclusions | amendments | extensions | deferments | corrigendas | supersession | current_status | official_document_URL | source_URL,3,22,,0,10,3,0,0,,0,0,,,qco_id:string;qco_name:string;qco_number:string;product:string;is_numbers:string;notification_number:string;notification_date:mixed(date|string);effective_date:mixed(date|string);ministry:string;department:string;mandatory_status:string;schemes:string;scope:string;exclusions:string;amendments:string;extensions:string;deferments:empty;corrigendas:empty;supersession:empty;current_status:string;official_document_url:string;source_url:string,notification_date;effective_date,official_document_URL;source_URL,IS_numbers,qco_id;qco_name;qco_number,schemes,,product;IS_numbers;ministry;department;scope;exclusions,1ea7541f04901a30dc812d04567843e47fd9f7c2251e9b6207f9b4a44f82543f,af2ff61b3f90f0aa266aecad7fa43f1b53034ffed963011abc4d43d236991f5f,,,sheet fully analysed
F017,BIS_QCO_Master_Records_v3.xlsx,1,QCO_Master_Records,visible,12,22,qco_id | qco_name | qco_number | product | IS_numbers | notification_number | notification_date | effective_date | ministry | department | mandatory_status | schemes | scope | exclusions | amendments | extensions | deferments | corrigendas | supersession | current_status | official_document_URL | source_URL,12,22,,0,13,12,0,0,,0,0,,,qco_id:string;qco_name:string;qco_number:string;product:string;is_numbers:string;notification_number:string;notification_date:string;effective_date:string;ministry:string;department:string;mandatory_status:string;schemes:string;scope:string;exclusions:string;amendments:string;extensions:string;deferments:empty;corrigendas:string;supersession:string;current_status:string;official_document_url:string;source_url:string,notification_date;effective_date,official_document_URL;source_URL,IS_numbers,qco_id;qco_name;qco_number,schemes,,notification_date;ministry;scope,0d167308191e0f96537a5ba6b74cdd66ec40a018928fa13f3aa31da93dcb052f,05b118bb410eea442c112cf634f534616b44976adc73a6703005aafecbb7c344,,,sheet fully analysed
F018,BIS_QCO_Master_Scheme_1.xlsx,1,BIS_QCO_Master_Scheme_1,visible,40,11,IS Number | Product | QCO / Order | Ministry | Notification Number | Mandatory / Voluntary Status | Effective / Implementation Date | Amendments & Extensions | Exemptions | Scope | Source Gazette & URL,40,11,,0,0,40,0,0,,0,0,,,is_number:string;product:string;qco_order:string;ministry:string;notification_number:string;mandatory_voluntary_status:string;effective_implementation_date:string;amendments_extensions:string;exemptions:string;scope:string;source_gazette_url:string,Effective / Implementation Date,Source Gazette & URL,IS Number,QCO / Order,,,QCO / Order;Ministry;Notification Number;Effective / Implementation Date;Scope,cb08607efbb1af189fec741e293937546e213c50a9a6d32c0d2d48b3df6f1796,77a36fb719859e409e22ab053ca33f188304c108b9dbdeda5f1e85d2214adb01,,,sheet fully analysed
F019,BIS_QCO_Summary.xlsx,1,QCO_Summary,visible,35,7,Product / Standard (IS) | QCO Name / Identifier | Notification No. & Date | Ministry / Department | Scheme / Status | Key Scope / Exclusions / Amendments | Source / Document Link,35,7,,0,0,35,0,0,,0,0,,,product_standard_is:string;qco_name_identifier:string;notification_no_date:string;ministry_department:string;scheme_status:string;key_scope_exclusions_amendments:string;source_document_link:string,Notification No. & Date,,Product / Standard (IS),QCO Name / Identifier,,,QCO Name / Identifier;Key Scope / Exclusions / Amendments,52ed2cf0206733643739b13fa70645973a1bf6d40472964cde260b6a6a6f6749,f974f3c6481541d8577e41e7f0cce3ffc411f5f8344a1dd00a9dff57a3a667af,,,sheet fully analysed
F020,BIS_Recognized_Laboratories.xlsx,1,BIS_Recognized_Labs,visible,15,14,lab_id | lab_code | lab_name | address | city | state | district | contact_person | contact_number | email | recognition_status | validity | scope_URL | source_URL,15,14,,0,0,15,0,0,,0,0,,,lab_id:string;lab_code:mixed(int|string);lab_name:string;address:string;city:string;state:string;district:string;contact_person:string;contact_number:mixed(int|string);email:string;recognition_status:string;validity:string;scope_url:string;source_url:string,validity,scope_URL;source_URL,,,,lab_id;lab_code;lab_name,lab_name;address,1eb478204140a7ef8eaebdac87e2f991195da292bcc09ff90e7623c8a383162f,b215a2d420f034a7960a0747087306fa222ba134d4d7ef624efdec2ae6fbad9f,,,sheet fully analysed
F021,BIS_Scheme_IV_FMCS.xlsx,1,BIS_FMCS_Scheme_IV,visible,40,13,IS Number | Product | Scheme ID / Code | Scheme Name | Scheme Type | Certification Type | Mandatory / Voluntary | Scope | Requirements | Related QCO | Related Product Manual | Related SIT | Source URL,40,13,,0,0,40,0,0,,0,0,,,is_number:string;product:string;scheme_id_code:string;scheme_name:string;scheme_type:string;certification_type:string;mandatory_voluntary:string;scope:string;requirements:string;related_qco:string;related_product_manual:string;related_sit:string;source_url:url,,Source URL,IS Number,Related QCO,Scheme ID / Code;Scheme Name;Scheme Type;Certification Type,,Scope;Requirements;Related QCO,f927f90b584b97d21d0c78f652e050c34eb6bf7ae77f65c3ae2f6a5a87037d0a,99454492af4ad67c50f4de84e22e8ba51a80a0135665be135e2067c217aedeab,,,sheet fully analysed
F022,BIS_Scheme_X_Industrial.xlsx,1,BIS_Scheme_X,visible,5,14,IS Number | Product | Scheme ID | Scheme Name | Scheme Code | Scheme Type | Certification Type | Mandatory / Voluntary | Scope | Requirements | Related QCO | Related Product Manual | Related SIT | Source URL,5,14,,0,0,5,0,0,,0,0,,,is_number:string;product:string;scheme_id:string;scheme_name:string;scheme_code:string;scheme_type:string;certification_type:string;mandatory_voluntary:string;scope:string;requirements:string;related_qco:string;related_product_manual:string;related_sit:string;source_url:url,,Source URL,IS Number,Related QCO,Scheme ID;Scheme Name;Scheme Code;Scheme Type;Certification Type,,IS Number;Product;Scheme Name;Certification Type;Scope;Requirements;Related QCO;Related SIT,904f433dc4e0e8248f3a05b2ecaf00dcf121526fd587c7c7d80ea115f3f46386,77dfc9da99a9b829d897705d0021d959f08dd148c234a048dfc736d8c694f7f8,,,sheet fully analysed
F023,BIS_Scheme_X_Industrial_v2.xlsx,1,BIS_Scheme_X,visible,5,14,IS Number | Product | Scheme ID | Scheme Name | Scheme Code | Scheme Type | Certification Type | Mandatory / Voluntary | Scope | Requirements | Related QCO | Related Product Manual | Related SIT | Source URL,5,14,,0,0,5,0,0,,0,0,,,is_number:string;product:string;scheme_id:string;scheme_name:string;scheme_code:string;scheme_type:string;certification_type:string;mandatory_voluntary:string;scope:string;requirements:string;related_qco:string;related_product_manual:string;related_sit:string;source_url:url,,Source URL,IS Number,Related QCO,Scheme ID;Scheme Name;Scheme Code;Scheme Type;Certification Type,,IS Number;Product;Scheme Name;Certification Type;Scope;Requirements;Related QCO;Related SIT,904f433dc4e0e8248f3a05b2ecaf00dcf121526fd587c7c7d80ea115f3f46386,77dfc9da99a9b829d897705d0021d959f08dd148c234a048dfc736d8c694f7f8,,,sheet fully analysed
F024,BIS_Schemes_Master.xlsx,1,BIS_Schemes_Master,visible,40,14,scheme_id | scheme_name | scheme_code | scheme_type | certification_type | product | IS | mandatory/voluntary | scope | requirements | related_QCO | related_Product_Manual | related_SIT | source_URL,40,14,,0,0,40,0,0,,0,0,,,scheme_id:string;scheme_name:string;scheme_code:int;scheme_type:string;certification_type:string;product:string;is:string;mandatory_voluntary:string;scope:string;requirements:string;related_qco:string;related_product_manual:string;related_sit:string;source_url:string,,source_URL,IS,related_QCO,scheme_id;scheme_name;scheme_code;scheme_type;certification_type,,scope;requirements,fd2ce3e61e4e09d8601a9aaa125bc94612e0304b727c837f69565718bd617105,b7dc51e3cdeee3394287c9d838496a318e943c065ece49e540e933572ca3d33a,,,sheet fully analysed
F025,BIS_Schemes_Master_Scheme_2.xlsx,1,BIS_Schemes_Master_Scheme_2,visible,40,14,scheme_id | scheme_name | scheme_code | scheme_type | certification_type | product | IS | mandatory/voluntary | scope | requirements | related_QCO | related_Product_Manual | related_SIT | source_URL,40,14,,0,0,40,0,0,,0,0,,,scheme_id:string;scheme_name:string;scheme_code:int;scheme_type:string;certification_type:string;product:string;is:string;mandatory_voluntary:string;scope:string;requirements:string;related_qco:string;related_product_manual:string;related_sit:string;source_url:string,,source_URL,IS,related_QCO,scheme_id;scheme_name;scheme_code;scheme_type;certification_type,,scope;requirements,b99ff1609c52694f0f14fc6fa2f3713c41ac729b2215cd9f8d4da54e7d697837,05800f26fa7d914521142cb3dab8e6a523fac070b3f6bdf636749b12e17df181,,,sheet fully analysed
F026,BIS_Standards_Amendments.xlsx,1,BIS_Standards_Amendments,visible,42,12,amendment_id | parent_entity | original_version | amendment_number | amendment_date | new_version | effective_date | superseded_document | superseding_document | status | source_URL | document_URL,42,12,,0,0,42,0,0,,0,0,,,amendment_id:string;parent_entity:string;original_version:string;amendment_number:string;amendment_date:mixed(int|string);new_version:string;effective_date:string;superseded_document:string;superseding_document:string;status:string;source_url:string;document_url:string,amendment_date;effective_date,source_URL;document_URL,parent_entity;original_version;new_version,,,,,e982d80a5a694df79f3bd549fdf185093de025d524d4c30da0a8df0ed1f83135,4f0a51520c43071b2c22f2fe4bf58530fed8641ccf88c992a5a3ec73355b11d3,,,sheet fully analysed
F027,BIS_Standards_Details_v2 (1).xlsx,1,BIS Standards,visible,40,19,standard_id | IS number | title | year | part/section | revision | version | publication date | revision date | reaffirmation/review date | current status | superseded standard | superseding standard | technical committee | subcommittee | product/category | degree of equivalence | official URL | document URL,40,19,,0,59,40,0,0,,0,0,,,standard_id:string;is_number:string;title:string;year:int;part_section:string;revision:string;version:mixed(int|string);publication_date:date;revision_date:mixed(date|string);reaffirmation_review_date:mixed(date|string);current_status:string;superseded_standard:string;superseding_standard:empty;technical_committee:string;subcommittee:string;product_category:string;degree_of_equivalence:string;official_url:string;document_url:string,year;publication date;revision date;reaffirmation/review date,official URL;document URL,standard_id;IS number;superseded standard;superseding standard,,,,technical committee,1e6ee26990b563184b236f043ca208ba3f40dc753351225ed5194fe79c3d1601,24e6134ada48752762ca342779542e13708838f3cf638afa8e99b11416770196,,,sheet fully analysed
F028,BIS_Standards_Details_v2.xlsx,1,BIS Standards,visible,40,19,standard_id | IS number | title | year | part/section | revision | version | publication date | revision date | reaffirmation/review date | current status | superseded standard | superseding standard | technical committee | subcommittee | product/category | degree of equivalence | official URL | document URL,40,19,,0,59,40,0,0,,0,0,,,standard_id:string;is_number:string;title:string;year:int;part_section:string;revision:string;version:mixed(int|string);publication_date:date;revision_date:mixed(date|string);reaffirmation_review_date:mixed(date|string);current_status:string;superseded_standard:string;superseding_standard:empty;technical_committee:string;subcommittee:string;product_category:string;degree_of_equivalence:string;official_url:string;document_url:string,year;publication date;revision date;reaffirmation/review date,official URL;document URL,standard_id;IS number;superseded standard;superseding standard,,,,technical committee,1e6ee26990b563184b236f043ca208ba3f40dc753351225ed5194fe79c3d1601,24e6134ada48752762ca342779542e13708838f3cf638afa8e99b11416770196,,,sheet fully analysed
F029,BIS_Standards_Details_v3.xlsx,1,BIS Standards,visible,40,19,standard_id | IS number | title | year | part/section | revision | version | publication date | revision date | reaffirmation/review date | current status | superseded standard | superseding standard | technical committee | subcommittee | product/category | degree of equivalence | official URL | document URL,40,19,,0,59,40,0,0,,0,0,,,standard_id:string;is_number:string;title:string;year:int;part_section:string;revision:string;version:mixed(int|string);publication_date:date;revision_date:mixed(date|string);reaffirmation_review_date:mixed(date|string);current_status:string;superseded_standard:string;superseding_standard:empty;technical_committee:string;subcommittee:string;product_category:string;degree_of_equivalence:string;official_url:string;document_url:string,year;publication date;revision date;reaffirmation/review date,official URL;document URL,standard_id;IS number;superseded standard;superseding standard,,,,technical committee,6f1ef769524dc0883a1b13b2a85160de45bcd2d280fcc6c372314130ef94c3bc,77162aa7edc90ba407fb047c4dbae7dc6e4bd3235ade7040e3a70aa3543b71df,,,sheet fully analysed
F030,BIS_Standards_Intelligence_Master.xlsx,1,BIS_Standards_Intelligence,visible,45,23,IS_number | product | scheme | eligibility | application_procedure | required_documents | factory_requirements | infrastructure_requirements | process_controls | quality_control | testing | inspection | laboratory_testing | conformity_assessment | licence_or_CoC_grant | surveillance | renewal | scope_extension | retesting | fees | forms | timelines | source_URL,45,23,,0,0,45,0,0,,0,0,,,is_number:string;product:string;scheme:string;eligibility:string;application_procedure:string;required_documents:string;factory_requirements:string;infrastructure_requirements:string;process_controls:string;quality_control:string;testing:string;inspection:string;laboratory_testing:string;conformity_assessment:string;licence_or_coc_grant:string;surveillance:string;renewal:string;scope_extension:string;retesting:string;fees:string;forms:string;timelines:string;source_url:url,,source_URL,IS_number,,scheme,laboratory_testing,required_documents;factory_requirements;infrastructure_requirements;process_controls;testing;inspection;surveillance;forms;timelines,b8f4677c2ad2341e511b7e3df8c271463fa8109fc31c39156194079184745fdf,8ead8439174205a9c08fb06d3e13c173992b4047dbc7330347d02519e7d49222,,,sheet fully analysed
F031,BIS_Standards_Scheme_Mapping.xlsx,1,BIS_Standards_Scheme_Mapping,visible,36,23,IS Number | group | certification_scheme_to_store | eligibility | application_procedure | required_documents | factory_requirements | infrastructure_requirements | process_controls | quality_control | testing | inspection | laboratory_testing | conformity_assessment | licence_or_CoC_grant | surveillance | renewal | scope_extension | retesting | fees | forms | timeliness | source_URL,36,23,,0,0,36,0,0,,0,0,,,is_number:string;group:string;certification_scheme_to_store:string;eligibility:string;application_procedure:string;required_documents:string;factory_requirements:string;infrastructure_requirements:string;process_controls:string;quality_control:string;testing:string;inspection:string;laboratory_testing:string;conformity_assessment:string;licence_or_coc_grant:string;surveillance:string;renewal:string;scope_extension:string;retesting:string;fees:string;forms:string;timeliness:string;source_url:url,,source_URL,IS Number,,certification_scheme_to_store,laboratory_testing,eligibility;application_procedure;required_documents;factory_requirements;infrastructure_requirements;process_controls;quality_control;testing;inspection;laboratory_testing;licence_or_CoC_grant;surveillance;renewal;scope_extension;retesting;fees;forms;timeliness,ac0e6c9bd768e46bfdb281376ed979d353d5d1b9ad1149ff67c8c814277906aa,de3cf07a9912bde0f2d594c051c939b2e942de7f4b2f20bdda17d525e6668d98,,,sheet fully analysed
F032,BIS_Testing_Parameters_Master.xlsx,1,BIS_Testing_Parameters,visible,45,18,IS_number | product | test_name | test_parameter | test_method | test_method_standard | clause | sample_size | sampling_frequency | test_frequency | acceptance_criteria | required_equipment | laboratory_requirement | rejection_handling | remarks | source_document | source_page | source_URL,45,18,,23,0,45,0,0,,0,0,,,is_number:string;product:string;test_name:string;test_parameter:string;test_method:string;test_method_standard:string;clause:string;sample_size:string;sampling_frequency:string;test_frequency:string;acceptance_criteria:string;required_equipment:string;laboratory_requirement:string;rejection_handling:string;remarks:string;source_document:string;source_page:string;source_url:string,,source_URL,IS_number,,,laboratory_requirement,test_name,d9ea5048963739d7f6ffcae193d9279f9990bfb5f3287e6f8bf8b7be639f4046,323d2bd3e65308409a00a6f98475b6f25c21c8b48faf8859a24a55788d9fe9c9,,,sheet fully analysed
F033,bis_circulars (1).csv,1,bis_circulars (1),visible,160,11,circular_id | circular_number | title | issuing_authority | release_date | effective_date | subject | related_IS | implementation_instructions | document_URL | source_URL,160,10,circular_number,387,0,160,0,0,,0,0,,,circular_id:string;circular_number:empty;title:string;issuing_authority:string;release_date:date;effective_date:mixed(date|string);subject:string;related_is:string;implementation_instructions:string;document_url:url;source_url:url,release_date;effective_date,document_URL;source_URL,related_IS,,,,related_IS;implementation_instructions,09397238b32825c09cf2dab3e5d30a9db4aa62122788b932573fe2984a6ef22b,098fcae87819c7ac630bf976ddd97199d827843b25298793def4d93d1dc22d56,,,sheet fully analysed
F034,bis_gazette_notification.csv,1,bis_gazette_notification,visible,1798,4,id | related_IS | title | __unnamed_3,1796,4,,2348,0,936,862,0,,0,0,,,id:mixed(float|int|string);related_is:string;title:string;unnamed_3:string,,,related_IS,,,,__unnamed_3,c3e2e7c0e602ae8a470e350930cf8cf551a2f96f28198c5748cdf6fa5ba59597,12d9914f2fdaad1bede1ccb5351342b44ad52fda706a394665af5c3b5c304b9a,RAGGED_ROWS_WIDER_THAN_HEADER,,sheet fully analysed
F035,bis_laboratories.csv,1,bis_laboratories,visible,431,11,lab_id | lab_name | lab_type | address | city | state | pin | contact_details | accreditation_validity | tested_IS_numbers | source_URL,431,11,,416,69,431,0,0,,0,0,,,lab_id:int;lab_name:string;lab_type:string;address:mixed(date|string);city:string;state:string;pin:int;contact_details:string;accreditation_validity:string;tested_is_numbers:string;source_url:url,accreditation_validity,source_URL,tested_IS_numbers,,,lab_id;lab_name;lab_type,lab_name;address;contact_details;accreditation_validity;tested_IS_numbers,d12d07fbd70d41f2f844b2dee019e25af575613f3581b1ab35903dabe9e46921,809642d66a1326c5056d2aca1ab91940de264d27cf8574f26bf313bb793b6037,,,sheet fully analysed
F036,bis_product_certification_faq (1).csv,1,bis_product_certification_faq (1),visible,28,8,faq_id | question | answer | category | related_IS | related_product | related_scheme | source_URL,28,8,,0,0,28,0,0,,0,0,,,faq_id:string;question:string;answer:string;category:string;related_is:string;related_product:string;related_scheme:string;source_url:url,,source_URL,related_IS,,,,answer,eade9b5caf040af0d0e5e265d570303765f9244a5801bc91577dded43da8a65a,c598838ceb4c65cd5a86404f0bbddf3312e55e664256aeb89c27f66fff7ea4b0,,,sheet fully analysed
F037,bis_product_certifications.csv,1,bis_product_certifications,visible,71,9,scheme_id | scheme_name | guideline_title | applicability | application_procedure | fee_structure | inspection_testing_norm | document_URL | source_URL,71,9,,128,0,71,0,0,,0,0,,,scheme_id:string;scheme_name:string;guideline_title:string;applicability:string;application_procedure:string;fee_structure:string;inspection_testing_norm:string;document_url:url;source_url:url,,document_URL;source_URL,,,scheme_id;scheme_name,,applicability;application_procedure;fee_structure;inspection_testing_norm,92028e8abdbf6bb5466fef5eac3b6f5b41bcb0432ebe6fe6443ddf4be961f4b1,2b46e33fd43f04bc4d5b93d7a7277bb2509a775118e08162ef62c30969b85e87,,,sheet fully analysed
F038,bis_topic17_hallmarking_centres.csv,1,bis_topic17_hallmarking_centres,visible,1658,14,centre_id | centre_name | centre_code | address | city | district | state | pin | recognition_status | recognition_status_raw | validity | scope | services | source_URL,1658,14,,0,0,1658,0,0,,0,0,,,centre_id:string;centre_name:string;centre_code:string;address:mixed(date|string);city:string;district:mixed(int|string);state:string;pin:int;recognition_status:string;recognition_status_raw:string;validity:date;scope:string;services:string;source_url:url,validity,source_URL,,,,,address,bad4d93e7fc84a9f2c75f5bb259535fd9700df6993ac54f25af24a1630e235d0,1b6d61c598a39ad68fb95dd1183b063270ba0f78175b982196a7636bc89a325d,SINGLE_LINE_ESCAPED_CSV,"strip_outer_quotes+unescape(\"" ,\n)",sheet fully analysed
F039,bis_topic17_hallmarking_centres_cancelled_suspended.csv,1,bis_topic17_hallmarking_centres_cancelled_suspended,visible,722,17,centre_id | centre_name | centre_code | address | city | district | state | pin | recognition_status | recognition_status_raw | validity | suspended_cancelled_date | scope | services | region | centre_type | source_URL,722,17,,0,723,722,0,0,,0,0,,,centre_id:string;centre_name:string;centre_code:string;address:mixed(date|string);city:string;district:mixed(date|string);state:string;pin:int;recognition_status:string;recognition_status_raw:string;validity:string;suspended_cancelled_date:date;scope:empty;services:string;region:string;centre_type:string;source_url:url,validity;suspended_cancelled_date,source_URL,,,,,address,75e8fc7a41daeba5ad5ae723f352a100dd554be49f47a4e12154c97dc7e41b04,8f8bb45b2dc9263d63801e0005bd23d1346dee07d03306873129f7645d01ee0e,SINGLE_LINE_ESCAPED_CSV,"strip_outer_quotes+unescape(\"" ,\n)",sheet fully analysed
F040,data__raw__fmcs_all_fmcs_list_raw.csv,1,data__raw__fmcs_all_fmcs_list_raw,visible,3135,9,s_no | cml_no_raw | name_address_raw | validity_date_raw | standard_no_raw | status_raw | variety_brand_raw | source_URL | retrieved_at,3135,9,,0,0,3135,0,0,,0,0,,,s_no:int;cml_no_raw:int;name_address_raw:string;validity_date_raw:string;standard_no_raw:string;status_raw:string;variety_brand_raw:string;source_url:url;retrieved_at:date,validity_date_raw;retrieved_at,source_URL,standard_no_raw,,,,name_address_raw;variety_brand_raw,1569c812c4d3b64cf65a5f7aaec57c8c3ff79c6585756feb905e7dcbc5f13762,5632eee6b6e76ff8725ecc0e87130c5247c79a879b37a2729b149fd0155b8521,,,sheet fully analysed
F041,output__extraction_log.csv,1,output__extraction_log,visible,12,6,url | error_type | timestamp | retry_count | outcome | notes,12,6,,0,0,12,0,0,,0,0,,,url:string;error_type:string;timestamp:date;retry_count:int;outcome:string;notes:string,timestamp,url,,,,,notes,883b66db7b2a52f0cbbf6e9f097c7de4c1d4ea010619beff6b4cc48a0aef6e68,9d23b25df294185ea30f18068d8f0062fac8a962e0dc44d37355c3b92b495faf,,,sheet fully analysed
F042,output__fmcs_country_coverage.csv,1,output__fmcs_country_coverage,visible,74,3,country | manufacturer_count | licence_count,74,3,,0,0,74,0,0,,0,0,,,country:string;manufacturer_count:int;licence_count:int,,,,,,,,ef3380fbdd476b98d49f04a44e78c637102ef0c4e2c9cab78132a71843758080,4f05427bcf8b8f02ea70e9b407c56535f0ef4b657459cc8315bb6812f5d4cf16,,,sheet fully analysed
F043,output__fmcs_is_coverage.csv,1,output__fmcs_is_coverage,visible,423,3,IS_number | manufacturer_count | licence_count,423,3,,0,0,423,0,0,,0,0,,,is_number:string;manufacturer_count:int;licence_count:int,,,IS_number,,,,,d0f399ff5429e506f5fd0db21bdf0e336153b8d6563b598272990cb62d340974,abcc51c90e2b355ec0c1535148bf6b57b9569bc75c3c8e3fb0ce1f94e8962661,,,sheet fully analysed
F044,output__source_inventory.csv,1,output__source_inventory,visible,46,12,url | source_type | source_title | http_status | content_type | bytes | last_modified | sha256 | dedup_status | canonical_document_id | retrieved_at | notes,46,12,,0,88,46,0,0,,0,0,,,url:url;source_type:string;source_title:string;http_status:int;content_type:string;bytes:int;last_modified:string;sha256:string;dedup_status:string;canonical_document_id:string;retrieved_at:date;notes:string,retrieved_at,url,,,,,last_modified;notes,3e801a9d73c4a19ebd04faff69b9fff9c94c920976bad56d6f330286029af5b9,99cf2b0706470ca2e211d3218dc16fb99af16a3e5333ac80645901d3486931cb,,,sheet fully analysed
F045,output__topic18_fmcs_manufacturers.csv,1,output__topic18_fmcs_manufacturers,visible,3135,17,manufacturer_id | manufacturer | country | factory | IS_number | product | eligibility | machinery_requirements | testing_facilities | competent_personnel | AIR | application_requirements | fees | licence | licence_status | documents | source_URL,3135,17,,0,108,3135,0,0,,0,0,,,manufacturer_id:string;manufacturer:string;country:string;factory:mixed(date|string);is_number:string;product:string;eligibility:string;machinery_requirements:string;testing_facilities:string;competent_personnel:string;air:string;application_requirements:string;fees:string;licence:int;licence_status:string;documents:string;source_url:url,,source_URL,IS_number,,,testing_facilities,factory;product;eligibility;machinery_requirements;testing_facilities;competent_personnel;AIR;application_requirements;fees,af482d90e40a033dbfda9f617b00e7cd91df34db1e61681dc254be2b614cd598,bc979f529c3a0a0783ad5a147dfba52e1600881a5fde92d79a6dcc5a5d3c237c,,,sheet fully analysed
F046,output__topic19_official_documents.csv,1,output__topic19_official_documents,visible,22,17,document_id | document_title | document_type | IS_number | product | scheme | QCO | version | date | effective_date | source_URL | download_URL | local_file | SHA256 | page_count | access_status | license/access_restriction,22,17,,0,160,22,0,0,,0,0,,,document_id:string;document_title:string;document_type:string;is_number:empty;product:empty;scheme:string;qco:empty;version:empty;date:empty;effective_date:empty;source_url:url;download_url:url;local_file:empty;sha256:string;page_count:int;access_status:string;license_access_restriction:string,date;effective_date,source_URL;download_URL,IS_number,QCO,scheme,,scheme;license/access_restriction,eb08ea5aecbcc2561b36880de451219b69c9eba758a03cf5a59f781d7d3a4758,8e26addf1b37b04ce612a28df93f34aa1e568079cf5f90a49f2eb1883ff0f508,,,sheet fully analysed
F047,output__topic20_provenance.csv,1,output__topic20_provenance,visible,44154,19,record_id | entity_type | field_name | field_value | source_URL | source_title | source_type | document_id | document_title | page | section | clause | version | effective_date | document_hash | retrieval_timestamp | evidence_text | verification_status | confidence,44154,19,,0,274219,44154,0,0,,0,0,,,record_id:string;entity_type:string;field_name:string;field_value:mixed(int|string);source_url:url;source_title:string;source_type:string;document_id:string;document_title:string;page:empty;section:string;clause:string;version:string;effective_date:string;document_hash:string;retrieval_timestamp:date;evidence_text:string;verification_status:string;confidence:string,effective_date;retrieval_timestamp,source_URL,version,,,,field_value;effective_date;evidence_text,680c8d817c730d9b8cf77563ec852ad0288293e799a5c4d8ab79bc528ab30af2,25db76fcf1bffebd1899f4412a18f3121aa6ef843f4307895310bbd6fb9bb7f4,,,sheet fully analysed
F048,output__unresolved_records.csv,1,output__unresolved_records,visible,22,6,record_id | entity_type | field_name | reason | attempted_source_URL | resolution_needed,22,6,,0,3,22,0,0,,0,0,,,record_id:string;entity_type:string;field_name:string;reason:string;attempted_source_url:url;resolution_needed:string,,attempted_source_URL,,,,,reason;resolution_needed,eadd8177b008b5b18395dbf96a638cc76bd6c3606cef6969af4708185fb6b0d3,7589f5ee27c41168a86952c5d6586e38e59ad309dd60dd51f24a01484a0f0dde,,,sheet fully analysed
